# LogicTest: local fakedist

statement ok
CREATE TABLE tab (
  col1 INT PRIMARY KEY,
  col2 INT,
  col3 STRING
)

# Ordered aggregations when there are no rows.
query I
SELECT array_agg(col1 ORDER BY col2) FROM TAB
----
NULL

statement ok
INSERT INTO tab VALUES (-3, 7, 'a'), (-2, 6, 'a'), (-1, 5, 'a'), (0, 7, 'b'), (1, 5, 'b'), (2, 6, 'b')

query T colnames
SELECT array_agg(col1 ORDER BY col1) FROM tab
----
array_agg
{-3,-2,-1,0,1,2}

query T colnames
SELECT array_agg(col1 ORDER BY col2*100+col1) FROM tab
----
array_agg
{-1,1,-2,2,-3,0}

query T colnames
SELECT json_agg(col1 ORDER BY col1) FROM tab
----
json_agg
[-3, -2, -1, 0, 1, 2]

query T colnames
SELECT jsonb_agg(col1 ORDER BY col1) FROM tab
----
jsonb_agg
[-3, -2, -1, 0, 1, 2]

query T colnames
SELECT jsonb_agg(col1 ORDER BY col2, col1) FROM tab
----
jsonb_agg
[-1, 1, -2, 2, -3, 0]

query T colnames
SELECT concat_agg(col3 ORDER BY col1) FROM tab
----
concat_agg
aaabbb

query T colnames
SELECT concat_agg(col3 ORDER BY col1 DESC) FROM tab
----
concat_agg
bbbaaa

query T colnames
SELECT string_agg(col3, ', ' ORDER BY col3) FROM tab
----
string_agg
a, a, a, b, b, b

query T colnames
SELECT string_agg(col3, ', ' ORDER BY col3 DESC) FROM tab
----
string_agg
b, b, b, a, a, a

query TTT colnames
SELECT array_agg(col1 ORDER BY col1), array_agg(col1 ORDER BY col2, col1), array_agg(col1 ORDER BY col3, col1) FROM tab
----
array_agg         array_agg         array_agg
{-3,-2,-1,0,1,2}  {-1,1,-2,2,-3,0}  {-3,-2,-1,0,1,2}

query TTT colnames
SELECT array_agg(col1 ORDER BY col1), array_agg(col1 ORDER BY col2, col1), col3 FROM tab GROUP BY col3 ORDER BY col3
----
array_agg   array_agg   col3
{-3,-2,-1}  {-1,-2,-3}  a
{0,1,2}     {1,2,0}     b

query TTII colnames
SELECT array_agg(col1 ORDER BY col1), array_agg(col1 ORDER BY col2, col1), count(col3), count(*) FROM tab
----
array_agg         array_agg         count  count
{-3,-2,-1,0,1,2}  {-1,1,-2,2,-3,0}  6      6

query TT colnames
SELECT array_agg(col1 ORDER BY col1), array_agg(col1 ORDER BY col1) FILTER (WHERE col1 < 0) FROM tab
----
array_agg         array_agg
{-3,-2,-1,0,1,2}  {-3,-2,-1}

query TT colnames
SELECT array_agg(col1 ORDER BY col3, col1) FILTER (WHERE col1 < 0), array_agg(col1 ORDER BY col3, col1) FROM tab
----
array_agg   array_agg
{-3,-2,-1}  {-3,-2,-1,0,1,2}

query IT
SELECT count(1), concat_agg(col3 ORDER BY col1) from tab
----
6  aaabbb

# Testing pre-projections. Tests when the GroupBy clause has a projection.
query IIIT colnames
SELECT
    *
FROM
    (
        SELECT
            count(1) AS count_1,
            count(lower(col3)) AS count_lower,
            count(upper(col3)) AS count_upper,
            concat_agg(col3 ORDER BY col1) AS concat
        FROM
            tab
        GROUP BY
            upper(col3)
    )
ORDER BY
    concat
----
count_1  count_lower  count_upper  concat
3        3            3            aaa
3        3            3            bbb

# Tests for selecting any columns when grouping by the PK.
statement ok
CREATE TABLE ab (
  a INT PRIMARY KEY,
  b INT
)

statement ok
INSERT INTO ab VALUES (1,1), (2,1), (3,3), (4, 7)

query I rowsort
SELECT b FROM ab GROUP BY a
----
1
1
3
7

query II rowsort
SELECT a+b, count(*) FROM ab JOIN tab ON b=col2 GROUP BY a
----
11 2

query IIII rowsort
SELECT a, col1, b+col2, count(*) FROM ab JOIN tab ON b=col2 GROUP BY a, col1
----
4  -3  14  1
4  0   14  1

query IIII rowsort
SELECT a, b, count(*), count(col2) FROM ab LEFT JOIN tab ON b=col2 GROUP BY a
----
1  1  1  0
2  1  1  0
3  3  1  0
4  7  2  2

query III rowsort
SELECT a, b, count(*) FROM ab RIGHT JOIN tab ON b=col2 GROUP BY a
----
NULL  NULL  4
4     7     2
