# LogicTest: local local-opt local-parallel-stmts fakedist fakedist-opt fakedist-metadata

# A basic sanity check to demonstrate column type changes.
subtest SanityCheck

statement ok
CREATE TABLE t (s STRING, sl STRING(5), t TIME, ts TIMESTAMP)

statement ok
INSERT INTO t VALUES ('some string', 'short', TIME '20:16:27', '2018-05-23 20:16:27.658082')

# Not using TIMETZ until #26074 and #25224 are resolved.
statement ok
ALTER TABLE t ALTER s TYPE BYTES, ALTER sl TYPE STRING(6), ALTER ts TYPE TIMESTAMPTZ

query TTBTTT colnames
SHOW COLUMNS FROM t
----
column_name  data_type                 is_nullable  column_default  generation_expression  indices
s            BYTES                     true         NULL            ·                      {}
sl           STRING(6)                 true         NULL            ·                      {}
t            TIME                      true         NULL            ·                      {}
ts           TIMESTAMP WITH TIME ZONE  true         NULL            ·                      {}

query TTTT
SELECT * FROM t
----
some string  short  0000-01-01 20:16:27 +0000 UTC  2018-05-23 20:16:27.658082 +0000 +0000

statement ok
DROP TABLE t


# Demonstrate manual flow for non-trivial column change
subtest ManualGeneralChange

statement ok
CREATE TABLE t (a INT PRIMARY KEY, b STRING)

statement ok
CREATE INDEX idx ON t (b)

statement ok
INSERT INTO t VALUES (1, '01'), (2, '002'), (3, '0003')

query IT colnames
SELECT * from t ORDER BY b DESC
----
a  b
1  01
2  002
3  0003

statement ok
ALTER TABLE t ADD COLUMN i INT as (b::INT) STORED

statement ok
CREATE INDEX idx2 ON t (i)

statement ok
ALTER TABLE t ALTER COLUMN i DROP STORED, DROP COLUMN b CASCADE

query TT colnames
show create table t
----
table_name  create_statement
t           CREATE TABLE t (
            a INT NOT NULL,
            i INT NULL,
            CONSTRAINT "primary" PRIMARY KEY (a ASC),
            INDEX idx2 (i ASC),
            FAMILY "primary" (a, i)
)

statement ok
ALTER TABLE t RENAME COLUMN i TO b

statement ok
ALTER INDEX idx2 RENAME TO idx

query II colnames
SELECT * from t ORDER BY b DESC
----
a  b
3  3
2  2
1  1

statement ok
DROP TABLE t CASCADE


# Demonstrate that we can change to an alias of a type
subtest ChangeVisibleColumnType

statement ok
CREATE TABLE t (a INT)

query TTBTTT colnames
SHOW COLUMNS FROM t
----
column_name  data_type  is_nullable  column_default  generation_expression  indices
a            INT        true         NULL            ·                      {}

statement ok
ALTER TABLE t ALTER a TYPE INTEGER

query TTBTTT colnames
SHOW COLUMNS FROM t
----
column_name  data_type  is_nullable  column_default  generation_expression  indices
a            INTEGER    true         NULL            ·                      {}

statement ok
DROP TABLE t


# Verify error handling when a bad COLLATE is used
subtest BadStringLocale

statement ok
CREATE TABLE t (s STRING)

statement error pq: invalid locale bad_locale
ALTER TABLE t ALTER s TYPE STRING COLLATE bad_locale

statement ok
DROP TABLE t


# Verify error handling when a silly COLLATE is used
subtest BadCollateOnNotString

statement ok
CREATE TABLE t (i INT)

statement error pq: COLLATE can only be used with string types
ALTER TABLE t ALTER i TYPE INT COLLATE nope

statement ok
DROP TABLE t


# Verify that making a no-op change is ok
subtest NoOpColumnChange

statement ok
CREATE TABLE t (s STRING)

statement ok
ALTER TABLE t ALTER s TYPE STRING

statement ok
DROP TABLE t
