# Ensure ALTER COLUMN <col> SET GENERATED ALWAYS works

statement ok
CREATE TABLE t_seq1 (id SERIAL PRIMARY KEY, b int GENERATED BY DEFAULT AS IDENTITY);

statement ok
INSERT INTO t_seq1 (b) VALUES(33);

statement ok
ALTER TABLE t_seq1 ALTER COLUMN b SET GENERATED ALWAYS;

statement error pq: cannot insert into column "b"
INSERT INTO t_seq1 (b) VALUES(44);

statement ok
INSERT INTO t_seq1 DEFAULT VALUES;

query I
SELECT b from t_seq1 ORDER BY b;
----
1
33

query T
select identity_generation from information_schema.columns where table_name = 't_seq1' and column_name='b';
----
ALWAYS

# Ensure ALTER COLUMN <col> SET GENERATED BY DEFAULT works

statement ok
CREATE TABLE t_seq2 (id SERIAL PRIMARY KEY, b int GENERATED ALWAYS AS IDENTITY);

statement error pq: cannot insert into column "b"
INSERT INTO t_seq2 (b) VALUES(44);

statement ok
ALTER TABLE t_seq2 ALTER COLUMN b SET GENERATED BY DEFAULT;

statement ok
INSERT INTO t_seq2 (b) VALUES(44);

statement ok
INSERT INTO t_seq2 DEFAULT VALUES;

query I
SELECT b from t_seq2 ORDER BY b;
----
1
44

query T
select identity_generation from information_schema.columns where table_name = 't_seq2' and column_name='b';
----
BY DEFAULT

# Ensure ALTER COLUMN <col> SET GENERATED (ALWAYS/BY DEFAULT)
# errors if not an identity

statement ok
CREATE TABLE t_seq3 (id SERIAL PRIMARY KEY, b int);

statement error pq: column "b" of relation "t_seq3" is not an identity column
ALTER TABLE t_seq3 ALTER COLUMN b SET GENERATED ALWAYS;

statement error pq: column "b" of relation "t_seq3" is not an identity column
ALTER TABLE t_seq3 ALTER COLUMN b SET GENERATED BY DEFAULT;



# ensure limit tests
statement ok
CREATE TABLE t_seq5 (id SERIAL PRIMARY KEY, a int GENERATED ALWAYS AS IDENTITY, b int GENERATED ALWAYS AS IDENTITY, z int);

statement error pq: INCREMENT must not be zero
ALTER TABLE t_seq5 ALTER COLUMN b SET INCREMENT 0;

query error pq: START value \(11\) cannot be greater than MAXVALUE \(10\)
ALTER TABLE t_seq5 ALTER COLUMN b SET MAXVALUE 10, ALTER COLUMN b SET START WITH 11;

query error pq: START value \(5\) cannot be less than MINVALUE \(10\)
ALTER TABLE t_seq5 ALTER COLUMN b SET MINVALUE 10, ALTER COLUMN b SET START WITH 5;

statement ok
ALTER TABLE t_seq5 ALTER COLUMN b SET START WITH 3;

statement ok
ALTER TABLE t_seq5 ALTER COLUMN b SET INCREMENT 12;

statement ok
INSERT INTO t_seq5 DEFAULT VALUES;

statement ok
INSERT INTO t_seq5 DEFAULT VALUES;

query I
SELECT b from t_seq5 ORDER BY b;
----
12
24

query T
SELECT create_statement FROM [SHOW CREATE SEQUENCE t_seq5_b_seq];
----
CREATE SEQUENCE public.t_seq5_b_seq MINVALUE 1 MAXVALUE 9223372036854775807 INCREMENT 12 START 3

query TTTTTTT rowsort
select table_name, column_name, identity_start, identity_increment, identity_maximum, identity_minimum, identity_cycle from information_schema.columns where table_name = 't_seq5';
----
t_seq5  id  NULL  NULL  NULL                 NULL  NULL
t_seq5  a   1     1     9223372036854775807  1     NULL
t_seq5  b   3     12    9223372036854775807  1     NULL
t_seq5  z   NULL  NULL  NULL                 NULL  NULL
