# LogicTest: local local-opt local-parallel-stmts fakedist fakedist-opt

statement ok
CREATE TABLE kv (
  k INT PRIMARY KEY,
  v INT,
  UNIQUE INDEX foo (v),
  INDEX bar (k, v)
)

statement ok
CREATE TABLE unindexed (
  k INT PRIMARY KEY,
  v INT
)

statement count 4
INSERT INTO kv VALUES (1, 2), (3, 4), (5, 6), (7, 8)

statement count 4
INSERT INTO unindexed VALUES (1, 2), (3, 4), (5, 6), (7, 8)

query II rowsort
SELECT * FROM kv
----
1 2
3 4
5 6
7 8

statement ok
CREATE VIEW kview AS SELECT k,v FROM kv

query II rowsort
SELECT * FROM kview
----
1 2
3 4
5 6
7 8

statement error "kview" is not a table
DELETE FROM kview

query II rowsort
SELECT * FROM kview
----
1 2
3 4
5 6
7 8

statement count 2
DELETE FROM kv WHERE k=3 OR v=6

query II rowsort
SELECT * FROM kv
----
1 2
7 8

# delete a non-existent value.
statement count 0
DELETE FROM kv WHERE k=5

query II
DELETE FROM kv RETURNING k, v
----
1 2
7 8

query II
SELECT * FROM kv
----

statement error column "nonexistent" does not exist
DELETE FROM kv WHERE nonexistent = 1

statement count 2
DELETE FROM unindexed WHERE k=3 OR v=6

query II rowsort
SELECT * FROM unindexed
----
1 2
7 8

query II
DELETE FROM unindexed RETURNING k, v
----
1 2
7 8

query II
SELECT * FROM unindexed
----

statement count 4
INSERT INTO unindexed VALUES (1, 2), (3, 4), (5, 6), (7, 8)

query II colnames
DELETE FROM unindexed WHERE k=3 or v=6 RETURNING *
----
k v
3 4
5 6

query II colnames
DELETE FROM unindexed RETURNING unindexed.*
----
k v
1 2
7 8

statement count 4
INSERT INTO unindexed VALUES (1, 2), (3, 4), (5, 6), (7, 8)

query II colnames,rowsort
SELECT k, v FROM unindexed
----
k v
1 2
3 4
5 6
7 8

query II colnames,rowsort
SELECT k, v FROM unindexed
----
k v
1 2
3 4
5 6
7 8

statement count 4
DELETE FROM unindexed

query II colnames
SELECT k, v FROM unindexed
----
k v

statement ok
CREATE TABLE indexed (id int primary key, value int, other int, index (value))

statement count 0
DELETE FROM indexed WHERE value = 5

# Check DELETE with ORDER BY clause (MySQL extension)

statement ok
INSERT INTO unindexed VALUES (1, 9), (8, 2), (3, 7), (6, 4)

query II
DELETE FROM unindexed WHERE k > 1 AND v < 7 ORDER BY v DESC RETURNING v,k
----
4  6
2  8

query II
DELETE FROM unindexed ORDER BY v RETURNING k,v
----
3  7
1  9

# Check DELETE with LIMIT clause (MySQL extension)

statement count 4
INSERT INTO unindexed VALUES (1, 2), (3, 4), (5, 6), (7, 8)

query I
SELECT count(*) FROM [DELETE FROM unindexed LIMIT 2 RETURNING v]
----
2

query I
SELECT count(*) FROM [DELETE FROM unindexed LIMIT 1 RETURNING v]
----
1

query I
SELECT count(*) FROM [DELETE FROM unindexed LIMIT 5 RETURNING v]
----
1

subtest regression_29494

statement ok
CREATE TABLE t29494(x INT); BEGIN; ALTER TABLE t29494 ADD COLUMN y INT NOT NULL DEFAULT 123

# Check that the new column is not visible
query T
SELECT create_statement FROM [SHOW CREATE t29494]
----
CREATE TABLE t29494 (
   x INT8 NULL,
   FAMILY "primary" (x, rowid)
)

# Check that the new column is not usable in RETURNING
statement error column "y" does not exist
DELETE FROM t29494 RETURNING y
