# LogicTest: default parallel-stmts distsql distsql-disk

statement ok
CREATE TABLE xyz (
  x INT PRIMARY KEY,
  y INT,
  z INT,
  INDEX foo (z, y)
)

statement ok
INSERT INTO xyz VALUES
  (1, 2, 3),
  (2, 5, 6),
  (3, 2, 3),
  (4, 5, 6),
  (5, 2, 6),
  (6, 3, 5),
  (7, 2, 9)

query II rowsort
SELECT y, z FROM xyz
----
2 3
5 6
2 3
5 6
2 6
3 5
2 9

query II rowsort
SELECT DISTINCT y, z FROM xyz
----
2 3
5 6
2 6
3 5
2 9

query I rowsort
SELECT y FROM (SELECT DISTINCT y, z FROM xyz)
----
2
5
2
3
2

# TODO(vivek): Use the secondary index. Use distinct in index selection.
query TTT
EXPLAIN SELECT DISTINCT y, z FROM xyz
----
distinct        ·      ·
 └── render     ·      ·
      └── scan  ·      ·
·               table  xyz@primary
·               spans  ALL

query II partialsort(2)
SELECT DISTINCT y, z FROM xyz ORDER BY z
----
2 3
3 5
2 6
5 6
2 9

query TTT
EXPLAIN SELECT DISTINCT y, z FROM xyz ORDER BY z
----
distinct        ·          ·
 │              order key  y, z
 └── render     ·          ·
      └── scan  ·          ·
·               table      xyz@foo
·               spans      ALL

query II partialsort(1)
SELECT DISTINCT y, z FROM xyz ORDER BY y
----
2 3
2 6
2 9
3 5
5 6

query TTT
EXPLAIN SELECT DISTINCT y, z FROM xyz ORDER BY y
----
distinct             ·          ·
 │                   order key  y
 └── sort            ·          ·
      │              order      +y
      └── render     ·          ·
           └── scan  ·          ·
·                    table      xyz@foo
·                    spans      ALL

query II
SELECT DISTINCT y, z FROM xyz ORDER BY y, z
----
2 3
2 6
2 9
3 5
5 6

query TTT
EXPLAIN SELECT DISTINCT y, z FROM xyz ORDER BY y, z
----
distinct             ·          ·
 │                   order key  y, z
 └── sort            ·          ·
      │              order      +y,+z
      └── render     ·          ·
           └── scan  ·          ·
·                    table      xyz@foo
·                    spans      ALL

query I
SELECT DISTINCT y + z FROM xyz ORDER by (y + z)
----
5
8
11

query TTT
EXPLAIN SELECT DISTINCT y + z FROM xyz ORDER BY y + z
----
distinct             ·          ·
 │                   order key  y + z
 └── sort            ·          ·
      │              order      +"y + z"
      └── render     ·          ·
           └── scan  ·          ·
·                    table      xyz@primary
·                    spans      ALL

query I
SELECT DISTINCT y AS w FROM xyz ORDER by z
----
2
3
5

query TTT
EXPLAIN SELECT DISTINCT y AS w FROM xyz ORDER BY z
----
distinct             ·      ·
 └── nosort          ·      ·
      │              order  +z
      └── render     ·      ·
           └── scan  ·      ·
·                    table  xyz@foo
·                    spans  ALL

query I
SELECT DISTINCT y AS w FROM xyz ORDER by y
----
2
3
5

query TTT
EXPLAIN SELECT DISTINCT y AS w FROM xyz ORDER BY y
----
distinct             ·          ·
 │                   order key  w
 └── sort            ·          ·
      │              order      +w
      └── render     ·          ·
           └── scan  ·          ·
·                    table      xyz@foo
·                    spans      ALL

# Insert NULL values for z.
statement ok
INSERT INTO xyz (x, y) VALUES (8, 2), (9, 2)

query II rowsort
SELECT DISTINCT y,z FROM xyz
----
2 3
5 6
2 6
3 5
2 9
2 NULL

query T rowsort
SELECT DISTINCT (y,z) FROM xyz
----
(2,3)
(5,6)
(2,6)
(3,5)
(2,9)
(2,)

query I
SELECT COUNT(*) FROM (SELECT DISTINCT y FROM xyz)
----
3


query TITTTTT
EXPLAIN (METADATA) SELECT DISTINCT x FROM xyz
----
render     0  render  ·      ·            (x)                          x!=NULL; key(x)
 └── scan  1  scan    ·      ·            (x, y[omitted], z[omitted])  x!=NULL; key(x)
·          1  ·       table  xyz@primary  ·                            ·
·          1  ·       spans  ALL          ·                            ·

query TITTTTT
EXPLAIN (METADATA) SELECT DISTINCT x, y, z FROM xyz
----
scan  0  scan  ·      ·            (x, y, z)  x!=NULL; key(x)
·     0  ·     table  xyz@primary  ·          ·
·     0  ·     spans  ALL          ·          ·

statement ok
CREATE TABLE abcd (
  a INT,
  b INT,
  c INT,
  d INT NOT NULL,
  PRIMARY KEY (a, b, c),
  UNIQUE INDEX (d, b)
)

query TITTTTT
EXPLAIN (METADATA) SELECT DISTINCT 1, d, b FROM abcd ORDER BY d, b
----
render     0  render  ·      ·                  ("1", d, b)                     "1"=CONST; d!=NULL; b!=NULL; key(d,b); +d,+b
 └── scan  1  scan    ·      ·                  (a[omitted], b, c[omitted], d)  b!=NULL; d!=NULL; key(b,d); +d,+b
·          1  ·       table  abcd@abcd_d_b_key  ·                               ·
·          1  ·       spans  ALL                ·                               ·

query TITTTTT
EXPLAIN (METADATA) SELECT DISTINCT a, b FROM abcd
----
distinct        0  distinct  ·          ·             (a, b)                          a!=NULL; b!=NULL; key(a,b); +a,+b
 │              0  ·         order key  a, b          ·                               ·
 └── render     1  render    ·          ·             (a, b)                          a!=NULL; b!=NULL; +a,+b
      └── scan  2  scan      ·          ·             (a, b, c[omitted], d[omitted])  a!=NULL; b!=NULL; c!=NULL; key(a,b,c); +a,+b
·               2  ·         table      abcd@primary  ·                               ·
·               2  ·         spans      ALL           ·                               ·

query TITTTTT
EXPLAIN (METADATA) SELECT DISTINCT a, b, c FROM abcd
----
render     0  render  ·      ·             (a, b, c)              a!=NULL; b!=NULL; c!=NULL; key(a,b,c)
 └── scan  1  scan    ·      ·             (a, b, c, d[omitted])  a!=NULL; b!=NULL; c!=NULL; key(a,b,c)
·          1  ·       table  abcd@primary  ·                      ·
·          1  ·       spans  ALL           ·                      ·

query TITTTTT
EXPLAIN (METADATA) SELECT DISTINCT a, b, c, d FROM abcd
----
scan  0  scan  ·      ·             (a, b, c, d)  a!=NULL; b!=NULL; c!=NULL; key(a,b,c)
·     0  ·     table  abcd@primary  ·             ·
·     0  ·     spans  ALL           ·             ·

statement ok
CREATE TABLE kv (k INT PRIMARY KEY, v INT, UNIQUE INDEX idx(v))

statement ok
INSERT INTO kv VALUES (1, 1), (2, 2), (3, NULL), (4, NULL), (5, 5), (6, NULL)

query TITTTTT colnames
EXPLAIN (VERBOSE) SELECT DISTINCT v FROM kv
----
Tree            Level  Type      Field     Description       Columns          Ordering
distinct        0      distinct  ·         ·                 (v)              weak-key(v)
 └── render     1      render    ·         ·                 (v)              ·
      │         1      ·         render 0  test.public.kv.v  ·                ·
      └── scan  2      scan      ·         ·                 (k[omitted], v)  k!=NULL; key(k)
·               2      ·         table     kv@primary        ·                ·
·               2      ·         spans     ALL               ·                ·

query I rowsort
SELECT DISTINCT v FROM kv
----
NULL
1
2
5

# Verify we don't incorrectly elide the distinct node when we only have a weak key (#19343).
query TITTTTT colnames
EXPLAIN (VERBOSE) SELECT DISTINCT v FROM kv@idx
----
Tree            Level  Type      Field      Description       Columns          Ordering
distinct        0      distinct  ·          ·                 (v)              weak-key(v); +v
 │              0      ·         order key  v                 ·                ·
 └── render     1      render    ·          ·                 (v)              weak-key(v); +v
      │         1      ·         render 0   test.public.kv.v  ·                ·
      └── scan  2      scan      ·          ·                 (k[omitted], v)  weak-key(v); +v
·               2      ·         table      kv@idx            ·                ·
·               2      ·         spans      ALL               ·                ·

query I rowsort
SELECT DISTINCT v FROM kv@idx
----
NULL
1
2
5

# Here we can infer that v is not-NULL so eliding the node is correct.
query TITTTTT colnames
EXPLAIN (VERBOSE) SELECT DISTINCT v FROM kv@idx WHERE v > 0
----
Tree       Level  Type    Field     Description       Columns          Ordering
render     0      render  ·         ·                 (v)              v!=NULL; key(v)
 │         0      ·       render 0  test.public.kv.v  ·                ·
 └── scan  1      scan    ·         ·                 (k[omitted], v)  v!=NULL; key(v)
·          1      ·       table     kv@idx            ·                ·
·          1      ·       spans     /1-               ·                ·

query I rowsort
SELECT DISTINCT v FROM kv@idx WHERE v > 0
----
1
2
5

statement ok
CREATE TABLE kv2 (k INT PRIMARY KEY, v INT NOT NULL, UNIQUE INDEX idx(v))

# In this case it is correct to elide the distinct node.
query TITTTTT colnames
EXPLAIN (VERBOSE) SELECT DISTINCT v FROM kv2@idx
----
Tree       Level  Type    Field     Description        Columns          Ordering
render     0      render  ·         ·                  (v)              v!=NULL; key(v)
 │         0      ·       render 0  test.public.kv2.v  ·                ·
 └── scan  1      scan    ·         ·                  (k[omitted], v)  v!=NULL; key(v)
·          1      ·       table     kv2@idx            ·                ·
·          1      ·       spans     ALL                ·                ·
