statement ok
CREATE USER user1

query TTT colnames,rowsort
SHOW USERS
----
username  options  member_of
admin     ·        {}
root      ·        {admin}
testuser  ·        {}
user1     ·        {}

statement ok
DROP USER user1

query TTT colnames,rowsort
SHOW USERS
----
username  options  member_of
admin     ·        {}
root      ·        {admin}
testuser  ·        {}

statement ok
CREATE USER user1

query TTT colnames,rowsort
SHOW USERS
----
username  options  member_of
admin     ·        {}
root      ·        {admin}
testuser  ·        {}
user1     ·        {}

statement ok
DROP USER USEr1

query TTT colnames,rowsort
SHOW USERS
----
username  options  member_of
admin     ·        {}
root      ·        {admin}
testuser  ·        {}

statement error user "user1" does not exist
DROP USER user1

statement error user "user1" does not exist
DROP USER usER1

statement ok
DROP USER IF EXISTS user1

statement error pgcode 42939 role name "node" is reserved
DROP USER node

statement error pgcode 42939 role name "public" is reserved
DROP USER public

statement error pgcode 42939 role name "none" is reserved
DROP USER "none"

statement error pgcode 22023 cannot use special role specifier in DROP ROLE
DROP ROLE CURRENT_USER

statement error pgcode 22023 cannot use special role specifier in DROP ROLE
DROP ROLE user4, SESSION_USER

statement error pq: "foo☂": username is invalid
DROP USER foo☂

statement ok
CREATE USER user1

statement ok
CREATE USER user2

statement ok
CREATE USER user3

statement ok
CREATE USER user4

query TTT colnames,rowsort
SHOW USERS
----
username  options  member_of
admin     ·        {}
root      ·        {admin}
testuser  ·        {}
user1     ·        {}
user2     ·        {}
user3     ·        {}
user4     ·        {}

statement ok
DROP USER user1,user2

query TTT colnames,rowsort
SHOW USERS
----
username  options  member_of
admin     ·        {}
root      ·        {admin}
testuser  ·        {}
user3     ·        {}
user4     ·        {}

statement error user "user1" does not exist
DROP USER user1,user3

query TTT colnames,rowsort
SHOW USERS
----
username  options  member_of
admin     ·        {}
root      ·        {admin}
testuser  ·        {}
user3     ·        {}
user4     ·        {}

statement ok
CREATE USER user1

statement ok
CREATE TABLE foo(x INT);
GRANT SELECT ON foo TO user3;
GRANT CONNECT ON DATABASE test TO user1

statement error cannot drop roles/users user1, user3: grants still exist on test, test.public.foo
DROP USER IF EXISTS user1,user3

statement ok
REVOKE SELECT ON foo FROM user3;

statement error cannot drop roles/users user1, user3: grants still exist on test
DROP USER IF EXISTS user1,user3

statement ok
REVOKE CONNECT ON DATABASE test FROM user1;

statement ok
DROP USER IF EXISTS user1,user3

statement ok
PREPARE du AS DROP USER user4;
EXECUTE du

query TTT colnames,rowsort
SHOW USERS
----
username  options  member_of
admin     ·        {}
root      ·        {admin}
testuser  ·        {}

user testuser

statement error pq: user testuser does not have CREATEROLE privilege
DROP USER user2

user root

statement error pq: cannot drop role/user root: grants still exist on .*
DROP USER root

statement error pq: cannot drop role/user admin: grants still exist on .*
DROP USER admin

statement ok
CREATE USER user1

statement ok
INSERT INTO system.scheduled_jobs (schedule_name, owner, executor_type,execution_args) values('schedule', 'user1', 'invalid', '');

statement error pq: cannot drop role/user user1; it owns 1 scheduled jobs.
DROP USER user1

# Verify that schemas are fully qualified in the error message.
subtest same_schema_name

statement ok
CREATE ROLE schema_owner

statement ok
GRANT admin TO schema_owner

statement ok
SET ROLE schema_owner

statement ok
CREATE SCHEMA the_schema

statement ok
USE defaultdb

statement ok
CREATE SCHEMA the_schema

statement ok
RESET ROLE;
RESET DATABASE

statement error role schema_owner cannot be dropped because some objects depend on it\nowner of schema defaultdb.the_schema\nowner of schema test.the_schema
DROP ROLE schema_owner

subtest end

# Regression test for #150543. Ensure that DROP USER is blocked when role has
# default privileges. 
subtest default_privileges_dependency

statement ok
CREATE USER default_priv_user

# Create default privileges with REVOKE. Target routines and types initially. These undo
# the implicitly created default privileges for new roles.
statement ok
ALTER DEFAULT PRIVILEGES FOR ROLE default_priv_user REVOKE EXECUTE ON FUNCTIONS FROM public

statement ok
ALTER DEFAULT PRIVILEGES FOR ROLE default_priv_user REVOKE USAGE ON TYPES FROM public

# The next threes REVOKE's are essentially no-op since they don't change anything
# as nothing was implicitly granted for them.
statement ok
ALTER DEFAULT PRIVILEGES FOR ROLE default_priv_user REVOKE USAGE ON SEQUENCES FROM public

statement ok
ALTER DEFAULT PRIVILEGES FOR ROLE default_priv_user REVOKE ALL ON TABLES FROM public

statement ok
ALTER DEFAULT PRIVILEGES FOR ROLE default_priv_user REVOKE ALL ON SCHEMAS FROM public

statement error role default_priv_user cannot be dropped because some objects depend on it\nowner of default privileges that revokes privileges of routines from public in database test\nowner of default privileges that revokes privileges of types from public in database test\nHINT: USE test; ALTER DEFAULT PRIVILEGES FOR ROLE default_priv_user GRANT EXECUTE ON FUNCTIONS TO public;\nUSE test; ALTER DEFAULT PRIVILEGES FOR ROLE default_priv_user GRANT USAGE ON TYPES TO public;
DROP USER default_priv_user

# Test with GRANT case 
statement ok
CREATE USER default_priv_user2

statement ok
ALTER DEFAULT PRIVILEGES FOR ROLE default_priv_user2 GRANT ALL ON TABLES TO public

statement ok
ALTER DEFAULT PRIVILEGES FOR ROLE default_priv_user2 GRANT ALL ON SCHEMAS TO public

statement ok
ALTER DEFAULT PRIVILEGES FOR ROLE default_priv_user2 GRANT USAGE ON SEQUENCES TO public

statement error role default_priv_user2 cannot be dropped because some objects depend on it\nowner of default privileges on new relations belonging to role default_priv_user2 in database test\nowner of default privileges on new schemas belonging to role default_priv_user2 in database test\nowner of default privileges on new sequences belonging to role default_priv_user2 in database test\nHINT: USE test; ALTER DEFAULT PRIVILEGES FOR ROLE default_priv_user2 REVOKE ALL ON TABLES FROM public;\nUSE test; ALTER DEFAULT PRIVILEGES FOR ROLE default_priv_user2 REVOKE ALL ON SCHEMAS FROM public;\nUSE test; ALTER DEFAULT PRIVILEGES FOR ROLE default_priv_user2 REVOKE ALL ON SEQUENCES FROM public;
DROP USER default_priv_user2

# Clean up for successful drop
statement ok
ALTER DEFAULT PRIVILEGES FOR ROLE default_priv_user GRANT EXECUTE ON FUNCTIONS TO public

statement ok
ALTER DEFAULT PRIVILEGES FOR ROLE default_priv_user GRANT USAGE ON TYPES TO public

statement ok
ALTER DEFAULT PRIVILEGES FOR ROLE default_priv_user2 REVOKE ALL ON TABLES FROM public

statement ok
ALTER DEFAULT PRIVILEGES FOR ROLE default_priv_user2 REVOKE ALL ON SCHEMAS FROM public

statement ok
ALTER DEFAULT PRIVILEGES FOR ROLE default_priv_user2 REVOKE USAGE ON SEQUENCES FROM public

statement ok
DROP USER default_priv_user

statement ok
DROP USER default_priv_user2

# Ensure there are no invalid objects left around. This was how the issue was
# found prior to #150543.
query TTTT
SELECT database_name, schema_name, obj_name, error FROM crdb_internal.invalid_objects;
----

subtest end
