statement ok
CREATE TYPE t AS ENUM ()

statement error pq: relation "t" does not exist
SELECT * FROM t

statement error pq: type "test.public.t" already exists
CREATE TABLE t (x INT)

statement error pq: type "test.public.t" already exists
CREATE TYPE t AS ENUM ()

statement ok
CREATE TABLE torename (x INT)

statement error pq: type "test.public.t" already exists
ALTER TABLE torename RENAME TO t

statement ok
CREATE DATABASE db2;
CREATE TYPE db2.t AS ENUM ()

statement error pq: relation "db2.t" does not exist
SELECT * FROM db2.t

statement error pq: type "db2.public.t" already exists
CREATE TYPE db2.t AS ENUM ()

# Regression for #48537. Dropping a table with a type name caused a panic.
statement error pq: relation "t" does not exist
DROP TABLE t

statement error pq: enum definition contains duplicate value "dup"
CREATE TYPE bad AS ENUM ('dup', 'dup')

# Duplicates with different casing count as different.
statement ok
CREATE TYPE notbad AS ENUM ('dup', 'DUP')

# Test that we can create types that shadow builtin type names,
# but in different schemas.
statement ok
CREATE TYPE int AS ENUM ('Z', 'S of int')

statement error pq: could not parse "Z" as type int
SELECT 'Z'::int

query T
SELECT 'Z'::public.int
----
Z

statement ok
CREATE TYPE greeting AS ENUM ('hello', 'howdy', 'hi')

# Test that we can only reference greeting with the right qualification.
statement error pq: type "pg_catalog.greeting" does not exist
SELECT 'hello'::pg_catalog.greeting

query T
SELECT 'hello'::public.greeting
----
hello

# Test some expression evaluation on enums.
# These test should live in TestEval, but it is difficult to adjust the
# test to handle creation of user defined types.
query TTT
SELECT 'hello'::greeting, 'howdy'::greeting, 'hi'::greeting
----
hello howdy hi

# Test type annotations.
query TTT
SELECT 'hello':::greeting, 'howdy':::greeting, 'hi':::greeting
----
hello howdy hi

statement error pq: invalid input value for enum greeting: "goodbye"
SELECT 'goodbye'::greeting

query T
SELECT 'hello'::greeting::string
----
hello

query BBBBBBBBBBB
SELECT 'hello'::greeting < 'howdy'::greeting,
       'howdy'::greeting < 'hi',
       'hi' > 'hello'::greeting,
       'howdy'::greeting < 'hello'::greeting,
       'hi'::greeting <= 'hi',
       NULL < 'hello'::greeting,
       'hi'::greeting < NULL,
       'hello'::greeting = 'hello'::greeting,
       'hello' != 'hi'::greeting,
       'howdy'::greeting IS NOT DISTINCT FROM NULL,
       'hello'::greeting IN ('hi'::greeting, 'howdy'::greeting, 'hello'::greeting)
----
true true true false true NULL NULL true true false true

statement ok
CREATE TYPE farewell AS ENUM ('bye', 'seeya')

statement error pq: invalid comparison between different enum types: <greeting> = <farewell>
SELECT 'hello'::greeting = 'bye'::farewell

statement error pq: invalid comparison between different enum types: <greeting> < <farewell>
SELECT 'hello'::greeting < 'bye'::farewell

statement error pq: invalid comparison between different enum types: <greeting> <= <farewell>
SELECT 'hello'::greeting <= 'bye'::farewell

query T
SELECT 'hello'::greeting::greeting
----
hello

statement ok
CREATE TYPE greeting2 AS ENUM ('hello')

statement error pq: invalid cast: greeting -> greeting2
SELECT 'hello'::greeting::greeting2

# Ensure that we can perform a limited form of implicit casts for
# the case of ENUM binary operations with strings.
query BB
SELECT 'hello'::greeting != 'howdy', 'hi' > 'hello'::greeting
----
true true

# Check that the implicit cast gives an appropriate error message
# when firing but unable to complete the type check.
statement error pq: invalid input value for enum greeting: "notagreeting"
SELECT 'hello'::greeting = 'notagreeting'

# Tests for enum builtins.
statement ok
CREATE TYPE dbs AS ENUM ('postgres', 'mysql', 'spanner', 'cockroach')

query TT
SELECT enum_first('mysql'::dbs), enum_last('spanner'::dbs)
----
postgres cockroach

query T
SELECT enum_first(null::dbs)
----
postgres

query T rowsort
SELECT enum_first(val) FROM unnest(array_append(enum_range(null::dbs),null)) val
----
postgres
postgres
postgres
postgres
postgres

statement error input expression must always resolve to the same enum type
SELECT enum_first(null)

query T
SELECT enum_range('cockroach'::dbs)
----
{postgres,mysql,spanner,cockroach}

query TT
SELECT enum_range(NULL, 'mysql'::dbs), enum_range('spanner'::dbs, NULL)
----
{postgres,mysql} {spanner,cockroach}

query TT
SELECT enum_range('postgres'::dbs, 'spanner'::dbs), enum_range('spanner'::dbs, 'cockroach'::dbs)
----
{postgres,mysql,spanner} {spanner,cockroach}

query T
SELECT enum_range('cockroach'::dbs, 'cockroach'::dbs)
----
{cockroach}

query T
SELECT enum_range('cockroach'::dbs, 'spanner'::dbs)
----
{}

query error pq: enum_range\(\): both arguments cannot be NULL
SELECT enum_range(NULL::dbs, NULL::dbs)

query error pq: enum_range\(\): mismatched types
SELECT enum_range('cockroach'::dbs, 'hello'::greeting)

# Test inserting and reading enum data from tables.
statement ok
CREATE TABLE greeting_table (x1 greeting, x2 greeting)

statement error pq: invalid input value for enum greeting: "bye"
INSERT INTO greeting_table VALUES ('bye', 'hi')

statement ok
INSERT INTO greeting_table VALUES ('hi', 'hello')

query TT
SELECT * FROM greeting_table
----
hi hello

query TT
SELECT 'hello'::greeting, x1 FROM greeting_table
----
hello hi

query TB
SELECT x1, x1 < 'hello' FROM greeting_table
----
hi false

query TT
SELECT x1, enum_first(x1) FROM greeting_table
----
hi hello

statement ok
CREATE TABLE t1 (x greeting, INDEX i (x));
CREATE TABLE t2 (x greeting, INDEX i (x));
INSERT INTO t1 VALUES ('hello');
INSERT INTO t2 VALUES ('hello')

query TT
SELECT * FROM t1 INNER LOOKUP JOIN t2 ON t1.x = t2.x
----
hello hello

query TT
SELECT * FROM t1 INNER HASH JOIN t2 ON t1.x = t2.x
----
hello hello

query TT
SELECT * FROM t1 INNER MERGE JOIN t2 ON t1.x = t2.x
----
hello hello

statement ok
INSERT INTO t2 VALUES ('hello'), ('hello'), ('howdy'), ('hi')

query T rowsort
SELECT DISTINCT x FROM t2
----
hello
howdy
hi

query T
SELECT DISTINCT x FROM t2 ORDER BY x DESC
----
hi
howdy
hello

# Test out some subqueries.
query T rowsort
SELECT x FROM t2 WHERE x > (SELECT x FROM t1 ORDER BY x LIMIT 1)
----
hi
howdy

# Test ordinality.
query TI
SELECT * FROM t2 WITH ORDINALITY ORDER BY x
----
hello  1
hello  2
hello  3
howdy  4
hi     5

# Test ordering with and without limits.
statement ok
INSERT INTO t1 VALUES ('hi'), ('hello'), ('howdy'), ('howdy'), ('howdy'), ('hello')

query T
SELECT x FROM t1 ORDER BY x DESC
----
hi
howdy
howdy
howdy
hello
hello
hello

query T
SELECT x FROM t1 ORDER BY x ASC
----
hello
hello
hello
howdy
howdy
howdy
hi

query T
SELECT x FROM t1 ORDER BY x ASC LIMIT 3
----
hello
hello
hello

query T
SELECT x FROM t1 ORDER BY x DESC LIMIT 3
----
hi
howdy
howdy

# Test we can group on enums.
query T rowsort
(SELECT * FROM t1) UNION (SELECT * FROM t2)
----
hello
howdy
hi

statement ok
CREATE TABLE enum_agg (x greeting, y INT);
INSERT INTO enum_agg VALUES
  ('hello', 1),
  ('hello', 3),
  ('howdy', 5),
  ('howdy', 0),
  ('howdy', 1),
  ('hi', 10)

query TIRI rowsort
SELECT x, max(y), sum(y), min(y) FROM enum_agg GROUP BY x
----
hello 3 4 1
howdy 5 6 0
hi 10 10 10

# Test aggregations on ENUM columns.
query TT
SELECT max(x), min(x) FROM enum_agg
----
hi hello

# Test that enums without any members can still get an aggregate
# resolved when distributing a flow.
statement ok
CREATE TYPE empty AS ENUM ();
CREATE TABLE empty_enum (x empty)

query TT
SELECT max(x), min(x) FROM empty_enum
----
NULL NULL

# Regression to ensure that statistics jobs can be run on tables
# with user defined types.
statement ok
CREATE TABLE greeting_stats (x greeting PRIMARY KEY);
INSERT INTO greeting_stats VALUES ('hi');
CREATE STATISTICS s FROM greeting_stats

query T
SELECT x FROM greeting_stats
----
hi

# Test that we can cast from bytes to enum.
# Use a singleton enum so that the bytes encoding is simple.
statement ok
CREATE TYPE as_bytes AS ENUM ('bytes')

query TT
SELECT b'\x80'::as_bytes, b'\x80':::as_bytes
----
bytes bytes

query error pq: could not find \[255\] in enum "test.public.as_bytes" representation
SELECT b'\xFF'::as_bytes

# Regression for #49300. Ensure that virtual tables have access to hydrated
# type descriptors.
query TT
SHOW CREATE t1
----
t1  CREATE TABLE public.t1 (
      x public.greeting NULL,
      rowid INT8 NOT VISIBLE NOT NULL DEFAULT unique_rowid(),
      CONSTRAINT t1_pkey PRIMARY KEY (rowid ASC),
      INDEX i (x ASC)
    )

# SHOW CREATE uses a virtual index, so also check the code path where a
# descriptor scan is used.
query T
SELECT create_statement FROM crdb_internal.create_statements WHERE descriptor_name = 't1'
----
CREATE TABLE public.t1 (
   x public.greeting NULL,
   rowid INT8 NOT VISIBLE NOT NULL DEFAULT unique_rowid(),
   CONSTRAINT t1_pkey PRIMARY KEY (rowid ASC),
   INDEX i (x ASC)
)

# Test that the implicit array type has been created, and that we can use it.
query TT
SELECT ARRAY['hello']::_greeting, ARRAY['hello'::greeting]
----
{hello} {hello}

# Test that we can't mix enums in an array.
query error pq: expected 'cockroach'::public.dbs to be of type greeting, found type dbs
SELECT ARRAY['hello'::greeting, 'cockroach'::dbs]

statement ok
CREATE TABLE enum_array (x _greeting, y greeting[]);
INSERT INTO enum_array VALUES (ARRAY['hello'], ARRAY['hello']), (ARRAY['howdy'], ARRAY['howdy'])

query TT rowsort
SELECT * FROM enum_array
----
{hello} {hello}
{howdy} {howdy}

query TTT
SELECT pg_typeof(x), pg_typeof(x[1]), pg_typeof(ARRAY['hello']::_greeting) FROM enum_array LIMIT 1
----
greeting[]  greeting  greeting[]

# Ensure that the implicitly created array type will tolerate collisions.
# _collision will create __collision as its implicit array type, so the
# creation of collision will have to retry twice before it finds the open
# spot of ___collision for its implicit array type.
statement ok
CREATE TYPE _collision AS ENUM ();
CREATE TYPE collision AS ENUM ();

# _collision and __collision typelem and typarray should point back at each
# other, and vice versa for collision and ___collision.
query TOOO rowsort
SELECT
  typname, oid, typelem, typarray
FROM
  pg_type
WHERE
  typname IN ('collision', '_collision', '__collision', '___collision')
----
_collision    100136  0       100137
__collision   100137  100136  0
collision     100138  0       100139
___collision  100139  100138  0

# Regression for #49756.
query TT
SELECT
  column_name, column_type
FROM
  crdb_internal.table_columns
WHERE
  descriptor_name = 'enum_array' AND column_name = 'x'
----
x  family:ArrayFamily width:0 precision:0 locale:"" visible_type:0 oid:100118 array_contents:<family: EnumFamily width: 0 precision: 0 locale: "" visible_type: 0 oid: 100117 time_precision_is_set: false udt_metadata: <   array_type_oid: 100118 > > time_precision_is_set:false

# Test tables using enums in DEFAULT expressions.
statement ok
CREATE TABLE enum_default (
  x INT,
  y greeting DEFAULT 'hello',
  z BOOL DEFAULT ('hello':::greeting IS OF (greeting, greeting)),
  FAMILY (x, y, z)
);
INSERT INTO enum_default VALUES (1), (2)

query ITB rowsort
SELECT * FROM enum_default
----
1 hello true
2 hello true

query T
SELECT
  pg_get_expr(d.adbin, d.adrelid)
FROM
  pg_attribute AS a
  LEFT JOIN pg_attrdef AS d ON a.attrelid = d.adrelid AND a.attnum = d.adnum
  LEFT JOIN pg_type AS t ON a.atttypid = t.oid
  LEFT JOIN pg_collation AS c ON
    a.attcollation = c.oid AND a.attcollation != t.typcollation
WHERE
  a.attrelid = 'enum_default'::REGCLASS
  AND NOT a.attisdropped
  AND attname = 'y'
----
'hello'::public.greeting

# Test that enum default values are formatted in human readable ways.
query TT
SHOW CREATE enum_default
----
enum_default  CREATE TABLE public.enum_default (
                x INT8 NULL,
                y public.greeting NULL DEFAULT 'hello':::public.greeting,
                z BOOL NULL DEFAULT 'hello':::public.greeting IS OF (public.greeting, public.greeting),
                rowid INT8 NOT VISIBLE NOT NULL DEFAULT unique_rowid(),
                CONSTRAINT enum_default_pkey PRIMARY KEY (rowid ASC),
                FAMILY fam_0_x_y_z_rowid (x, y, z, rowid)
              )

# Test crdb_internal.table_columns.
query TT
SELECT
  column_name, default_expr
FROM
  crdb_internal.table_columns
WHERE
  descriptor_name='enum_default' AND (column_name = 'y' OR column_name = 'z')
ORDER BY
  column_name
----
y  'hello':::public.greeting
z  'hello':::public.greeting IS OF (public.greeting, public.greeting)

# Test information_schema.columns.
query TT
SELECT
  column_name, column_default
FROM
  information_schema.columns
WHERE
  table_name='enum_default' AND (column_name = 'y' OR column_name = 'z')
ORDER BY
  column_name
----
y  'hello'
z  'hello' IS OF (public.greeting, public.greeting)

# Test computed columns with enum values.
statement ok
CREATE TABLE enum_computed (
  x INT,
  y greeting AS ('hello') STORED,
  z BOOL AS (w = 'howdy') STORED,
  w greeting,
  FAMILY (x, y, z)
);
INSERT INTO enum_computed (x, w) VALUES (1, 'hello'), (2, 'hello')

query ITBT rowsort
SELECT * FROM enum_computed
----
1 hello false hello
2 hello false hello

query TT
SHOW CREATE enum_computed
----
enum_computed  CREATE TABLE public.enum_computed (
                 x INT8 NULL,
                 y public.greeting NULL AS ('hello':::public.greeting) STORED,
                 z BOOL NULL AS (w = 'howdy':::public.greeting) STORED,
                 w public.greeting NULL,
                 rowid INT8 NOT VISIBLE NOT NULL DEFAULT unique_rowid(),
                 CONSTRAINT enum_computed_pkey PRIMARY KEY (rowid ASC),
                 FAMILY fam_0_x_y_z_w_rowid (x, y, z, w, rowid)
               )

# Test information_schema.columns. generation_expression should not be
# formatted with type annotations.
query TT
SELECT
  column_name, generation_expression
FROM
  information_schema.columns
WHERE
  table_name='enum_computed' AND (column_name = 'y' OR column_name = 'z')
ORDER BY
  column_name
----
y  'hello'
z  w = 'howdy'

# Test check constraints with enum values.
statement ok
CREATE TABLE enum_checks (
  x greeting,
  CHECK (x = 'hello'::greeting),
  CHECK ('hello':::greeting = 'hello':::greeting)
);
INSERT INTO enum_checks VALUES ('hello')

query TT
SHOW CREATE enum_checks
----
enum_checks  CREATE TABLE public.enum_checks (
               x public.greeting NULL,
               rowid INT8 NOT VISIBLE NOT NULL DEFAULT unique_rowid(),
               CONSTRAINT enum_checks_pkey PRIMARY KEY (rowid ASC),
               CONSTRAINT check_x CHECK (x = 'hello':::public.greeting),
               CONSTRAINT "check" CHECK ('hello':::public.greeting = 'hello':::public.greeting)
             )

# Ensure that we can add check constraints to tables with enums.
statement ok
DROP TABLE enum_checks;

# Since the DROP and CREATE will be executed in a single statement, because of
# that we can end up with the declarative schema changer executed and legacy
# schema changers executed in a single statement. When this happens, certain
# features are not fully compatible the CREATE below can fail, since descriptors
# are only synthetically dropped in the new world. So, we intentionally, split
# this from the statement above.
statement ok
CREATE TABLE enum_checks (x greeting);
INSERT INTO enum_checks VALUES ('hi'), ('howdy');
ALTER TABLE enum_checks ADD CHECK (x > 'hello')

# Ensure that checks are validated on insert.
statement error pq: failed to satisfy CHECK constraint \(x > 'hello':::public.greeting\)
INSERT INTO enum_checks VALUES ('hello')

# Try adding a check that fails validation.
statement error pq: validation of CHECK "x = 'hello':::.*greeting" failed on row: x='(hi|howdy)', rowid=\d+
ALTER TABLE enum_checks ADD CHECK (x = 'hello')

# Check the above cases, but in a transaction.
statement ok
DROP TABLE enum_checks;

statement ok
BEGIN TRANSACTION ISOLATION LEVEL SERIALIZABLE;
SET LOCAL autocommit_before_ddl = false;
CREATE TABLE enum_checks (x greeting);
INSERT INTO enum_checks VALUES ('hi'), ('howdy');
ALTER TABLE enum_checks ADD CHECK (x > 'hello')

statement error pq: failed to satisfy CHECK constraint \(x > 'hello':::public.greeting\)
INSERT INTO enum_checks VALUES ('hello')

statement ok
ROLLBACK

statement ok
BEGIN TRANSACTION ISOLATION LEVEL SERIALIZABLE;
SET LOCAL autocommit_before_ddl = false;
CREATE TABLE enum_checks (x greeting);
INSERT INTO enum_checks VALUES ('hi'), ('howdy');

# Try adding a check that fails validation.
statement error pq: validation of CHECK "x = 'hello':::public.greeting" failed
ALTER TABLE enum_checks ADD CHECK (x = 'hello')

statement ok
ROLLBACK

# Test that cross database type references are disallowed.
statement ok
CREATE DATABASE other;
CREATE TYPE other.t AS ENUM ('other')

# We can still reference other databases types when creating objects
# within those databases.
statement ok
CREATE TABLE other.tt (x other.t)

# Referencing other databases in this database's objects will error.
statement error pq: cross database type references are not supported: other.public.t
CREATE TABLE cross_error (x other.t)

# Test that we can't hide cross database references in expressions.
statement error pq: cross database type references are not supported: other.public.t
CREATE TABLE cross_error (x BOOL DEFAULT ('other':::other.t = 'other':::other.t))

statement error pq: cross database type references are not supported: other.public.t
CREATE TABLE cross_error (x BOOL AS ('other':::other.t = 'other':::other.t) STORED)

statement error pq: cross database type references are not supported: other.public.t
CREATE TABLE cross_error (x INT, CHECK ('other':::other.t = 'other':::other.t))

# Test that we can't add columns or checks that use these either.
statement ok
CREATE TABLE cross_error (x INT)

statement error pq: cross database type references are not supported: other.public.t
ALTER TABLE cross_error ADD COLUMN y other.t

statement error pq: cross database type references are not supported: other.public.t
ALTER TABLE cross_error ADD COLUMN y BOOL DEFAULT ('other':::other.t = 'other':::other.t)

statement error pq: cross database type references are not supported: other.public.t
ALTER TABLE cross_error ADD COLUMN y BOOL AS ('other':::other.t = 'other':::other.t) STORED

statement error pq: cross database type references are not supported: other.public.t
ALTER TABLE cross_error ADD CHECK ('other':::other.t = 'other':::other.t)

subtest schema_changes

# Ensure that we can drop and create indexes on user defined type columns,
# as well as on other columns when the table has a user defined type column.
statement ok
CREATE TABLE sc (x greeting NOT NULL, y int NOT NULL);
INSERT INTO sc VALUES ('hello', 0), ('howdy', 1), ('hi', 2);

statement ok
CREATE INDEX i1 ON sc (x);
CREATE INDEX i2 ON sc (y);
CREATE INDEX i3 ON sc (x, y)

query T rowsort
SELECT x FROM sc@i1
----
hello
howdy
hi

query TI rowsort
SELECT x, y FROM sc@i3
----
hello 0
howdy 1
hi 2

statement ok
DROP INDEX sc@i1;
DROP INDEX sc@i2;
DROP INDEX sc@i3

# Test the above, but exercise the schema change in txn code path.
statement ok
DROP TABLE sc

statement ok
BEGIN TRANSACTION ISOLATION LEVEL SERIALIZABLE;
SET LOCAL autocommit_before_ddl = false;
CREATE TABLE sc (x greeting NOT NULL, y int NOT NULL);
INSERT INTO sc VALUES ('hello', 0), ('howdy', 1), ('hi', 2);
CREATE INDEX i1 ON sc (x);
CREATE INDEX i2 ON sc (y);
CREATE INDEX i3 ON sc (x, y)

query T rowsort
SELECT x FROM sc@i1
----
hello
howdy
hi

query TI rowsort
SELECT x, y FROM sc@i3
----
hello 0
howdy 1
hi 2

statement ok
DROP INDEX sc@i1;
DROP INDEX sc@i2;
DROP INDEX sc@i3;
COMMIT

# Ensure that we can create an index on a table and type created in
# the same transaction.
statement ok
BEGIN TRANSACTION ISOLATION LEVEL SERIALIZABLE;
SET LOCAL autocommit_before_ddl = false;
CREATE TYPE in_txn AS ENUM ('in', 'txn');
CREATE TABLE tbl_in_txn (x in_txn);
INSERT INTO tbl_in_txn VALUES ('txn');
CREATE INDEX i ON tbl_in_txn (x)

query T
SELECT * FROM tbl_in_txn@i
----
txn

statement ok
ROLLBACK

# Test primary key change to an ENUM column.
statement ok
CREATE TABLE enum_not_pk (x INT PRIMARY KEY, y greeting NOT NULL);
INSERT INTO enum_not_pk VALUES (1, 'howdy');
ALTER TABLE enum_not_pk ALTER PRIMARY KEY USING COLUMNS (y);
DROP TABLE enum_not_pk

# Test primary key change away from an ENUM column.
statement ok
CREATE TABLE enum_pk (x GREETING PRIMARY KEY, y INT NOT NULL);
INSERT INTO enum_pk VALUES ('howdy', 1);
ALTER TABLE enum_pk ALTER PRIMARY KEY USING COLUMNS (y);
DROP TABLE enum_pk

# Repeat the above tests, but in a transaction.
statement ok
BEGIN TRANSACTION ISOLATION LEVEL SERIALIZABLE;
SET LOCAL autocommit_before_ddl = false;
CREATE TABLE enum_not_pk (x INT PRIMARY KEY, y greeting NOT NULL);
INSERT INTO enum_not_pk VALUES (1, 'howdy');
ALTER TABLE enum_not_pk ALTER PRIMARY KEY USING COLUMNS (y);
ROLLBACK

statement ok
BEGIN TRANSACTION ISOLATION LEVEL SERIALIZABLE;
SET LOCAL autocommit_before_ddl = false;
CREATE TABLE enum_pk (x GREETING PRIMARY KEY, y INT NOT NULL);
INSERT INTO enum_pk VALUES ('howdy', 1);
ALTER TABLE enum_pk ALTER PRIMARY KEY USING COLUMNS (y);
ROLLBACK

# Test basic CTAS.
statement ok
CREATE TABLE enum_ctas_base (x greeting, y greeting, z _greeting);
INSERT INTO enum_ctas_base VALUES ('hi', 'howdy', ARRAY['hello']);
CREATE TABLE enum_ctas AS TABLE enum_ctas_base

query TTT
SELECT * from enum_ctas
----
hi howdy {hello}

statement ok
DROP TABLE enum_ctas

# Test basic CTAS in a transaction.
statement ok
BEGIN TRANSACTION ISOLATION LEVEL SERIALIZABLE;
SET LOCAL autocommit_before_ddl = false;
CREATE TABLE enum_ctas AS TABLE enum_ctas_base

query TTT
SELECT * from enum_ctas
----
hi howdy {hello}

statement ok
ROLLBACK

# Test CTAS with a SELECT query.
statement ok
CREATE TABLE enum_ctas AS (SELECT x, enum_first(y), z, enum_range(x) FROM enum_ctas_base)

query TTTT
SELECT * FROM enum_ctas
----
hi hello {hello} {hello,howdy,hi}

statement ok
DROP TABLE enum_ctas;

# Test CTAS with a SELECT query in a transaction.
statement ok
BEGIN TRANSACTION ISOLATION LEVEL SERIALIZABLE;
SET LOCAL autocommit_before_ddl = false;
CREATE TABLE enum_ctas AS (SELECT x, enum_first(y), z, enum_range(x) FROM enum_ctas_base)

query TTTT
SELECT * FROM enum_ctas
----
hi hello {hello} {hello,howdy,hi}

statement ok
ROLLBACK

# Test CTAS from a VALUES clause.
statement ok
CREATE TABLE enum_ctas AS VALUES ('howdy'::greeting, ('how' || 'dy')::greeting, 'cockroach'::dbs)

query TTT
SELECT * FROM enum_ctas
----
howdy howdy cockroach

statement ok
DROP TABLE enum_ctas;

# Test CTAS from a VALUES clause in a transaction.
statement ok
BEGIN TRANSACTION ISOLATION LEVEL SERIALIZABLE;
SET LOCAL autocommit_before_ddl = false;
CREATE TABLE enum_ctas AS VALUES ('howdy'::greeting, 'cockroach'::dbs)

query TT
SELECT * FROM enum_ctas
----
howdy cockroach

statement ok
ROLLBACK

# Tests for column additions with enum tables.
statement ok
CREATE TABLE column_add (x greeting);
INSERT INTO column_add VALUES ('hello')

# Test that we can backfill a column when an enum column is in the table.
statement ok
ALTER TABLE column_add ADD COLUMN y INT DEFAULT 1

query TI
SELECT * FROM column_add
----
hello 1

# Test that we can add an enum column with a default value.
statement ok
ALTER TABLE column_add ADD COLUMN z greeting DEFAULT 'howdy'

query TIT
SELECT * FROM column_add
----
hello 1 howdy

# Test that we can add an enum computed column.
statement ok
ALTER TABLE column_add ADD COLUMN w greeting AS ('hi') STORED

query TITT
SELECT * FROM column_add
----
hello 1 howdy hi

# Test that we can add a computed column that uses an enum.
statement ok
ALTER TABLE column_add ADD COLUMN v BOOL AS (z < 'hi' AND x >= 'hello') STORED

query TITTB
SELECT * FROM column_add
----
hello 1 howdy hi true

# Repeat the above process on a new table in a transaction to exercise
# the schema change in txn codepath.
statement ok
DROP TABLE column_add

statement ok
BEGIN TRANSACTION ISOLATION LEVEL SERIALIZABLE;
SET LOCAL autocommit_before_ddl = false;
CREATE TABLE column_add (x greeting);
INSERT INTO column_add VALUES ('hello');
ALTER TABLE column_add ADD COLUMN y INT DEFAULT 1;
ALTER TABLE column_add ADD COLUMN z greeting DEFAULT 'howdy';
ALTER TABLE column_add ADD COLUMN w greeting AS ('hi') STORED;
ALTER TABLE column_add ADD COLUMN v BOOL AS (z < 'hi' AND x >= 'hello') STORED

query TITTB
SELECT * FROM column_add
----
hello 1 howdy hi true

statement ok
COMMIT

# Lastly, ensure that we can create a column using a type created in the
# same transaction.
statement ok
BEGIN TRANSACTION ISOLATION LEVEL SERIALIZABLE;
SET LOCAL autocommit_before_ddl = false;
CREATE TYPE in_txn AS ENUM ('in', 'txn');
CREATE TABLE tbl_in_txn (x INT);
INSERT INTO tbl_in_txn VALUES (1);
ALTER TABLE tbl_in_txn ADD COLUMN y in_txn DEFAULT 'txn';

query IT
SELECT * FROM tbl_in_txn
----
1 txn

statement ok
ROLLBACK

# Test that we can add foreign keys using enum columns.
statement ok
CREATE TABLE enum_origin (x greeting PRIMARY KEY);
CREATE TABLE enum_referenced (x greeting PRIMARY KEY);
INSERT INTO enum_origin VALUES ('hello');
INSERT INTO enum_referenced VALUES ('hello');
ALTER TABLE enum_origin ADD FOREIGN KEY (x) REFERENCES enum_referenced (x)

# Try a foreign key insert that fails validation.
statement error pq: insert on table "enum_origin" violates foreign key constraint "enum_origin_x_fkey"
INSERT INTO enum_origin VALUES ('howdy')

statement ok
DROP TABLE enum_referenced, enum_origin;

# Try the above, but in a transaction.
statement ok
SET autocommit_before_ddl = false

statement ok
BEGIN TRANSACTION ISOLATION LEVEL SERIALIZABLE;
SET LOCAL autocommit_before_ddl = false;
CREATE TABLE enum_origin (x greeting PRIMARY KEY);
CREATE TABLE enum_referenced (x greeting PRIMARY KEY);
INSERT INTO enum_origin VALUES ('hello');
INSERT INTO enum_referenced VALUES ('hello');
ALTER TABLE enum_origin ADD FOREIGN KEY (x) REFERENCES enum_referenced (x)

statement error pq: insert on table "enum_origin" violates foreign key constraint "enum_origin_x_fkey"
INSERT INTO enum_origin VALUES ('howdy')

statement ok
ROLLBACK

statement ok
RESET autocommit_before_ddl

# Try adding a foreign key that fails validation when building.
# Foreign keys added in the same transaction as a new table are not validated,
# so we can't test the below case in a transaction as well.
statement ok
CREATE TABLE enum_origin (x greeting PRIMARY KEY);
CREATE TABLE enum_referenced (x greeting PRIMARY KEY);
INSERT INTO enum_origin VALUES ('hello');
INSERT INTO enum_referenced VALUES ('howdy')

statement error pq: foreign key violation: "enum_origin" row x='hello' has no match in "enum_referenced"
ALTER TABLE enum_origin ADD FOREIGN KEY (x) REFERENCES enum_referenced (x)

# Tests for ALTER COLUMN SET DATA TYPE.
onlyif config local-legacy-schema-changer local-mixed-24.3
statement ok
SET enable_experimental_alter_column_type_general = true;

statement ok
CREATE TABLE enum_data_type (x STRING, y INT);
INSERT INTO enum_data_type VALUES ('hello'), ('howdy');

# The legacy schema changed doesn't hydrate the type name in the message.
skipif config local-legacy-schema-changer
statement error pq: column "y" cannot be cast automatically to type public.greeting\nHINT: You might need to specify "USING y::public.greeting".
ALTER TABLE enum_data_type ALTER COLUMN y SET DATA TYPE greeting;

# This and all subsequent attempts to alter a column type that require a backfill
# are skipped in the legacy schema changer, as it does not support such operations.
skipif config local-legacy-schema-changer
statement error pq: invalid cast: int -> greeting
ALTER TABLE enum_data_type ALTER COLUMN y SET DATA TYPE greeting USING y::greeting;

# The legacy schema changed doesn't hydrate the type name in the message.
skipif config local-legacy-schema-changer
statement error pq: column "x" cannot be cast automatically to type public.greeting\nHINT: You might need to specify "USING x::public.greeting".
ALTER TABLE enum_data_type ALTER COLUMN x SET DATA TYPE greeting;

skipif config local-legacy-schema-changer
statement ok
ALTER TABLE enum_data_type ALTER COLUMN x SET DATA TYPE greeting USING x::greeting;

statement ok
INSERT INTO enum_data_type VALUES ('hi')

query T rowsort
SELECT x FROM enum_data_type
----
hello
howdy
hi

statement ok
DROP TABLE enum_data_type;

# Since the DROP and CREATE will be executed in a single statement, because of
# that we can end up with the declarative schema changer executed and legacy
# schema changers executed in a single statement. When this happens, certain
# features are not fully compatible the CREATE below can fail, since descriptors
# are only synthetically dropped in the new world. So, we intentionally, split
# this from the statement above.
statement ok
CREATE TABLE enum_data_type (x greeting);
INSERT INTO enum_data_type VALUES ('hello'), ('howdy')

# Enum to the same enum is a noop.
statement ok
ALTER TABLE enum_data_type ALTER COLUMN x SET DATA TYPE greeting

# Now, set it to string.
skipif config local-legacy-schema-changer
statement ok
ALTER TABLE enum_data_type ALTER COLUMN x SET DATA TYPE STRING

query T rowsort
SELECT * FROM enum_data_type
----
hello
howdy

# Convert an enum type into another with USING.
statement ok
DROP TABLE enum_data_type;

# Since the DROP and CREATE will be executed in a single statement, because of
# that we can end up with the declarative schema changer executed and legacy
# schema changers executed in a single statement. When this happens, certain
# features are not fully compatible the CREATE below can fail, since descriptors
# are only synthetically dropped in the new world. So, we intentionally, split
# this from the statement above.
statement ok
CREATE TABLE enum_data_type (x greeting);
INSERT INTO enum_data_type VALUES ('hello'), ('hi')

skipif config local-legacy-schema-changer
statement ok
ALTER TABLE enum_data_type ALTER COLUMN x SET DATA TYPE dbs USING
  (CASE WHEN x = 'hello' THEN 'cockroach' ELSE 'postgres' END)

skipif config local-legacy-schema-changer
query T rowsort
SELECT * FROM enum_data_type
----
cockroach
postgres

# Test when the conversion of string -> enum should fail.
statement ok
DROP TABLE enum_data_type;

# Since the DROP and CREATE will be executed in a single statement, because of
# that we can end up with the declarative schema changer executed and legacy
# schema changers executed in a single statement. When this happens, certain
# features are not fully compatible the CREATE below can fail, since descriptors
# are only synthetically dropped in the new world. So, we intentionally, split
# this from the statement above.
statement ok
CREATE TABLE enum_data_type (x STRING);
INSERT INTO enum_data_type VALUES ('notagreeting')

skipif config local-legacy-schema-changer
statement error pq: .*invalid input value for enum greeting: "notagreeting"
ALTER TABLE enum_data_type ALTER COLUMN x SET DATA TYPE greeting USING x::greeting

skipif config local-legacy-schema-changer
statement ok
ALTER TABLE enum_data_type
  ALTER COLUMN x SET DATA TYPE greeting USING (CASE WHEN x = 'notagreeting' THEN 'hello' ELSE 'hi' END)

skipif config local-legacy-schema-changer
query T
SELECT * FROM enum_data_type
----
hello

skipif config local-legacy-schema-changer
query T
SELECT to_json('hello'::greeting)
----
"hello"

# Regression for #51474.
statement ok
CREATE TABLE t51474 (x greeting);
INSERT INTO t51474 VALUES ('hello'), ('howdy')

query T rowsort
SELECT * FROM t51474 INTERSECT ALL SELECT * FROM t51474
----
hello
howdy

# Transactions which create or modify types must not distribute their
# plans to remote nodes.
statement ok
BEGIN TRANSACTION ISOLATION LEVEL SERIALIZABLE;
SET LOCAL autocommit_before_ddl = false;
CREATE TYPE local_type AS ENUM ('local');
CREATE TABLE local_table (x INT);
INSERT INTO local_table VALUES (1), (2)

query T
SELECT * FROM [EXPLAIN SELECT * FROM local_table] LIMIT 1
----
distribution: local

statement ok
ROLLBACK

statement ok
BEGIN TRANSACTION ISOLATION LEVEL SERIALIZABLE;
SET LOCAL autocommit_before_ddl = false;
ALTER TYPE greeting RENAME TO greeting_local;
CREATE TABLE local_table (x INT);
INSERT INTO local_table VALUES (1), (2)

query T
SELECT * FROM [EXPLAIN SELECT * FROM local_table] LIMIT 1
----
distribution: local

statement ok
ROLLBACK

# This test case ensures that DistSQL flows don't attempt to use the lease
# manager to access type data once the current transaction has already modified
# or created a type.
statement ok
BEGIN TRANSACTION ISOLATION LEVEL SERIALIZABLE;
SET LOCAL autocommit_before_ddl = false;
CREATE TYPE local_type AS ENUM ('local');
CREATE TABLE local_table (x local_type);
INSERT INTO local_table VALUES ('local')

query T
SELECT * FROM local_table
----
local

statement ok
ROLLBACK

query TTTT colnames
SELECT * FROM [SHOW ENUMS] ORDER BY name
----
schema  name        values                              owner
public  _collision  NULL                                root
public  as_bytes    {bytes}                             root
public  collision   NULL                                root
public  dbs         {postgres,mysql,spanner,cockroach}  root
public  empty       NULL                                root
public  farewell    {bye,seeya}                         root
public  greeting    {hello,howdy,hi}                    root
public  greeting2   {hello}                             root
public  int         {Z,"S of int"}                      root
public  notbad      {dup,DUP}                           root
public  t           NULL                                root

query TTT colnames,rowsort
SHOW TYPES
----
schema  name        owner
public  _collision  root
public  as_bytes    root
public  collision   root
public  dbs         root
public  empty       root
public  farewell    root
public  greeting    root
public  greeting2   root
public  int         root
public  notbad      root
public  t           root

statement ok
CREATE SCHEMA uds;
CREATE TYPE uds.typ AS ENUM ('schema')

query TTTT colnames
SELECT * FROM [SHOW ENUMS] ORDER BY name
----
schema  name        values                              owner
public  _collision  NULL                                root
public  as_bytes    {bytes}                             root
public  collision   NULL                                root
public  dbs         {postgres,mysql,spanner,cockroach}  root
public  empty       NULL                                root
public  farewell    {bye,seeya}                         root
public  greeting    {hello,howdy,hi}                    root
public  greeting2   {hello}                             root
public  int         {Z,"S of int"}                      root
public  notbad      {dup,DUP}                           root
public  t           NULL                                root
uds     typ         {schema}                            root

statement error pq: cannot create "fakedb.typ" because the target database or schema does not exist
CREATE TYPE fakedb.typ AS ENUM ('schema')

# Test the behavior of dropping a not-null enum colums

skip_on_retry

subtest drop_not_null

statement ok
CREATE TYPE enum_with_vals AS ENUM ('val', 'other_val');

statement ok
CREATE TABLE table_with_not_null_enum (i INT PRIMARY KEY, v enum_with_vals NOT NULL);

statement ok
BEGIN TRANSACTION ISOLATION LEVEL SERIALIZABLE;
SET LOCAL autocommit_before_ddl = false;

statement ok
ALTER TABLE table_with_not_null_enum DROP COLUMN v;

statement ok
INSERT INTO table_with_not_null_enum VALUES (1);

statement ok
COMMIT; DROP TABLE table_with_not_null_enum; DROP TYPE enum_with_vals;

statement ok
CREATE TYPE enum_with_no_vals AS ENUM ();

statement ok
CREATE TABLE table_with_not_null_enum_no_vals (i INT PRIMARY KEY, v enum_with_no_vals NOT NULL);

statement ok
BEGIN TRANSACTION ISOLATION LEVEL SERIALIZABLE;
SET LOCAL autocommit_before_ddl = false;

statement ok
ALTER TABLE table_with_not_null_enum_no_vals DROP COLUMN v;

statement error enum_with_no_vals has no values which can be used to satisfy the NOT NULL constraint while adding or dropping
INSERT INTO table_with_not_null_enum_no_vals VALUES (1);

statement ok
ROLLBACK; DROP TABLE table_with_not_null_enum_no_vals; DROP TYPE enum_with_no_vals;

# Regression test that hydrating descriptors does not happen on dropped
# descriptors. See #54343.

subtest dropped_database_with_enum

statement ok
CREATE DATABASE to_drop;
USE to_drop;
CREATE TYPE greeting AS ENUM ('hi');
CREATE TABLE t(a greeting);
USE defaultdb;

# Since the DROP and CREATE will be executed in a single statement, because of
# that we can end up with the declarative schema changer executed and legacy
# schema changers executed in a single statement. When this happens, certain
# features are not fully compatible the CREATE below can fail, since descriptors
# are only synthetically dropped in the new world. So, we intentionally, split
# this from the statement above. Note: This case can run into a hang when
# we mix the two.
statement ok
DROP DATABASE to_drop CASCADE;

# Before the bug-fix which introduced this test, this call would load all
# descriptors, including dropped ones, and hydrate them, causing a panic as
# the referenced type no longer exists.
statement ok
SELECT * FROM crdb_internal.tables

statement ok
create DATABASE test_57196;
CREATE SCHEMA test_57196.sc;
CREATE TYPE test_57196.public.greeting AS ENUM ('hi');
CREATE TYPE test_57196.sc.greeting AS ENUM('hello');

query TTTT colnames
SHOW ENUMS FROM test_57196.public
----
schema  name      values  owner
public  greeting  {hi}    root

query TTTT colnames
SHOW ENUMS FROM test_57196.sc
----
schema  name      values   owner
sc      greeting  {hello}  root

# In this context, test_57196 will be resolved to a database because of our
# legacy name resolution compat. In other words, this is analogous to test_57196.public
query TTTT colnames
SHOW ENUMS FROM test_57196
----
schema  name      values  owner
public  greeting  {hi}    root

statement ok
USE test_57196

query TTTT colnames,rowsort
SHOW ENUMS
----
schema  name      values   owner
public  greeting  {hi}     root
sc      greeting  {hello}  root

query TTTT colnames
SHOW ENUMS FROM public
----
schema  name      values  owner
public  greeting  {hi}    root

query TTTT colnames
SHOW ENUMS FROM sc
----
schema  name      values   owner
sc      greeting  {hello}  root

# Check that creating a type with IF NOT EXISTS succeeds.
subtest if_not_exists

statement ok
CREATE TYPE ifne AS ENUM ('hi')

statement error pq: type "test_57196.public.ifne" already exists
CREATE TYPE ifne AS ENUM ('hi')

statement ok
CREATE TYPE IF NOT EXISTS ifne AS ENUM ('hi')

statement ok
CREATE TABLE table_ifne (x INT)

# This doesn't fail because there *is* already type with this name, which is
# the implicit type with the same name as the table.
statement ok
CREATE TYPE IF NOT EXISTS table_ifne AS ENUM ('hi')


subtest enum_array_cast

statement ok
CREATE TYPE typ AS ENUM('a', 'b', 'c')

statement ok
CREATE TABLE arr_t (i STRING DEFAULT ('{a}'::_typ)[1]::STRING)

statement ok
INSERT INTO arr_t VALUES (default)

query T
SELECT * FROM arr_t
----
a

statement ok
CREATE TABLE arr_t2 (i typ DEFAULT ('{a, b, c}'::typ[])[2])

statement ok
INSERT INTO arr_t2 VALUES (default)

query T
SELECT * FROM arr_t2
----
b

statement ok
CREATE TABLE arr_t3 (i STRING DEFAULT ('{c}'::_typ:::_typ)[1]::STRING)

statement ok
INSERT INTO arr_t3 VALUES (default)

query T
SELECT * FROM arr_t3
----
c

statement ok
CREATE TABLE arr_t4 (i typ DEFAULT ARRAY['a'::typ][1], j typ DEFAULT ARRAY['a'::typ, 'b'::typ, 'c'::typ][2])

statement ok
INSERT INTO arr_t4 VALUES (default, default)

query TT
SELECT * from arr_t4
----
a  b

statement ok
CREATE TABLE arr_t5 (i typ[] default ARRAY['a'::typ, 'b'::typ])

statement ok
INSERT INTO arr_t5 VALUES (default)

query T
SELECT * from arr_t5
----
{a,b}


# Test that if an enum value is being used by a default expression
# or computed column, we disallow dropping it.
subtest drop_used_enum_values

statement ok
CREATE TYPE default_abc AS ENUM ('a', 'b', 'c')

statement ok
CREATE TYPE default_abc2 AS ENUM('a', 'b', 'c')

statement ok
CREATE TABLE t (k INT PRIMARY KEY, v default_abc DEFAULT 'a')

statement error pq: could not remove enum value "a" as it is being used in a default expresion of "t"
ALTER TYPE default_abc DROP VALUE 'a'

statement ok
ALTER TYPE default_abc2 DROP VALUE 'a'

statement ok
CREATE TABLE t2 (k INT PRIMARY KEY, v string DEFAULT 'b'::default_abc::string)

statement error pq: could not remove enum value "b" as it is being used in a default expresion of "t2"
ALTER TYPE default_abc DROP VALUE 'b'

statement ok
ALTER TYPE default_abc DROP VALUE 'c'

statement ok
CREATE TABLE t3 (
  x _default_abc2 DEFAULT ARRAY['b'::default_abc2],
  y string DEFAULT ARRAY['c':::default_abc2][1]::string)

statement error could not remove enum value "b" as it is being used in a default expresion of "t3"
ALTER TYPE default_abc2 DROP VALUE 'b'

statement error could not remove enum value "c" as it is being used in a default expresion of "t3"
ALTER TYPE default_abc2 DROP VALUE 'c'

statement ok
CREATE TYPE default_abc3 AS ENUM ('a', 'b', 'c')

statement ok
CREATE TABLE t4 (
  x default_abc3[] DEFAULT '{a}'::default_abc3[],
  y string DEFAULT '{b}'::_default_abc3::string,
  z default_abc3 DEFAULT ('{a, b, c}'::default_abc3[])[3])

statement error could not remove enum value "a" as it is being used in a default expresion of "t4"
ALTER TYPE default_abc3 DROP VALUE 'a'

statement error could not remove enum value "b" as it is being used in a default expresion of "t4"
ALTER TYPE default_abc3 DROP VALUE 'b'

statement error could not remove enum value "c" as it is being used in a default expresion of "t4"
ALTER TYPE default_abc3 DROP VALUE 'c'

statement ok
CREATE TYPE computed_abc AS ENUM ('a', 'b', 'c')

statement ok
CREATE TYPE computed_abc2 AS ENUM ('a', 'b', 'c')

statement ok
CREATE TABLE t5 (k INT PRIMARY KEY, y computed_abc AS ('a') STORED)

statement error pq: could not remove enum value "a" as it is being used in a computed column of "t5"
ALTER TYPE computed_abc DROP VALUE 'a'

statement ok
CREATE TABLE t6 (k INT PRIMARY KEY, y string AS ('b'::computed_abc::string) STORED)

statement error pq: could not remove enum value "b" as it is being used in a computed column of "t6"
ALTER TYPE computed_abc DROP VALUE 'b'

statement ok
ALTER TYPE computed_abc DROP VALUE 'c'

statement ok
CREATE TABLE t7 (x _computed_abc2 AS (ARRAY['a'::computed_abc2]) STORED, y computed_abc2[] AS (ARRAY['b':::computed_abc2]) STORED)

statement error could not remove enum value "a" as it is being used in a computed column of "t7"
ALTER TYPE computed_abc2 DROP VALUE 'a'

statement error could not remove enum value "b" as it is being used in a computed column of "t7"
ALTER TYPE computed_abc2 DROP VALUE 'b'


# Test that types used in arrays can be renamed.
subtest rename_type_in_array

statement ok
CREATE TYPE arr_typ AS ENUM ('a', 'b', 'c')

statement ok
CREATE TABLE arr_t6 (
  i arr_typ[] DEFAULT ARRAY['a'::arr_typ],
  j arr_typ DEFAULT ARRAY['b'::arr_typ][1],
  k _arr_typ DEFAULT ARRAY['c'::arr_typ]::_arr_typ,
  FAMILY (i, j, k))

statement ok
ALTER TYPE arr_typ RENAME TO arr_typ2

statement ok
INSERT INTO arr_t6 VALUES (default, default, default)

query TT
SHOW CREATE TABLE arr_t6
----
arr_t6  CREATE TABLE public.arr_t6 (
          i public.arr_typ2[] NULL DEFAULT ARRAY['a':::public.arr_typ2]:::public.arr_typ2[],
          j public.arr_typ2 NULL DEFAULT (ARRAY['b':::public.arr_typ2]:::public.arr_typ2[])[1:::INT8],
          k public.arr_typ2[] NULL DEFAULT ARRAY['c':::public.arr_typ2]:::public.arr_typ2[],
          rowid INT8 NOT VISIBLE NOT NULL DEFAULT unique_rowid(),
          CONSTRAINT arr_t6_pkey PRIMARY KEY (rowid ASC),
          FAMILY fam_0_i_j_k_rowid (i, j, k, rowid)
        )


subtest regression_63138

statement ok
CREATE TYPE typ2 AS ENUM ('a')

statement ok
CREATE TABLE tab (k typ2 PRIMARY KEY)

statement ok
CREATE INDEX foo ON tab(k) WHERE k = ANY (ARRAY['a', 'a']:::typ2[])

subtest regression_66576

let $oid
SELECT oid FROM pg_type WHERE typname = 'typ2'

query T
SELECT typname FROM pg_type WHERE oid = $oid
----
typ2

subtest drop_enum_value_index_predicate

statement ok
DROP TYPE IF EXISTS enum_for_predicate;
CREATE TYPE enum_for_predicate AS ENUM ('a', 'b');
CREATE TABLE uses_in_index_predicate (i INT PRIMARY KEY, t enum_for_predicate, INDEX (t) WHERE (t = 'a'))

statement error pgcode 2BP01 could not remove enum value "a" as it is being used in a predicate of index uses_in_index_predicate@uses_in_index_predicate_t_idx
ALTER TYPE enum_for_predicate DROP VALUE 'a'

subtest regression_71388

statement ok
CREATE TYPE enum_test AS ENUM ('a', 'b');

statement ok
CREATE TABLE enum_table (id SERIAL PRIMARY KEY, elem enum_test);

statement ok
INSERT INTO enum_table (elem) VALUES ('a'), ('b');

statement ok
CREATE TABLE enum_array_table (id SERIAL PRIMARY KEY, elems enum_test[]);

statement ok
INSERT INTO enum_array_table (elems) VALUES (array['a']), (array['b']), (array['a', 'b'])

query TB
SELECT
  elem,
  elem = 'a'
FROM enum_table
ORDER BY id
----
a  true
b  false

query TB
SELECT
  elems,
  elems = '{a}'
FROM enum_array_table
ORDER BY id
----
{a}    true
{b}    false
{a,b}  false

query TTBBBB
SELECT
  a.elems,
  b.elems,
  a.elems = b.elems,
  a.elems < b.elems,
  a.elems <= b.elems,
  a.elems IS NOT DISTINCT FROM b.elems
FROM enum_array_table a, enum_array_table b
ORDER BY a.id, b.id
----
{a}    {a}    true   false  true   true
{a}    {b}    false  true   true   false
{a}    {a,b}  false  true   true   false
{b}    {a}    false  false  false  false
{b}    {b}    true   false  true   true
{b}    {a,b}  false  false  false  false
{a,b}  {a}    false  false  false  false
{a,b}  {b}    false  true   true   false
{a,b}  {a,b}  true   false  true   true

query B
SELECT '{a,b}'::enum_test[] = '{a,b}'
----
true

statement ok
DROP TABLE enum_table

# Make sure that adding a new enum value works well with PREPARE/EXECUTE.
subtest regression_70378

statement ok
CREATE TYPE enum_70378 AS ENUM ('a', 'b');
CREATE TABLE enum_table (a enum_70378);
PREPARE q AS INSERT INTO enum_table VALUES($1);
EXECUTE q('a')

query T
SELECT * FROM enum_table
----
a

statement ok
ALTER TYPE enum_70378 ADD VALUE 'c';

statement ok
EXECUTE q('c')

query T rowsort
SELECT * FROM enum_table
----
a
c

# Regression test for not hydrating an enum when it is used in a tuple.
statement ok
DROP TYPE IF EXISTS greeting;

statement ok
CREATE TYPE greeting AS ENUM ('hello', 'howdy', 'hi');

statement ok
CREATE TABLE seed AS SELECT g::INT8 AS _int8 FROM generate_series(1, 5) AS g;

statement ok
WITH
  cte1 (col1)
    AS (
      SELECT * FROM (VALUES (COALESCE((NULL, 'hello':::greeting), (1, 'howdy':::greeting))), ((2, 'hi':::greeting)))
    ),
  cte2 (col2) AS (SELECT _int8 FROM seed)
SELECT
  col1, col2
FROM
  cte1, cte2;

# Regression test for incorrectly serializing NULL expression type annotation in
# a enum tuple.
# Skipped on tenants because of SPLIT AT and SCATTER usage.
skipif config 3node-tenant-default-configs
statement ok
CREATE TYPE greeting58889 AS ENUM ('hello', 'howdy', 'hi', 'good day', 'morning');
CREATE TABLE t58889 AS SELECT enum_range('hello'::greeting58889)[g] as _enum FROM generate_series(1, 5) as g;
ALTER TABLE t58889 SPLIT AT SELECT i FROM generate_series(1, 5) as g(i);
ALTER TABLE t58889 SCATTER;

skipif config 3node-tenant-default-configs
query T
SELECT _enum FROM t58889 WHERE _enum::greeting58889 IN (NULL, 'hi':::greeting58889);
----
hi

subtest cast_from_enum_to_bytes

statement ok
CREATE TYPE myenum AS ENUM ('foo', 'bar');

statement error invalid cast: myenum -> bytes
SELECT 'foo'::myenum::bytes;

statement error invalid cast: myenum -> bytes
SELECT 'foo'::myenum::bytea;

statement error invalid cast: myenum -> bytes
SELECT 'foo'::myenum::blob;

subtest correct_type_hydration_in_table

statement ok
CREATE TABLE tab2 (k greeting)

statement ok
INSERT INTO tab2 VALUES ('hello')

statement ok
BEGIN TRANSACTION ISOLATION LEVEL SERIALIZABLE;
SET LOCAL autocommit_before_ddl = false;

statement ok
ALTER TABLE tab2 ADD COLUMN j INT

statement ok
ALTER TYPE greeting ADD VALUE 'salud' AFTER 'hello'

# The insert should fail but with awareness that 'salud' is an enum type.
statement error pq: cannot use enum value \"salud\": enum value is not yet public
INSERT INTO tab2 VALUES ('salud')

statement ok
ROLLBACK

# This is a regression test for mixed case type references.
subtest mixed_case_type_names

statement ok
DROP TABLE IF EXISTS t CASCADE;
CREATE TABLE t (i INT PRIMARY KEY);
CREATE TYPE "MixedCase" AS ENUM ('mixed', 'Case');
CREATE TYPE "Emoji üòâ" AS ENUM ('üòä', 'üòî');

statement ok
ALTER TABLE t ADD COLUMN "MixedCase Column" "MixedCase" DEFAULT ('mixed');

statement ok
ALTER TABLE t ADD COLUMN "üôè" "Emoji üòâ" DEFAULT ('üòä'::"Emoji üòâ") ON UPDATE ('üòî':::"Emoji üòâ");

statement ok
DROP TABLE t CASCADE;

statement ok
CREATE TABLE t ("üôè" "Emoji üòâ" DEFAULT ('üòä'::"Emoji üòâ") ON UPDATE ('üòî':::"Emoji üòâ"));

statement ok
CREATE FUNCTION "üôè"("üôè" "Emoji üòâ") RETURNS "MixedCase" LANGUAGE SQL AS $$
   SELECT 'mixed'::"MixedCase" WHERE "üôè" IS NULL
$$;

query TT
SELECT "üôè"('üòä'), "üôè"(NULL:::"Emoji üòâ")
----
NULL  mixed

statement ok
CREATE DATABASE "DB‚ûï‚ûï";
USE "DB‚ûï‚ûï"

statement ok
CREATE SCHEMA "‚ûñ‚ûñ"


statement ok
CREATE TABLE t (i INT PRIMARY KEY);
CREATE TYPE "‚ûñ‚ûñ"."MixedCase" AS ENUM ('mixed', 'Case');
CREATE TYPE "Emoji üòâ" AS ENUM ('üòä', 'üòî');

statement ok
ALTER TABLE t ADD COLUMN "MixedCase Column" "‚ûñ‚ûñ"."MixedCase" DEFAULT ('mixed');

statement ok
ALTER TABLE t ADD COLUMN "üôè" "DB‚ûï‚ûï".public."Emoji üòâ" DEFAULT ('üòä'::"DB‚ûï‚ûï".public."Emoji üòâ") ON UPDATE ('üòî':::public."Emoji üòâ");

query T
SELECT create_statement FROM [SHOW CREATE TABLE t]
----
CREATE TABLE public.t (
  i INT8 NOT NULL,
  "MixedCase Column" ‚ûñ‚ûñ."MixedCase" NULL DEFAULT 'mixed':::‚ûñ‚ûñ."MixedCase",
  üôè public."Emoji üòâ" NULL DEFAULT e'\U0001F60A':::public."Emoji üòâ" ON UPDATE e'\U0001F614':::public."Emoji üòâ",
  CONSTRAINT t_pkey PRIMARY KEY (i ASC)
)


# Ensure that there's a database qualification on the enum type in
# SHOW CREATE TABLE.
subtest show_create_table_udf_qualification

statement ok
CREATE DATABASE db1;
CREATE TYPE db1.mytype AS ENUM ('foo');
CREATE TABLE db1.t (m db1.mytype)

query T
SELECT create_statement FROM [SHOW CREATE TABLE db1.public.t]
----
CREATE TABLE public.t (
  m public.mytype NULL,
  rowid INT8 NOT VISIBLE NOT NULL DEFAULT unique_rowid(),
  CONSTRAINT t_pkey PRIMARY KEY (rowid ASC)
)
