# LogicTest: default distsql

statement ok
CREATE TABLE t (
  k INT PRIMARY KEY,
  v INT
)

query ITTT
EXPLAIN INSERT INTO t VALUES (1, 2)
----
0  insert  ·     ·
0  ·       into  t(k, v)
1  values  ·     ·
1  ·       size  2 columns, 1 row

query I
SELECT MAX("Level") FROM [EXPLAIN INSERT INTO t VALUES (1, 2)]
----
1

statement ok
INSERT INTO t VALUES (1, 2)

query ITTT
EXPLAIN SELECT * FROM t
----
0  scan  ·      ·
0  ·     table  t@primary
0  ·     spans  ALL

query ITTTTT
EXPLAIN (METADATA) SELECT * FROM t
----
0  scan  ·      ·          (k, v)  k!=NULL; key(k)
0  ·     table  t@primary  ·       ·
0  ·     spans  ALL        ·       ·

query ITTT
EXPLAIN SELECT * FROM t WHERE k = 1 OR k = 3
----
0  scan  ·      ·
0  ·     table  t@primary
0  ·     spans  /1-/2 /3-/4

query ITTTTT
EXPLAIN (VERBOSE) SELECT * FROM t WHERE k % 2 = 0
----
0  scan  ·       ·            (k, v)  k!=NULL; key(k)
0  ·     table   t@primary    ·       ·
0  ·     spans   ALL          ·       ·
0  ·     filter  (k % 2) = 0  ·       ·

query ITTT
EXPLAIN VALUES (1, 2, 3), (4, 5, 6)
----
0  values  ·     ·
0  ·       size  3 columns, 2 rows

query ITTT
EXPLAIN VALUES (1)
----
0  values  ·     ·
0  ·       size  1 column, 1 row

query ITTT
EXPLAIN (EXPRS) SELECT * FROM t WITH ORDINALITY LIMIT 1 OFFSET 1
----
0  limit       ·       ·
0  ·           count   1
0  ·           offset  1
1  ordinality  ·       ·
2  scan        ·       ·
2  ·           table   t@primary
2  ·           spans   ALL
2  ·           limit   2

query ITTT
EXPLAIN SELECT DISTINCT v FROM t
----
0  distinct  ·      ·
1  render    ·      ·
2  scan      ·      ·
2  ·         table  t@primary
2  ·         spans  ALL

query ITTT
EXPLAIN (EXPRS) SELECT DISTINCT v FROM t LIMIT 1 OFFSET 1
----
0  limit     ·         ·
0  ·         count     1
0  ·         offset    1
1  distinct  ·         ·
2  render    ·         ·
2  ·         render 0  v
3  scan      ·         ·
3  ·         table     t@primary
3  ·         spans     ALL

# Ensure EXPLAIN EXECUTE works properly

statement ok
PREPARE x AS SELECT DISTINCT v from t LIMIT $1

query ITTT
EXPLAIN (EXPRS) EXECUTE x(3)
----
0  limit     ·         ·
0  ·         count     3
1  distinct  ·         ·
2  render    ·         ·
2  ·         render 0  v
3  scan      ·         ·
3  ·         table     t@primary
3  ·         spans     ALL

statement ok
CREATE TABLE tc (a INT, b INT, INDEX c(a))

query ITTTTT
EXPLAIN (METADATA) SELECT * FROM tc WHERE a = 10 ORDER BY b
----
0  sort        ·      ·           (a, b)                                   a=CONST; +b
0  ·           order  +b          ·                                        ·
1  render      ·      ·           (a, b)                                   a=CONST
2  index-join  ·      ·           (a, b, rowid[hidden,omitted])            a=CONST; rowid!=NULL; key(rowid)
3  scan        ·      ·           (a[omitted], b[omitted], rowid[hidden])  a=CONST; rowid!=NULL; key(rowid)
3  ·           table  tc@c        ·                                        ·
3  ·           spans  /10-/11     ·                                        ·
3  scan        ·      ·           (a, b, rowid[hidden,omitted])            ·
3  ·           table  tc@primary  ·                                        ·
