# -0 and 0 should not be possible in a unique index.

statement ok
CREATE TABLE p (f float null, unique index (f))

statement ok
INSERT INTO p VALUES (NULL), ('NaN'::float), ('Inf'::float), ('-Inf'::float), ('0'::float), (1), (-1)

# -0 and 0 should both equate to zero with or without an index.

statement error duplicate key value
INSERT INTO p VALUES ('-0'::float)

query R
SELECT * FROM p WHERE f = 'NaN'
----
NaN

query RBBB
SELECT f, f IS NaN, f = 'NaN', isnan(f) FROM p@{FORCE_INDEX=primary} ORDER BY 1
----
NULL  NULL   NULL   NULL
NaN   true   true   true
-Inf  false  false  false
-1    false  false  false
0     false  false  false
1     false  false  false
+Inf  false  false  false

query RBBB
SELECT f, f IS NaN, f = 'NaN', isnan(f) FROM p@{FORCE_INDEX=p_f_key} ORDER BY 1
----
NULL  NULL   NULL   NULL
NaN   true   true   true
-Inf  false  false  false
-1    false  false  false
0     false  false  false
1     false  false  false
+Inf  false  false  false

query RB
select f, f > 'NaN' from p@{FORCE_INDEX=primary} where f > 'NaN' ORDER BY f
----
-Inf  true
-1    true
0     true
1     true
+Inf  true

query RB
select f, f > 'NaN' from p@{FORCE_INDEX=p_f_key} where f > 'NaN' ORDER BY f
----
-Inf  true
-1    true
0     true
1     true
+Inf  true

statement ok
CREATE TABLE i (f float)

statement ok
INSERT INTO i VALUES (0), ('-0'::float)

query R rowsort
SELECT * FROM i WHERE f = 0
----
-0
0

statement ok
CREATE INDEX ON i (f)

query R rowsort
SELECT * FROM i WHERE f = 0
----
-0
0

statement error violates unique constraint
CREATE UNIQUE INDEX ON i (f)

subtest extra_float_digits

statement ok
CREATE TABLE vals(f FLOAT);
  INSERT INTO vals VALUES (0.0), (123.4567890123456789), (12345678901234567890000), (0.0001234567890123456789)

query RT rowsort
SELECT f, f::string FROM vals
----
0                     0
123.456789012346      123.456789012346
1.23456789012346e+22  1.23456789012346e+22
0.000123456789012346  0.000123456789012346

statement ok
SET extra_float_digits = 3

query RT rowsort
SELECT f, f::string FROM vals
----
0                       0
123.45678901234568      123.45678901234568
1.2345678901234568e+22  1.2345678901234568e+22
0.00012345678901234567  0.00012345678901234567

statement ok
SET extra_float_digits = -8

query RT rowsort
SELECT f, f::string FROM vals
----
0             0
123.4568      123.4568
1.234568e+22  1.234568e+22
0.0001234568  0.0001234568

statement ok
SET extra_float_digits = -15

query RT rowsort
SELECT f, f::string FROM vals
----
0       0
100     1e+02
1e+22   1e+22
0.0001  0.0001

statement ok
DROP TABLE vals

statement ok
RESET extra_float_digits

# Test that floating point numbers are compared with 15 decimal digits
# precision.
query FFF
SELECT -0.1234567890123456, 123456789012345.6, 1234567.890123456
----
-0.1234567890123457 123456789012345.7 1234567.890123457
