# LogicTest: default parallel-stmts distsql

query I colnames
SELECT * FROM GENERATE_SERIES(1, 3)
----
generate_series
1
2
3

query T colnames
SELECT * FROM GENERATE_SERIES('2017-11-11 00:00:00'::TIMESTAMP, '2017-11-11 03:00:00'::TIMESTAMP, '1 hour')
----
generate_series
2017-11-11 00:00:00 +0000 +0000
2017-11-11 01:00:00 +0000 +0000
2017-11-11 02:00:00 +0000 +0000
2017-11-11 03:00:00 +0000 +0000

query T colnames
SELECT * FROM GENERATE_SERIES('2017-11-11 03:00:00'::TIMESTAMP, '2017-11-11 00:00:00'::TIMESTAMP, '-1 hour')
----
generate_series
2017-11-11 03:00:00 +0000 +0000
2017-11-11 02:00:00 +0000 +0000
2017-11-11 01:00:00 +0000 +0000
2017-11-11 00:00:00 +0000 +0000

query T
SELECT * FROM GENERATE_SERIES('2017-11-11 00:00:00'::TIMESTAMP, '2017-11-11 03:00:00'::TIMESTAMP, '-1 hour')
----

query TTT
EXPLAIN SELECT * FROM GENERATE_SERIES(1, 3)
----
generator  ·  ·

query II colnames
SELECT * FROM GENERATE_SERIES(1, 2), GENERATE_SERIES(1, 2)
----
generate_series  generate_series
1                1
1                2
2                1
2                2

query TTT
EXPLAIN SELECT * FROM GENERATE_SERIES(1, 2), GENERATE_SERIES(1, 2)
----
join            ·     ·
 │              type  cross
 ├── generator  ·     ·
 └── generator  ·     ·

query I
SELECT * FROM GENERATE_SERIES(3, 1, -1)
----
3
2
1

query I
SELECT * FROM GENERATE_SERIES(3, 1)
----

query error step cannot be 0
SELECT * FROM GENERATE_SERIES(1, 3, 0)

query I
SELECT * FROM PG_CATALOG.GENERATE_SERIES(1, 3)
----
1
2
3

query I colnames
SELECT * FROM GENERATE_SERIES(1, 1) AS c(x)
----
x
1

query II colnames
SELECT * FROM GENERATE_SERIES(1, 1) WITH ORDINALITY
----
generate_series  ordinality
1                1

query II colnames
SELECT * FROM GENERATE_SERIES(1, 1) WITH ORDINALITY AS c(x, y)
----
x y
1 1

query error argument of LIMIT must be type int, not type setof
SELECT * FROM (VALUES (1)) LIMIT GENERATE_SERIES(1, 3)

query I colnames
SELECT GENERATE_SERIES(1, 2)
----
generate_series
1
2

query TTT
EXPLAIN SELECT GENERATE_SERIES(1, 3)
----
generator  ·  ·

query error unimplemented: cannot use multiple set-generating functions in a single SELECT clause
SELECT GENERATE_SERIES(1, 2), GENERATE_SERIES(3, 4)

statement ok
CREATE TABLE t (a string)

statement ok
CREATE TABLE u (b string)

statement ok
INSERT INTO t VALUES ('cat')

statement ok
INSERT INTO u VALUES ('bird')

# TODO(knz) #20511
# query TTII
# SELECT t.*, u.*, generate_series(1,2), generate_series(3, 4) FROM t, u

query TTII
SELECT t.*, u.*, a.*, b.* FROM t, u, generate_series(1, 2) AS a, generate_series(3, 4) AS b
----
cat  bird  1  3
cat  bird  1  4
cat  bird  2  3
cat  bird  2  4

query I
SELECT 3 + x FROM generate_series(1,2) AS a(x)
----
4
5


query I colnames
SELECT 3 + generate_series(1,2)
----
3 + generate_series.generate_series
4
5

query I
SELECT 3 + (3 * generate_series(1,3))
----
6
9
12

query I
SELECT * from unnest(ARRAY[1,2])
----
1
2

# TODO(knz) #20511
# query IT
# SELECT unnest(ARRAY[1,2]), unnest(ARRAY['a', 'b'])

query I
SELECT unnest(ARRAY[3,4]) - 2
----
1
2

# TODO(knz) #20511
# query II
# SELECT 1 + generate_series(0, 1), unnest(ARRAY[2, 4]) - 1

query I
SELECT ascii(unnest(ARRAY['a', 'b', 'c']));
----
97
98
99

query error pq: unimplemented: cannot use multiple set-generating functions in a single SELECT clause
SELECT generate_series(generate_series(1, 3), 3)

query error pq: unimplemented: cannot use multiple set-generating functions in a single SELECT clause
SELECT generate_series(1, 3) + generate_series(1, 3)

query error pq: column name "generate_series" not found
SELECT generate_series(1, 3) FROM t WHERE generate_series > 3

# Regressions for #15900: ensure that null parameters to generate_series don't
# cause issues.

query T
SELECT * from generate_series(1, (select * from generate_series(1, 0)))
----

# The following query is designed to produce a null array argument to unnest
# in a way that the type system can't detect before evaluation.
query T
SELECT unnest((select current_schemas((select isnan((select round(3.4, (select generate_series(1, 0)))))))));
----

# Regression for #18021.
query I
SELECT GENERATE_SERIES(9223372036854775807::int, -9223372036854775807::int, -9223372036854775807::int)
----
9223372036854775807
0
-9223372036854775807

# pg_get_keywords for compatibility (#10291)
query TTT colnames
SELECT * FROM pg_get_keywords() WHERE word IN ('alter', 'and', 'between', 'cross') ORDER BY word
----
word     catcode catdesc
alter    U       unreserved
and      R       reserved
between  C       unreserved (cannot be function or type name)
cross    T       reserved (can be function or type name)

# Postgres enables renaming both the source and the column name for
# single-column generators, but not for multi-column generators.
query IITTT colnames
SELECT a.*, b.*, c.* FROM generate_series(1,1) a, unnest(ARRAY[1]) b, pg_get_keywords() c LIMIT 0
----
a  b  word  catcode  catdesc

# Beware of multi-valued SRFs in render position (#19149)
query TTT colnames
SELECT 'a', pg_get_keywords(), 'c' LIMIT 1
----
'a'  (pg_get_keywords.word, pg_get_keywords.catcode, pg_get_keywords.catdesc)              'c'
a    ('abort','U','unreserved')  c

query TTT colnames
SELECT 'a', pg_get_keywords() b, 'c' LIMIT 1
----
'a'  b                            'c'
a    ('abort','U','unreserved')  c

query TTT colnames
SELECT 'a', crdb_internal.unary_table() b, 'c' LIMIT 1
----
'a'  b   'c'
a    ()  c

# Regular scalar functions can be used as functions too. #22312
query T colnames
SELECT * FROM upper('abc')
----
upper
ABC

query TI colnames
SELECT * FROM current_schema() WITH ORDINALITY AS a(b)
----
b      ordinality
public 1

subtest expandArray

query error pq: unknown signature: information_schema._pg_expandarray()
SELECT information_schema._pg_expandarray()

query error pq: unknown signature: information_schema._pg_expandarray()
SELECT * FROM information_schema._pg_expandarray()

query error pq: information_schema\._pg_expandarray\(\): cannot determine type of empty array\. Consider annotating with the desired type, for example ARRAY\[\]:::int\[\]
SELECT information_schema._pg_expandarray(ARRAY[])

query error pq: information_schema\._pg_expandarray\(\): cannot determine type of empty array\. Consider annotating with the desired type, for example ARRAY\[\]:::int\[\]
SELECT * FROM information_schema._pg_expandarray(ARRAY[])

query I
SELECT information_schema._pg_expandarray(ARRAY[]:::int[])
----

query II
SELECT * FROM information_schema._pg_expandarray(ARRAY[]:::int[])
----

query T
SELECT information_schema._pg_expandarray(ARRAY[100])
----
(100,1)

query II
SELECT * FROM information_schema._pg_expandarray(ARRAY[100])
----
100 1

query T
SELECT information_schema._pg_expandarray(ARRAY[2, 1])
----
(2,1)
(1,2)

query II
SELECT * FROM information_schema._pg_expandarray(ARRAY[2, 1])
----
2 1
1 2

query T
SELECT information_schema._pg_expandarray(ARRAY[3, 2, 1])
----
(3,1)
(2,2)
(1,3)

query II
SELECT * FROM information_schema._pg_expandarray(ARRAY[3, 2, 1])
----
3 1
2 2
1 3

query T
SELECT information_schema._pg_expandarray(ARRAY['a'])
----
('a',1)

query TI
SELECT * FROM information_schema._pg_expandarray(ARRAY['a'])
----
a 1

query T
SELECT information_schema._pg_expandarray(ARRAY['b', 'a'])
----
('b',1)
('a',2)

query TI
SELECT * FROM information_schema._pg_expandarray(ARRAY['b', 'a'])
----
b 1
a 2

query T
SELECT information_schema._pg_expandarray(ARRAY['c', 'b', 'a'])
----
('c',1)
('b',2)
('a',3)

query TI
SELECT * FROM information_schema._pg_expandarray(ARRAY['c', 'b', 'a'])
----
c 1
b 2
a 3

subtest srf_accessor

query error pq: unimplemented: access to field in composite expression
SELECT (1).*

query error pq: unimplemented: access to field in composite expression
SELECT (1).x

query error pq: unimplemented: access to field in composite expression
SELECT ('a').*

query error pq: unimplemented: access to field in composite expression
SELECT ('a').x

query error unnest\(\): cannot determine type of empty array
SELECT (unnest(ARRAY[])).*

query I colnames
SELECT (unnest(ARRAY[1,2,3])).*
----
unnest
1
2
3


query TI colnames
SELECT (information_schema._pg_expandarray(ARRAY['c', 'b', 'a'])).*
----
x n
c 1
b 2
a 3


query T colnames
SELECT (information_schema._pg_expandarray(ARRAY['c', 'b', 'a'])).x
----
x
c
b
a

query I colnames
SELECT (information_schema._pg_expandarray(ARRAY['c', 'b', 'a'])).n
----
n
1
2
3

query error pq: column name "information_schema._pg_expandarray.other" not found
SELECT (information_schema._pg_expandarray(ARRAY['c', 'b', 'a'])).other

query T colnames
SELECT temp.x from information_schema._pg_expandarray(array['c','b','a']) AS temp;
----
x
c
b
a

query I colnames
SELECT temp.n from information_schema._pg_expandarray(array['c','b','a']) AS temp;
----
n
1
2
3

query error pq: column name "temp.other" not found
SELECT temp.other from information_schema._pg_expandarray(array['c','b','a']) AS temp;

query TI colnames
SELECT temp.* from information_schema._pg_expandarray(array['c','b','a']) AS temp;
----
x n
c 1
b 2
a 3

query TI colnames
SELECT * from information_schema._pg_expandarray(array['c','b','a']) AS temp;
----
x n
c 1
b 2
a 3

# This test case should work, but right now it doesn't.
# query I colnames
# SELECT (i.keys).n FROM (SELECT information_schema._pg_expandarray(ARRAY[3,2,1]) AS keys) AS i;
# ----
# n
# 3
# 2
# 1
