# All dimensions
statement ok
CREATE TABLE geom_all(geom geometry)

statement ok
INSERT INTO geom_all VALUES('point(1 2)')

statement ok
INSERT INTO geom_all VALUES ('pointm(1 2 3)')

statement ok
INSERT INTO geom_all VALUES ('pointz(1 2 3)')

statement ok
INSERT INTO geom_all VALUES ('pointzm(1 2 3 4)')

# 2D
statement ok
CREATE TABLE geom_2d(geom geometry(geometry))

statement ok
INSERT INTO geom_2d VALUES('point(1 2)')

statement error q: object type PointM does not match column dimensionality Geometry
INSERT INTO geom_2d VALUES ('pointm(1 2 3)')

statement error q: object type PointZ does not match column dimensionality Geometry
INSERT INTO geom_2d VALUES ('pointz(1 2 3)')

statement error q: object type PointZM does not match column dimensionality Geometry
INSERT INTO geom_2d VALUES ('pointzm(1 2 3 4)')

# 2D+M
statement ok
CREATE TABLE geom_2d_m(geomm geometry(geometrym))

statement ok
INSERT INTO geom_2d_m VALUES ('pointm(1 2 3)')

statement error pq: object type Point does not match column dimensionality GeometryM
INSERT INTO geom_2d_m VALUES ('point(1 2)')

statement error pq: object type PointZ does not match column dimensionality GeometryM
INSERT INTO geom_2d_m VALUES ('pointz(1 2 3)')

statement error pq: object type PointZM does not match column dimensionality GeometryM
INSERT INTO geom_2d_m VALUES ('pointzm(1 2 3 4)')

# 3D
statement ok
CREATE TABLE geom_3d(geomz geometry(geometryz))

statement ok
INSERT INTO geom_3d VALUES ('pointz(1 2 3)')

statement ok
INSERT INTO geom_3d VALUES ('point(1 2 3)')

statement error pq: object type Point does not match column dimensionality GeometryZ
INSERT INTO geom_3d VALUES ('point(1 2)')

statement error pq: object type PointM does not match column dimensionality GeometryZ
INSERT INTO geom_3d VALUES ('pointm(1 2 3)')

statement error pq: object type PointZM does not match column dimensionality GeometryZ
INSERT INTO geom_3d VALUES ('pointzm(1 2 3 4)')

# 4D
statement ok
CREATE TABLE geom_4d(geomzm geometry(geometryzm))

statement ok
INSERT INTO geom_4d VALUES ('pointzm(1 2 3 4)')

statement ok
INSERT INTO geom_4d VALUES ('point(1 2 3 4)')

statement error pq: object type PointM does not match column dimensionality GeometryZM
INSERT INTO geom_4d VALUES ('pointm(1 2 3)')

statement error pq: object type Point does not match column dimensionality GeometryZM
INSERT INTO geom_4d VALUES ('point(1 2)')

statement error pq: object type PointZ does not match column dimensionality GeometryZM
INSERT INTO geom_4d VALUES ('pointz(1 2 3)')

# Builtins for creating Points
query T
SELECT st_astext(point) FROM
( VALUES
  (st_point(1, 2)),
  (st_makepoint(1, 2)),
  (st_makepoint(1, 2, 3)),
  (st_makepoint(1, 2, 3, 4)),
  (st_makepointm(1, 2, 3))
) AS t(point)
----
POINT (1 2)
POINT (1 2)
POINT Z (1 2 3)
POINT ZM (1 2 3 4)
POINT M (1 2 3)

query T
SELECT ST_AsEWKT(ST_Affine(the_geom, 1, 2, 3, 4, 5, 6, 7, 8, 9, 10, pi()/2, pi()), 3)
	FROM (SELECT ST_GeomFromEWKT('LINESTRING(1 2 3, 4 5 6, 7 8 9)') AS the_geom) AS _;
----
LINESTRING Z (24 33.571 53.142, 42 78.571 125.142, 60 123.571 197.142)

# Point specific operations
query RRRRI
SELECT
  st_x(a.geom),
  st_y(a.geom),
  st_z(a.geom),
  st_m(a.geom),
  st_zmflag(a.geom)
FROM (VALUES
  (NULL::geometry),
  ('POINT EMPTY'::geometry),
  ('POINT M EMPTY'::geometry),
  ('POINT Z EMPTY'::geometry),
  ('POINT ZM EMPTY'::geometry),
  ('POINT(1 2)'::geometry),
  ('POINT M (1 2 3)'::geometry),
  ('POINT(1 2 3)'::geometry),
  ('POINT(1 2 3 4)'::geometry)
) a(geom)
----
NULL  NULL  NULL  NULL  NULL
NULL  NULL  NULL  NULL  0
NULL  NULL  NULL  NULL  1
NULL  NULL  NULL  NULL  2
NULL  NULL  NULL  NULL  3
1     2     NULL  NULL  0
1     2     NULL  3     1
1     2     3     NULL  2
1     2     3     4     3

statement error argument to st_z\(\) must have shape POINT
SELECT st_z('LINESTRING(0 0 0, 1 1 1)')

statement error argument to st_m\(\) must have shape POINT
SELECT st_m('LINESTRING M (0 0 0, 1 1 1)')

# ST_Zmflag tests
query I
SELECT
  ST_Zmflag(a.geom)
FROM (VALUES
  ('GEOMETRYCOLLECTION EMPTY'::geometry),
  ('GEOMETRYCOLLECTION M EMPTY'::geometry),
  ('GEOMETRYCOLLECTION Z EMPTY'::geometry),
  ('GEOMETRYCOLLECTION ZM EMPTY'::geometry)
) a(geom)
----
0
1
2
3
