# LogicTest: 5node-default-configs !5node-metadata

statement ok
CREATE TABLE j1 (
  k INT PRIMARY KEY,
  j JSON
)

# Insert many types of JSON values.
statement ok
INSERT INTO j1 VALUES
  (1, '{"a": "b"}'),
  (2, '[1,2,3,4, "foo"]'),
  (3, '{"a": {"b": "c"}}'),
  (4, '{"a": {"b": [1]}}'),
  (5, '{"a": {"b": [1, [2]]}}'),
  (6, '{"a": {"b": [[2]]}}'),
  (7, '{"a": "b", "c": "d"}'),
  (8, '{"a": {"b":true}}'),
  (9, '{"a": {"b":false}}'),
  (10, '"a"'),
  (11, 'null'),
  (12, 'true'),
  (13, 'false'),
  (14, '1'),
  (15, '1.23'),
  (16, '[{"a": {"b": [1, [2]]}}, "d"]'),
  (17, '{}'),
  (18, '[]'),
  (19, '["a", "a"]'),
  (20, '[{"a": "a"}, {"a": "a"}]'),
  (21, '[[[["a"]]], [[["a"]]]]'),
  (22, '[1,2,3,1]'),
  (23, '{"a": 123.123}'),
  (24, '{"a": 123.123000}'),
  (25, '{"a": [{}]}'),
  (26, '[[], {}]'),
  (27, '[true, false, null, 1.23, "a"]'),
  (28, '{"a": {}}'),
  (29, NULL),
  (30, '{"a": []}'),
  (31, '{"a": {"b": "c", "d": "e"}, "f": "g"}'),
  (32, '{"a": [1]}'),
  (33, '[1, "bar"]'),
  (34, '{"a": 1}'),
  (35, '[1]'),
  (36, '[2]'),
  (37, '[[1]]'),
  (38, '[[2]]'),
  (39, '["a"]'),
  (40, '{"a": [[]]}'),
  (41, '[[1, 2]]'),
  (42, '[[1], [2]]'),
  (43, '[{"a": "b", "c": "d"}]'),
  (44, '[{"a": "b"}, {"c": "d"}]')

statement ok
CREATE TABLE j2 (
  k INT PRIMARY KEY,
  i INT,
  j JSON,
  INVERTED INDEX ij_idx (i, j)
)

# Insert combinations of i and j. The first 3 primes after 44 are used to avoid
# primary key collisions.
statement ok
INSERT INTO j2 (
  SELECT k * i, i, j FROM j1
  CROSS JOIN (VALUES (47), (53), (59)) t1(i)
)

statement ok
ALTER TABLE j2 SPLIT AT VALUES (44), (88)

statement ok
ALTER TABLE j2 EXPERIMENTAL_RELOCATE VALUES (ARRAY[1], 1), (ARRAY[2], 44), (ARRAY[3], 88)

query TTTI colnames
SELECT start_key, end_key, replicas, lease_holder
FROM [SHOW EXPERIMENTAL_RANGES FROM TABLE j2] ORDER BY lease_holder
----
start_key  end_key  replicas  lease_holder
NULL       /44      {1}       1
/44        /88      {2}       2
/88        NULL     {3}       3

# This query performs an inverted join.
query T
EXPLAIN (DISTSQL)
SELECT * FROM j2@ij_idx, j1 WHERE i IN (2, 3) AND j2.j @> j1.j ORDER BY j1.k, j2.k
----
distribution: full
vectorized: true
·
• sort
│ order: +k,+k
│
└── • lookup join
    │ table: j2@primary
    │ equality: (k) = (k)
    │ equality cols are key
    │ pred: j @> j
    │
    └── • inverted join
        │ table: j2@ij_idx
        │
        └── • cross join
            │
            ├── • scan
            │     missing stats
            │     table: j1@primary
            │     spans: FULL SCAN
            │
            └── • values
                  size: 1 column, 2 rows
·
Diagram: https://cockroachdb.github.io/distsqlplan/decode.html#eJyUk11vmzAUhu_3K47OVbJ6DRhIJa7cLkzNlCUdifahDU0sHLWQ1GY2TJmi_PcJ0jVNVti4tH0evw_wskXzY40-Bp9uJpfjKfRG4_li_n7Sh3kwCV4v4CW8CWfvIOMizb6lyYZBZsPH6yAMoJdCRXAGTr8Pl9MR9DJ-noH4WlqWQ5DZ51kfZuEoCOHqc7VcMcj4-QoZSpXQNL4ng_4XtDFimGu1JGOUrra29cA42aBvMUxlXhbVdsRwqTShv8UiLdaEPi7i72sKKU5IDyxkmFARp-v62swWuU7vY_0LGc7zWBofXmG0Y6jK4nCjKeJbQt_esf9P_RCvSzID-zjQhSvocVjelXJl-o1JVmPSIaCUSiekKTlKiCryXyPP6F7H5u6tSiXpAT9WnpWFD8JmgjPhNBrzLu9mLH-SLih5CHROPsqfIiF7nAw2uQYxfCyOqCSfmrlMeI1yThe5SuqhLe5fYoe2TJRalTlkKpWgpA-ieorZFMTFc5IeE0MmLlht2-jpdvGcK12QHnjHjsI9Y8I-a4zwukSEZHIlDZ02rKGzEUNKbmlfU6NKvaQbrZZ1zH45q7l6IyFT7E_5fjGW9VH9kz2F7Q4wP4V5K-wcwdYp7LTCbjvstsJeO-y1wsMTONq9-B0AAP__FQvMtw==

statement ok
CREATE TABLE a1 (
  k INT PRIMARY KEY,
  a INT[]
)

statement ok
INSERT INTO a1 VALUES
  (1, '{}'),
  (2, '{1}'),
  (3, '{2}'),
  (4, '{1, 2}'),
  (5, '{1, 3}'),
  (6, '{1, 2, 3, 4}'),
  (7, ARRAY[NULL]::INT[]),
  (8, NULL)

statement ok
CREATE TABLE a2 (
  k INT PRIMARY KEY,
  i INT,
  a INT[],
  INVERTED INDEX ia_idx (i, a)
)

# Insert combinations of i and a. The first 3 primes after 44 are used to avoid
# primary key collisions.
statement ok
INSERT INTO a2 (
  SELECT k*i, i, a FROM a1
  CROSS JOIN (VALUES (47), (53), (59)) t1(i)
)

statement ok
ALTER TABLE a2 SPLIT AT VALUES (8), (16)

statement ok
ALTER TABLE a2 EXPERIMENTAL_RELOCATE VALUES (ARRAY[1], 1), (ARRAY[2], 8), (ARRAY[3], 16)

query TTTI colnames
SELECT start_key, end_key, replicas, lease_holder
FROM [SHOW EXPERIMENTAL_RANGES FROM TABLE a2] ORDER BY lease_holder
----
start_key  end_key  replicas  lease_holder
NULL       /8       {1}       1
/8         /16      {2}       2
/16        NULL     {3}       3

# This query performs an inverted join.
query T
EXPLAIN (DISTSQL)
SELECT * FROM a2@ia_idx, a1 WHERE i IN (2, 3) AND a2.a @> a1.a ORDER BY a1.k, a2.k
----
distribution: full
vectorized: true
·
• sort
│ order: +k,+k
│
└── • lookup join
    │ table: a2@primary
    │ equality: (k) = (k)
    │ equality cols are key
    │ pred: a @> a
    │
    └── • inverted join
        │ table: a2@ia_idx
        │
        └── • cross join
            │
            ├── • scan
            │     missing stats
            │     table: a1@primary
            │     spans: FULL SCAN
            │
            └── • values
                  size: 1 column, 2 rows
·
Diagram: https://cockroachdb.github.io/distsqlplan/decode.html#eJyUk11v2jAUhu_3K47OFaweJE5CpVy5HZnKxKALaB_aoskjR20GtTM7mZgQ_31K6EphTVYubZ_H75PkzQbtzxWGGH26Hl-MJtAZjmbz2ftxF2bROHo9h5fwJp6-A8lFJr9l6ZqBdOHjVRRH0MmgIjgDr9uFi8kQOpL3JIivpeN4BNLtyS5M42EUw-XnarlkIHlviQyVTmki78hi-AVdTBjmRi_IWm2qrU09MErXGDoMM5WXRbWdMFxoQxhusMiKFWGIc_l9RTHJlEzfQYYpFTJb1ddKV-Qmu5PmNzKc5VLZEF5hsmWoy2J_oy3kDWHobtnzUz_IVUm27x4G-nAJHQ6L21ItbbcxyWlM2geUSpuUDKUHCUlF_m_kCd0raW_f6kyR6fND5WlZhCBcJjgTXqMxP-XdjNQvMgWl94He0Uf5WyRkD5PROjcgBg_FEZXkYzOfiaBRzjtFrpK6b4v_j9i-LWOtl2UOP3SmQKsQRPUU0wmI86ckAyYGTJyz2rbR0z_Fc6ZNQaYfHDoK_4wJ96wxIjglIiaba2XpuGENnU0YUnpDu5paXZoFXRu9qGN2y2nN1Rsp2WJ3yneLkaqP6p_sMeyeAPNjmLfC3gHsHMNeK-y3w34rHLTDQSs8OIKT7Ys_AQAA___oWMxC
