# LogicTest: 5node

# Regression test for #39317.

statement ok
CREATE TABLE l (a INT PRIMARY KEY, b INT, FAMILY (a, b))

statement ok
CREATE TABLE r (a INT PRIMARY KEY, b INT, FAMILY (a, b))

statement ok
INSERT INTO l VALUES (1, 10), (2, 20), (3, 30)

statement ok
INSERT INTO r VALUES (2, 200), (3, 300), (4, 400)

statement ok
ALTER TABLE l SPLIT AT VALUES (2), (3)

statement ok
ALTER TABLE r SPLIT AT VALUES (2), (3)

statement ok
ALTER TABLE l EXPERIMENTAL_RELOCATE VALUES (ARRAY[1], 1), (ARRAY[2], 2), (ARRAY[3], 3)

statement ok
ALTER TABLE r EXPERIMENTAL_RELOCATE VALUES (ARRAY[1], 2), (ARRAY[2], 3), (ARRAY[3], 1)

query TTTI colnames
SELECT start_key, end_key, replicas, lease_holder from [SHOW EXPERIMENTAL_RANGES FROM TABLE l] ORDER BY lease_holder
----
start_key  end_key  replicas  lease_holder
NULL       /2       {1}       1
/2         /3       {2}       2
/3         NULL     {3}       3

query TTTI colnames
SELECT start_key, end_key, replicas, lease_holder from [SHOW EXPERIMENTAL_RANGES FROM TABLE r] ORDER BY lease_holder
----
start_key  end_key  replicas  lease_holder
/2         /3       {1}       1
/3         NULL     {2}       2
NULL       /2       {3}       3

query T
EXPLAIN (DISTSQL) SELECT * FROM l LEFT OUTER JOIN r USING(a) WHERE a = 2
----
distribution: full
vectorized: true
·
• merge join (left outer)
│ equality: (a) = (a)
│ left cols are key
│ right cols are key
│
├── • scan
│     missing stats
│     table: l@primary
│     spans: [/2 - /2]
│
└── • scan
      missing stats
      table: r@primary
      spans: [/2 - /2]
·
Diagram: https://cockroachdb.github.io/distsqlplan/decode.html#eJzEk1-Pk0AUxd_9FJP71OpsYCi-TLIJRlllw8IKNJoYHmbLtSVhGZwZEpum390AJhXs1jZG96Xp_Pmde8-Zyw70two4-J_vwzdBRGbvgjRLP4Zzkvqh_zYjL8lNEt-RioT-TUZu4yAiiizTIHpPZmJOPn3wE58Ick0coFDLAiPxiBr4F2BAwYGcQqPkCrWWqtve9ZeC4jtwm0JZN63ptnMKK6kQ-A5MaSoEDpl4qDBBUaCyOq0CjSirXlp5jSofhdoChbQRtebEciz7qvuxomUYQr6nIFvzU_0g-rAlG6E3YzmPQb7PKWgj1gjc2dMnujzotLVUBSosRkp5R_7pyhGrd6jWeCvLGpW1GPeWbRvkQ_jxMvOT_gmAQoVfzcxjr-bXqlxvhr9AIW4NJx6jnkM9d5LCweHiLxweaT-SV7Kx3GkUR0u7o9Ls_BGwx7lU_3QE2JNd_o8RcJ51BI40l6BuZK3xrBe2O3tYrHGIS8tWrfBeyVVfZljGPdcnW6A2w6k7LIK6P-q_wvNhdhpmU9j-FXZGMJvCzkn49Qi2p_DiAs-_VT4Ns9Owe5HnfP_iRwAAAP__RCHy6Q==

# Test that we can handle merge joins with equality columns of integers with
# different widths.
statement ok
CREATE TABLE numbers (_int2 INT2, _int4 INT4, _int8 INT8, _float FLOAT, _decimal DECIMAL);
INSERT INTO numbers VALUES (1, 1, 1, 1, 1)

# Place the single range on node 1 for determinism.
statement ok
ALTER TABLE numbers EXPERIMENTAL_RELOCATE VALUES (ARRAY[1], 1)

query T
EXPLAIN (VEC) SELECT * FROM numbers AS t1 INNER MERGE JOIN numbers AS t2 ON t1._int2 = t2._int4
----
│
└ Node 1
  └ *colexecjoin.mergeJoinInnerOp
    ├ *colexecbase.castInt16Int32Op
    │ └ *colexec.sortOp
    │   └ *colfetcher.ColBatchScan
    └ *colexec.sortOp
      └ *colfetcher.ColBatchScan

query T
EXPLAIN (VEC) SELECT * FROM numbers AS t1 INNER MERGE JOIN numbers AS t2 ON t1._int8 = t2._int2
----
│
└ Node 1
  └ *colexecjoin.mergeJoinInnerOp
    ├ *colexec.sortOp
    │ └ *colfetcher.ColBatchScan
    └ *colexecbase.castInt16Int64Op
      └ *colexec.sortOp
        └ *colfetcher.ColBatchScan

# Also check that we cannot plan a merge join with other numeric types.
statement error could not produce a query plan conforming to the MERGE JOIN hint
EXPLAIN SELECT * FROM numbers AS t1 INNER MERGE JOIN numbers AS t2 ON t1._int8 = t2._float

statement error could not produce a query plan conforming to the MERGE JOIN hint
EXPLAIN SELECT * FROM numbers AS t1 INNER MERGE JOIN numbers AS t2 ON t1._int8 = t2._decimal

statement error could not produce a query plan conforming to the MERGE JOIN hint
EXPLAIN SELECT * FROM numbers AS t1 INNER MERGE JOIN numbers AS t2 ON t1._float = t2._decimal
