# LogicTest: default distsql

query ITTTTT
EXPLAIN (METADATA,NOOPTIMIZE) SELECT 1 FROM (SELECT 2 AS s)
----
0  render    ·  ·  ("1")  ="1"
1  render    ·  ·  (s)    =s
2  emptyrow  ·  ·  ()     ·

# Propagation to data sources.
query ITTTTT
EXPLAIN (METADATA) SELECT 1 FROM (SELECT 2 AS s)
----
0  render    ·  ·  ("1")         ="1"
1  render    ·  ·  (s[omitted])  ·
2  emptyrow  ·  ·  ()            ·

# Propagation through CREATE TABLE.
query ITTTTT
EXPLAIN (METADATA) CREATE TABLE t AS SELECT 1 FROM (SELECT 2 AS s)
----
0  create table  ·  ·  ()            ·
1  render        ·  ·  ("1")         ="1"
2  render        ·  ·  (s[omitted])  ·
3  emptyrow      ·  ·  ()            ·

# Propagation through LIMIT.
query ITTTTT
EXPLAIN (METADATA) SELECT 1 FROM (SELECT 2 AS s) LIMIT 1
----
0  limit     ·  ·  ("1")         ="1"
1  render    ·  ·  ("1")         ="1"
2  render    ·  ·  (s[omitted])  ·
3  emptyrow  ·  ·  ()            ·

query ITTTTT
EXPLAIN (METADATA) SELECT 1 FROM (SELECT 2 AS s LIMIT 1)
----
0  render    ·  ·  ("1")         ="1"
1  limit     ·  ·  (s[omitted])  ·
2  render    ·  ·  (s[omitted])  ·
3  emptyrow  ·  ·  ()            ·

# Propagation through UNION.
query ITTTTT
EXPLAIN (METADATA) SELECT 1 FROM (SELECT 1 AS s UNION SELECT 2 AS s)
----
0  render    ·  ·  ("1")  ="1"
1  union     ·  ·  (s)    ·
2  render    ·  ·  (s)    =s
3  emptyrow  ·  ·  ()     ·
2  render    ·  ·  (s)    =s
3  emptyrow  ·  ·  ()     ·

query ITTTTT
EXPLAIN (METADATA) SELECT 1 FROM (SELECT 1 AS s UNION ALL SELECT 2 AS s)
----
0  render    ·  ·  ("1")         ="1"
1  append    ·  ·  (s[omitted])  ·
2  render    ·  ·  (s[omitted])  ·
3  emptyrow  ·  ·  ()            ·
2  render    ·  ·  (s[omitted])  ·
3  emptyrow  ·  ·  ()            ·

# Propagation through WITH ORDINALITY.
query ITTTTT
EXPLAIN (METADATA) SELECT 1 FROM (SELECT 1 AS s) WITH ORDINALITY
----
0  render      ·  ·  ("1")                       ="1"
1  ordinality  ·  ·  (s[omitted], "ordinality")  ·
2  render      ·  ·  (s[omitted])                ·
3  emptyrow    ·  ·  ()                          ·

# Propagation through sort, when the sorting column is in the results.
query ITTTTT
EXPLAIN (METADATA) SELECT x FROM (SELECT 1 AS x, 2 AS y) ORDER BY x
----
0  render    ·  ·  (x)              =x
1  render    ·  ·  (x, y[omitted])  =x
2  emptyrow  ·  ·  ()               ·

# Propagation through sort, when the sorting column is not in the results.
query ITTTTT
EXPLAIN (METADATA) SELECT x FROM (SELECT 1 AS x, 2 AS y, 3 AS z) ORDER BY y
----
0  nosort    ·      ·   (x)                 =x
0  ·         order  +y  ·                   ·
1  render    ·      ·   (x, y)              =x,=y
2  render    ·      ·   (x, y, z[omitted])  =x,=y
3  emptyrow  ·      ·   ()                  ·

# Propagation to sub-queries.
query ITTTTT
EXPLAIN (METADATA) SELECT 1 = (SELECT 2 AS x FROM (SELECT 3 AS s)) AS y
----
0  render    ·           ·  (y)           =y
0  ·         subqueries  1  ·             ·
1  limit     ·           ·  (x)           =x
2  render    ·           ·  (x)           =x
3  render    ·           ·  (s[omitted])  ·
4  emptyrow  ·           ·  ()            ·
1  emptyrow  ·           ·  ()            ·

# Propagation through table scans.
statement ok
CREATE TABLE kv(k INT PRIMARY KEY, v INT)

query ITTTTT
EXPLAIN (METADATA) SELECT 1 FROM kv
----
0  render  ·      ·           ("1")                     ="1"
1  scan    ·      ·           (k[omitted], v[omitted])  ·
1  ·       table  kv@primary  ·                         ·
1  ·       spans  ALL         ·                         ·

# Propagation through DISTINCT.
query ITTTTT
EXPLAIN (METADATA) SELECT DISTINCT v FROM kv
----
0  distinct  ·      ·           (v)              ·
1  render    ·      ·           (v)              ·
2  scan      ·      ·           (k[omitted], v)  ·
2  ·         table  kv@primary  ·                ·
2  ·         spans  ALL         ·                ·

# Propagation through INSERT.
query ITTTTT
EXPLAIN (METADATA) INSERT INTO kv(k, v) SELECT 1, 2 FROM (SELECT 3 AS x, 4 AS y)
----
0  insert    ·     ·         ()                        ·
0  ·         into  kv(k, v)  ·                         ·
1  render    ·     ·         ("1", "2")                ="1",="2"
2  render    ·     ·         (x[omitted], y[omitted])  ·
3  emptyrow  ·     ·         ()                        ·

# Propagation through DELETE.
query ITTTTT
EXPLAIN (METADATA) DELETE FROM kv WHERE k = 3
----
0  delete  ·      ·           ()               ·
0  ·       from   kv          ·                ·
1  render  ·      ·           (k)              ·
2  scan    ·      ·           (k, v[omitted])  ·
2  ·       table  kv@primary  ·                ·
2  ·       spans  /3-/4       ·                ·

# Ensure that propagations through a render node removes the renders
# and properly propagates the remaining needed columns.
query ITTTTT
EXPLAIN (VERBOSE) SELECT x FROM (SELECT 1 AS x, y FROM (SELECT 2 AS y))
----
0  render    ·         ·     (x)              =x
0  ·         render 0  x     ·                ·
1  render    ·         ·     (x, y[omitted])  =x
1  ·         render 0  1     ·                ·
1  ·         render 1  NULL  ·                ·
2  render    ·         ·     (y[omitted])     ·
2  ·         render 0  NULL  ·                ·
3  emptyrow  ·         ·     ()               ·

query ITTTTT
EXPLAIN (VERBOSE) SELECT 1 FROM (SELECT k+1 AS x, v-2 AS y FROM kv)
----
0  render  ·         ·           ("1")                     ="1"
0  ·       render 0  1           ·                         ·
1  scan    ·         ·           (k[omitted], v[omitted])  ·
1  ·       table     kv@primary  ·                         ·
1  ·       spans     ALL         ·                         ·

statement ok
CREATE TABLE a ("name" string, age int);

query ITTTTT
EXPLAIN (VERBOSE) SELECT count(*) FROM (SELECT "name", age FROM a);
----
0  group   ·            ·             ("count(*)")                                            ·
0  ·       aggregate 0  count_rows()  ·                                                       ·
1  render  ·            ·             ()                                                      ·
2  render  ·            ·             ("name"[omitted], age[omitted])                         ·
2  ·       render 0     NULL          ·                                                       ·
2  ·       render 1     NULL          ·                                                       ·
3  scan    ·            ·             ("name"[omitted], age[omitted], rowid[hidden,omitted])  ·
3  ·       table        a@primary     ·                                                       ·
3  ·       spans        ALL           ·                                                       ·

# Ensure that variables within filter conditions are omitted (not decoded) if
# the filter condition is replaced by an index search.

statement ok
CREATE TABLE ab (a INT, b INT, PRIMARY KEY (a, b));

query ITTTTT
EXPLAIN (VERBOSE) SELECT count(*) FROM ab WHERE a=1
----
0  group   ·            ·             ("count(*)")              ·
0  ·       aggregate 0  count_rows()  ·                         ·
1  render  ·            ·             ()                        ·
2  scan    ·            ·             (a[omitted], b[omitted])  ·
2  ·       table        ab@primary    ·                         ·
2  ·       spans        /1-/2         ·                         ·
