query error cannot take square root of a negative number
SELECT |/ -1.0::float

query error cannot take square root of a negative number
SELECT |/ -1.0::decimal

query I
SELECT ~-1;
----
0

query I
SELECT ~0;
----
-1

query I
SELECT ~1;
----
-2

query I
SELECT ~2;
----
-3

query T
SELECT ~B'0';
----
1

query T
SELECT ~B'1';
----
0

statement error lexical error
SELECT ~B'2';

statement error ambiguous unary operator
SELECT ~'0';

statement error ambiguous unary operator
SELECT ~'1';

query I
SELECT ~2;
----
-3

statement ok
CREATE TABLE table2 (col2 FLOAT8 NULL)

statement ok
insert into table2 values (1.234567890123456e+13), (1.234567890123456e+6)

# Regression test for issue #87605.
# The floor division operator `//` should not be folded away.
query F
SELECT ((col2::FLOAT8 // 1.0:::FLOAT8::FLOAT8)::FLOAT8) FROM table2@[0] ORDER BY 1
----
1.234567e+06
1.2345678901234e+13
