query T
SELECT aclexplode(NULL)
----

query T
SELECT aclexplode(ARRAY[]::text[])
----

query T
SELECT aclexplode(ARRAY['foo'])
----

# Regression test for #43166.
statement ok
SELECT has_table_privilege('root'::NAME, 0, 'select')

# Regression test for #53684.
statement ok
CREATE TYPE typ AS ENUM ('hello')

query T
SELECT format_type(oid, 0) FROM pg_catalog.pg_type WHERE typname = 'typ'
----
typ

# Nothing breaks if we put a non-existing oid into format_type.
query T
SELECT format_type(152100, 0)
----
unknown (OID=152100)

subtest pg_column_size

query I
SELECT pg_column_size(1::float)
----
9

query I
SELECT pg_column_size(1::int)
----
2

query I
SELECT pg_column_size((1, 1))
----
7

query I
SELECT pg_column_size('{}'::json)
----
7

query I
SELECT pg_column_size('')
----
2

query I
SELECT pg_column_size('a')
----
3

query I
SELECT pg_column_size((1,'a'))
----
8

query I
SELECT pg_column_size(true)
----
1

query I
SELECT pg_column_size(NULL::int)
----
NULL

subtest end

statement ok
CREATE TABLE is_visible(a int primary key);
CREATE TYPE visible_type AS ENUM('a');
CREATE FUNCTION visible_func() RETURNS INT LANGUAGE SQL AS $$ SELECT 1 $$;
CREATE SCHEMA other;
CREATE TABLE other.not_visible(a int primary key);
CREATE TYPE other.not_visible_type AS ENUM('b');
CREATE FUNCTION other.not_visible_func() RETURNS INT LANGUAGE SQL AS $$ SELECT 1 $$;
CREATE DATABASE db2;
SET DATABASE = db2;
CREATE TABLE table_in_db2(a int primary key);
CREATE TYPE type_in_db2 AS ENUM('c');
CREATE FUNCTION func_in_db2() RETURNS INT LANGUAGE SQL AS $$ SELECT 1 $$;

let $table_in_db2_id
SELECT c.oid FROM pg_class c WHERE c.relname = 'table_in_db2';

let $type_in_db2_id
SELECT t.oid FROM pg_type t WHERE t.typname = 'type_in_db2';

let $func_in_db2_id
SELECT p.oid FROM pg_proc p WHERE p.proname = 'func_in_db2';

statement ok
SET DATABASE = test;

query TB rowsort
SELECT c.relname, pg_table_is_visible(c.oid)
FROM pg_class c
WHERE c.relname IN ('is_visible', 'not_visible', 'is_visible_pkey', 'not_visible_pkey')
----
is_visible        true
is_visible_pkey   true
not_visible       false
not_visible_pkey  false

# Looking up a table in a different database should return NULL.
query B
SELECT pg_table_is_visible($table_in_db2_id)
----
NULL

# Looking up a non-existent OID should return NULL.
query B
SELECT pg_table_is_visible(1010101010)
----
NULL

query B
SELECT pg_table_is_visible(NULL)
----
NULL

query TB rowsort
SELECT t.typname, pg_type_is_visible(t.oid)
FROM pg_type t
WHERE t.typname IN ('int8', '_date', 'visible_type', 'not_visible_type')
----
int8              true
_date             true
visible_type      true
not_visible_type  false

# Looking up a table in a different database should return NULL.
query B
SELECT pg_type_is_visible($type_in_db2_id)
----
NULL

# Looking up a non-existent OID should return NULL.
query B
SELECT pg_type_is_visible(1010101010)
----
NULL

query B
SELECT pg_type_is_visible(NULL)
----
NULL

query TB rowsort
SELECT p.proname, pg_function_is_visible(p.oid)
FROM pg_proc p
WHERE p.proname IN ('array_length', 'visible_func', 'not_visible_func')
----
array_length      true
visible_func      true
not_visible_func  false

# Looking up a function in a different database should return NULL.
query B
SELECT pg_function_is_visible($func_in_db2_id)
----
NULL

# Looking up a non-existent OID should return NULL.
query B
SELECT pg_function_is_visible(1010101010)
----
NULL

query B
SELECT pg_function_is_visible(NULL)
----
NULL

query TT
SELECT pg_get_partkeydef(1), pg_get_partkeydef(NULL)
----
NULL  NULL

statement ok
CREATE TABLE is_updatable(a INT PRIMARY KEY, b INT, c INT AS (b * 10) STORED);
CREATE VIEW is_updatable_view AS SELECT a, b FROM is_updatable

query TTOIIB colnames
SELECT
  c.relname,
  a.attname,
  c.oid,
  a.attnum,
  pg_relation_is_updatable(c.oid, false),
  pg_column_is_updatable(c.oid, a.attnum, false)
FROM pg_class c
JOIN pg_attribute a ON a.attrelid = c.oid
WHERE c.relname IN ('is_updatable', 'is_updatable_view', 'pg_class')
ORDER BY c.oid, a.attnum
----
relname            attname              oid         attnum  pg_relation_is_updatable  pg_column_is_updatable
is_updatable       a                    123         1       28                        true
is_updatable       b                    123         2       28                        true
is_updatable       c                    123         3       28                        false
is_updatable_view  a                    124         1       0                         false
is_updatable_view  b                    124         2       0                         false
pg_class           oid                  4294967083  1       0                         false
pg_class           relname              4294967083  2       0                         false
pg_class           relnamespace         4294967083  3       0                         false
pg_class           reltype              4294967083  4       0                         false
pg_class           reloftype            4294967083  5       0                         false
pg_class           relowner             4294967083  6       0                         false
pg_class           relam                4294967083  7       0                         false
pg_class           relfilenode          4294967083  8       0                         false
pg_class           reltablespace        4294967083  9       0                         false
pg_class           relpages             4294967083  10      0                         false
pg_class           reltuples            4294967083  11      0                         false
pg_class           relallvisible        4294967083  12      0                         false
pg_class           reltoastrelid        4294967083  13      0                         false
pg_class           relhasindex          4294967083  14      0                         false
pg_class           relisshared          4294967083  15      0                         false
pg_class           relpersistence       4294967083  16      0                         false
pg_class           relistemp            4294967083  17      0                         false
pg_class           relkind              4294967083  18      0                         false
pg_class           relnatts             4294967083  19      0                         false
pg_class           relchecks            4294967083  20      0                         false
pg_class           relhasoids           4294967083  21      0                         false
pg_class           relhaspkey           4294967083  22      0                         false
pg_class           relhasrules          4294967083  23      0                         false
pg_class           relhastriggers       4294967083  24      0                         false
pg_class           relhassubclass       4294967083  25      0                         false
pg_class           relfrozenxid         4294967083  26      0                         false
pg_class           relacl               4294967083  27      0                         false
pg_class           reloptions           4294967083  28      0                         false
pg_class           relforcerowsecurity  4294967083  29      0                         false
pg_class           relispartition       4294967083  30      0                         false
pg_class           relispopulated       4294967083  31      0                         false
pg_class           relreplident         4294967083  32      0                         false
pg_class           relrewrite           4294967083  33      0                         false
pg_class           relrowsecurity       4294967083  34      0                         false
pg_class           relpartbound         4294967083  35      0                         false
pg_class           relminmxid           4294967083  36      0                         false


# Check that the oid does not exist. If this test fail, change the oid here and in
# the next test at 'relation does not exist' value.
query I
SELECT count(1) FROM pg_class WHERE oid = 1
----
0

query TT
SELECT * FROM (VALUES
   ('system column', (SELECT CAST(pg_column_is_updatable(oid, -1, true) AS TEXT) FROM pg_class WHERE relname = 'is_updatable')),
   ('relation does not exist', CAST(pg_relation_is_updatable(1, true) AS TEXT)),
   ('relation does not exist', CAST(pg_column_is_updatable(1, 1, true) AS TEXT)),
   ('relation exists, but column does not', (SELECT CAST(pg_column_is_updatable(oid, 15, true) AS TEXT) FROM pg_class WHERE relname = 'is_updatable'))
   ) AS tbl(description, value)
ORDER BY 1
----
relation does not exist               0
relation does not exist               false
relation exists, but column does not  true
system column                         false

query T
SELECT current_setting('statement_timeout')
----
0

query T
SELECT current_setting('statement_timeout', false)
----
0

# check returns null on unsupported session var.
query T
SELECT IFNULL(current_setting('woo', true), 'OK')
----
OK

# check that current_setting handles null.
query T
SELECT current_setting(NULL, false)
----
NULL

# check that multiple settings can be queried at once.
query TT
SELECT current_setting('statement_timeout'), current_setting('search_path')
----
0  "$user", public

# check error on nonexistent session var.
query error unrecognized configuration parameter
SELECT pg_catalog.current_setting('woo', false)

# Check that current_setting handles custom settings correctly.
query T
SELECT current_setting('my.custom', true)
----
NULL

statement ok
PREPARE check_custom AS SELECT current_setting('my.custom', true)

query T
EXECUTE check_custom
----
NULL

statement ok
BEGIN;
SET LOCAL my.custom = 'foo'

# Check that the existence of my.custom is checked depending on the execution
# context, and not at PREPARE time.
query T
EXECUTE check_custom
----
foo

statement ok
COMMIT

# check error on unsupported session var.
query error configuration setting.*not supported
SELECT current_setting('vacuum_cost_delay', false)

query T
SHOW application_name
----
·

query T
SELECT set_config('application_name', 'woo', false)
----
woo

query T
SHOW application_name
----
woo

# check that multiple settings can be set at once
query TTT
SELECT
  set_config('application_name', 'foo', false),
  set_config('statement_timeout', '60s', false),
  set_config(NULL, 'foo', false)
----
foo  60000  NULL

# check that the value doesn't change with isLocal=true outside of a
# transaction. Note: in Postgres, set_config returns 'woo' here even though
# the value doesn't change. This difference doesn't seem too important.
query T
SELECT set_config('application_name', 'woo', true)
----
foo

query T
SELECT current_setting('application_name')
----
foo

# verify that the setting change is scoped to the transaction with isLocal=true.
statement ok
BEGIN

query T
SELECT set_config('application_name', 'woo', true)
----
woo

query TT
SELECT current_setting('application_name'), current_setting('statement_timeout')
----
woo  60000

statement ok
COMMIT

query T
SELECT current_setting('application_name')
----
foo

query error unrecognized configuration parameter
SELECT pg_catalog.set_config('woo', 'woo', false)

query error configuration setting.*not supported
SELECT set_config('vacuum_cost_delay', '0', false)

# Regression test for #117316. Setting an empty search_path should succeed.
query T
SELECT pg_catalog.set_config('search_path', '', false)
----
·

query T
SHOW search_path
----
·

# Reset the search paths for subsequent tests.
statement ok
RESET search_path

# pg_my_temp_schema
#
# Before a temporary schema is created, it returns 0. Afterwards, it returns the
# OID of session's temporary schema.

query O
SELECT pg_my_temp_schema()
----
0

statement ok
SET experimental_enable_temp_tables = true;

statement ok
CREATE TEMP TABLE temp1 (a int);

query B
SELECT pg_my_temp_schema()::TEXT LIKE 'pg_temp_%'
----
true

# If the user changes databases, it no longer has access to its temp tables.
# pg_my_temp_schema reverts to returning 0 again.

statement ok
SET DATABASE = db2;

query O
SELECT pg_my_temp_schema()
----
0

statement ok
CREATE TEMP TABLE temp2 (a int);

query B
SELECT pg_my_temp_schema()::TEXT LIKE 'pg_temp_%'
----
true

statement ok
SET DATABASE = test;

# pg_is_other_temp_schema
#
# Returns true if the provided OID meets the following conditions:
# - is a reference to a schema
# - that is temporary
# - and is owned by a different session

query B
SELECT pg_is_other_temp_schema((SELECT oid FROM pg_type LIMIT 1))
----
false

query B
SELECT pg_is_other_temp_schema((SELECT oid FROM pg_namespace WHERE nspname = 'pg_catalog'))
----
false

query TB
SELECT user, pg_is_other_temp_schema((SELECT oid FROM pg_namespace WHERE nspname LIKE 'pg_temp_%'))
----
root  false

# Switch users as a means of switching sessions. GRANT to ensure visibility.

statement ok
GRANT root TO testuser

user testuser

query TB
SELECT user, pg_is_other_temp_schema((SELECT oid FROM pg_namespace WHERE nspname LIKE 'pg_temp_%'))
----
testuser  true

user root

# information_schema._pg_truetypid and information_schema._pg_truetypmod
#
# We can't exhaustively test these until we support domain types.

statement ok
CREATE TABLE types (
  a TEXT PRIMARY KEY,
  b FLOAT,
  c BPCHAR,
  d VARCHAR(64),
  e BIT,
  f VARBIT(16),
  g DECIMAL(12, 2)
);

query TOI
SELECT typname,
       information_schema._pg_truetypid(a.*, t.*),
       information_schema._pg_truetypmod(a.*, t.*)
FROM pg_attribute a
JOIN pg_type t
ON a.atttypid = t.oid
WHERE attrelid = 'types'::regclass
ORDER BY t.oid
----
text     25    -1
float8   701   -1
bpchar   1042  -1
varchar  1043  68
bit      1560  1
varbit   1562  16
numeric  1700  786438

# information_schema._pg_char_max_length

query TI
SELECT typname, information_schema._pg_char_max_length(a.atttypid, a.atttypmod)
FROM pg_attribute a
JOIN pg_type t
ON a.atttypid = t.oid
WHERE attrelid = 'types'::regclass
ORDER BY t.oid
----
text     NULL
float8   NULL
bpchar   NULL
varchar  64
bit      1
varbit   16
numeric  NULL

query TI
SELECT typname, information_schema._pg_char_max_length(
  information_schema._pg_truetypid(a.*, t.*),
  information_schema._pg_truetypmod(a.*, t.*)
)
FROM pg_attribute a
JOIN pg_type t
ON a.atttypid = t.oid
WHERE attrelid = 'types'::regclass
ORDER BY t.oid
----
text     NULL
float8   NULL
bpchar   NULL
varchar  64
bit      1
varbit   16
numeric  NULL

# information_schema._pg_index_position

statement ok
CREATE TABLE indexed (
  a INT PRIMARY KEY,
  b INT,
  c INT,
  d INT,
  INDEX (b, d),
  INDEX (c, a)
);

# NOTE, we cast indkey to an INT2[], because an INT2VECTOR's formatting appears
# to be dependent on whether the result set spilled to disk or not. It was being
# formatted differently with the "local" test config (and others) than with the
# "fakedist-disk" test config.
statement ok
CREATE TEMPORARY VIEW indexes AS
  SELECT i.relname, indkey::INT2[], indexrelid
    FROM pg_catalog.pg_index
    JOIN pg_catalog.pg_class AS t ON indrelid   = t.oid
    JOIN pg_catalog.pg_class AS i ON indexrelid = i.oid
   WHERE t.relname = 'indexed'
ORDER BY i.relname

query TT
SELECT relname, indkey FROM indexes ORDER BY relname DESC
----
indexed_pkey     {1}
indexed_c_a_idx  {3,1}
indexed_b_d_idx  {2,4}

query TTII
SELECT relname,
       indkey,
       generate_series(1, 4) input,
       information_schema._pg_index_position(indexrelid, generate_series(1, 4))
FROM indexes
ORDER BY relname DESC, input
----
indexed_pkey     {1}    1  1
indexed_pkey     {1}    2  NULL
indexed_pkey     {1}    3  NULL
indexed_pkey     {1}    4  NULL
indexed_c_a_idx  {3,1}  1  2
indexed_c_a_idx  {3,1}  2  NULL
indexed_c_a_idx  {3,1}  3  1
indexed_c_a_idx  {3,1}  4  NULL
indexed_b_d_idx  {2,4}  1  NULL
indexed_b_d_idx  {2,4}  2  1
indexed_b_d_idx  {2,4}  3  NULL
indexed_b_d_idx  {2,4}  4  2

# information_schema._pg_numeric_precision and information_schema._pg_numeric_precision_radix
# and information_schema._pg_numeric_scale

statement ok
CREATE TABLE numeric (
  a SMALLINT,
  b INT4,
  c BIGINT,
  d FLOAT(1),
  e FLOAT4,
  f FLOAT8,
  g FLOAT(40),
  h FLOAT,
  i DECIMAL(12,2),
  j DECIMAL(4,4)
);

query TTIII
SELECT a.attname,
       t.typname,
       information_schema._pg_numeric_precision(a.atttypid,a.atttypmod),
       information_schema._pg_numeric_precision_radix(a.atttypid,a.atttypmod),
       information_schema._pg_numeric_scale(a.atttypid,a.atttypmod)
FROM pg_attribute a
JOIN pg_type t
ON a.atttypid = t.oid
WHERE a.attrelid = 'numeric'::regclass
ORDER BY a.attname
----
a      int2     16  2   0
b      int4     32  2   0
c      int8     64  2   0
d      float4   24  2   NULL
e      float4   24  2   NULL
f      float8   53  2   NULL
g      float8   53  2   NULL
h      float8   53  2   NULL
i      numeric  12  10  2
j      numeric  4   10  4
rowid  int8     64  2   0

statement error null array element not allowed in this context
SELECT * FROM pg_options_to_table(array['b', NULL, 'a']::text[])

query TT colnames
SELECT * FROM pg_options_to_table(array[]::text[]);
----
option_name  option_value

query TT colnames,nosort
SELECT * FROM pg_options_to_table(array['a', 'b=c', '=d', 'e=f=g']::text[]);
----
option_name  option_value
a            NULL
b            c
·            d
e            f=g

query TT colnames
SELECT * FROM pg_options_to_table(null)
----
option_name  option_value

query TT colnames,nosort
SELECT * FROM pg_options_to_table('{a, b=c, =d, e=f=g}')
----
option_name  option_value
a            NULL
b            c
·            d
e            f=g


statement ok
CREATE TYPE test_type AS ENUM ('open', 'closed', 'inactive');

statement ok
CREATE ROLE test_role LOGIN;

statement ok
CREATE TABLE t1 (a int);

query T
SELECT to_regclass('pg_roles')
----
pg_roles

query T
SELECT to_regclass('4294967230')
----
NULL

query T
SELECT to_regclass('0 ')
----
NULL

query T
SELECT to_regclass(' -123 ')
----
NULL

query T
SELECT to_regclass('pg_policy')
----
pg_policy

query T
SELECT to_regclass('t1')
----
t1

query T
SELECT to_regnamespace('crdb_internal')
----
crdb_internal

query T
SELECT to_regnamespace('public')
----
public

query T
SELECT to_regnamespace('1330834471')
----
NULL

query T
SELECT to_regnamespace(' 1330834471')
----
NULL

query T
SELECT to_regnamespace('0 ')
----
NULL

query T
SELECT to_regnamespace('-1234 ')
----
NULL

query T
SELECT to_regproc('_st_contains')
----
_st_contains

query T
SELECT to_regproc('version')
----
version

query T
SELECT to_regproc('bit_in')
----
bit_in

query T
SELECT to_regprocedure('bit_in')
----
NULL

query T
SELECT to_regprocedure('bit_in(int)')
----
bit_in

query T
SELECT to_regprocedure('version')
----
NULL

query T
SELECT to_regprocedure('version()')
----
version

query T
SELECT to_regprocedure('961893967')
----
NULL

query T
SELECT to_regprocedure('0')
----
NULL

query T
SELECT to_regprocedure('-2')
----
NULL

query T
SELECT to_regrole('admin')
----
admin

query T
SELECT to_regrole('test_role')
----
test_role

query T
SELECT to_regrole('foo')
----
NULL

query T
SELECT to_regrole('1546506610')
----
NULL

query T
SELECT to_regrole('0')
----
NULL

query T
SELECT to_regrole('-2')
----
NULL

query T
SELECT to_regtype('interval')
----
interval

query T
SELECT to_regtype('integer')
----
bigint

query T
SELECT to_regtype('int_4')
----
NULL

query T
SELECT to_regtype('string')
----
text

query T
SELECT to_regtype('1186')
----
NULL

query T
SELECT to_regtype('0')
----
NULL

query T
SELECT to_regtype('-3')
----
NULL

query T
SELECT to_regtype('test_type')
----
test_type

# Test that pg_get_indexdef works for expression indexes.
statement ok
CREATE TABLE expr_idx_tbl (id string PRIMARY key, json JSON)

statement ok
CREATE INDEX expr_idx ON expr_idx_tbl (id, (json->>'bar'), (length(id)))

query T
SELECT pg_get_indexdef('expr_idx'::regclass::oid)
----
CREATE INDEX expr_idx ON test.public.expr_idx_tbl USING btree (id ASC, (json->>'bar'::STRING) ASC, length(id) ASC)

query IT
SELECT k, pg_get_indexdef('expr_idx'::regclass::oid, k, true) FROM generate_series(0,4) k ORDER BY k
----
0  CREATE INDEX expr_idx ON test.public.expr_idx_tbl USING btree (id ASC, (json->>'bar'::STRING) ASC, length(id) ASC)
1  id
2  (json->>'bar'::STRING)
3  (length(id))
4  ·

# Regression test for #101357. The SQL implementations of pg_get_indexdef and
# col_description should not have unqualified table names that can conflict with
# a user tables.
statement ok
CREATE TABLE pg_indexes (i INT PRIMARY KEY);
CREATE TABLE pg_attribute (i INT PRIMARY KEY)

statement ok
SET search_path TO public,pg_catalog

statement ok
SELECT i, pg_get_indexdef(0, 1, true) FROM pg_indexes

statement ok
DROP TABLE pg_indexes;
DROP TABLE pg_attribute;
RESET search_path

statement ok
CREATE SCHEMA system;
CREATE TABLE system.comments (i INT)

statement ok
SELECT col_description(0, 0)

statement
DROP TABLE system.comments;
DROP SCHEMA system

subtest nameconcatoid

query T
select nameconcatoid('cat', 2);
----
cat_2

# Test that the name is truncated such that the total length is at most 63 characters.
query T
select nameconcatoid(repeat('a', 58) || 'bbbbbbbbbb', 200);
----
aaaaaaaaaaaaaaaaaaaaaaaaaaaaaaaaaaaaaaaaaaaaaaaaaaaaaaaaaab_200

query T
select nameconcatoid(repeat('a', 58) || 'bbbbbbbbbb', 2);
----
aaaaaaaaaaaaaaaaaaaaaaaaaaaaaaaaaaaaaaaaaaaaaaaaaaaaaaaaaabbb_2

query TI
select nameconcatoid(repeat('a', 62), 2), length(nameconcatoid(repeat('a', 62), 2))
----
aaaaaaaaaaaaaaaaaaaaaaaaaaaaaaaaaaaaaaaaaaaaaaaaaaaaaaaaaaaaa_2  63

subtest end

subtest information_schema._pg_char_octet_length

query I
SELECT information_schema._pg_char_octet_length(25, -1)
----
1073741824

query I
SELECT information_schema._pg_char_octet_length(25, NULL)
----
NULL

statement ok
CREATE TYPE u AS (ufoo char, ubar int);

query TTI colnames
SELECT a.attname,
       t.typname,
       information_schema._pg_char_octet_length(a.atttypid,a.atttypmod)
FROM pg_attribute a
JOIN pg_type t
ON a.atttypid = t.oid
WHERE a.attname = 'ufoo'
ORDER BY a.attname
----
attname  typname  information_schema._pg_char_octet_length
ufoo     bpchar   4

statement ok
DROP TYPE u;

subtest end

subtest pg_encoding_max_length

query I
SELECT pg_encoding_max_length(6)
----
4

query I
SELECT pg_encoding_max_length(1)
----
NULL

subtest end

subtest information_schema._pg_datetime_precision

query I
select information_schema._pg_datetime_precision(1082, -1);
----
0

query I
select information_schema._pg_datetime_precision(1083, -1);
----
6

query I
select information_schema._pg_datetime_precision(1083, 5);
----
5

query I
select information_schema._pg_datetime_precision(1186, -1);
----
6

query I
select information_schema._pg_datetime_precision(1186, 5);
----
5

query I
select information_schema._pg_datetime_precision(1086, 5);
----
NULL

query I
select information_schema._pg_datetime_precision(1186, NULL);
----
NULL

subtest end

subtest information_schema._pg_interval_type

query T
SELECT information_schema._pg_interval_type(1, 0);
----
NULL

statement ok
CREATE TYPE u AS (ufoo interval, ubar interval HOUR TO MINUTE);

query TTT colnames
SELECT a.attname,
       t.typname,
       information_schema._pg_interval_type(a.atttypid, a.atttypmod)
FROM pg_attribute a
JOIN pg_type t
ON a.atttypid = t.oid
WHERE a.attname IN ('ufoo', 'ubar')
ORDER BY a.attname
----
attname  typname   information_schema._pg_interval_type
ubar     interval  NULL
ufoo     interval  NULL

subtest end
