query T
SELECT aclexplode(NULL)
----

query T
SELECT aclexplode(ARRAY[]::text[])
----

query T
SELECT aclexplode(ARRAY['foo'])
----

query O
SELECT pg_my_temp_schema()
----
0

# Regression test for #43166.
statement ok
SELECT has_table_privilege('root'::NAME, 0, 'select')

# Regression test for #53684.
statement ok
CREATE TYPE typ AS ENUM ('hello')

query T
SELECT format_type(oid, 0) FROM pg_catalog.pg_type WHERE typname = 'typ'
----
typ

# Nothing breaks if we put a non-existing oid into format_type.
query T
SELECT format_type(152100, 0)
----
unknown (OID=152100)

subtest pg_column_size

query I
SELECT pg_column_size(1::float)
----
9

query I
SELECT pg_column_size(1::int)
----
2

query I
SELECT pg_column_size((1, 1))
----
7

query I
SELECT pg_column_size('{}'::json)
----
7

query I
SELECT pg_column_size('')
----
2

query I
SELECT pg_column_size('a')
----
3

query I
SELECT pg_column_size((1,'a'))
----
8

query I
SELECT pg_column_size(true)
----
1

query I
SELECT pg_column_size(NULL::int)
----
NULL

statement ok
CREATE TABLE is_visible(a int primary key);
CREATE TYPE visible_type AS ENUM('a');
CREATE SCHEMA other;
CREATE TABLE other.not_visible(a int primary key);
CREATE TYPE other.not_visible_type AS ENUM('b');
CREATE DATABASE db2;
SET DATABASE = db2;
CREATE TABLE table_in_db2(a int primary key);
CREATE TYPE type_in_db2 AS ENUM('c');

let $table_in_db2_id
SELECT c.oid FROM pg_class c WHERE c.relname = 'table_in_db2';

let $type_in_db2_id
SELECT t.oid FROM pg_type t WHERE t.typname = 'type_in_db2';

statement ok
SET DATABASE = test;

query TB rowsort
SELECT c.relname, pg_table_is_visible(c.oid)
FROM pg_class c
WHERE c.relname IN ('is_visible', 'not_visible')
----
is_visible   true
not_visible  false

# Looking up a table in a different database should return NULL.
query B
SELECT pg_table_is_visible($table_in_db2_id)
----
NULL

# Looking up a non-existent OID should return NULL.
query B
SELECT pg_table_is_visible(1010101010)
----
NULL

query B
SELECT pg_table_is_visible(NULL)
----
NULL

query TB rowsort
SELECT t.typname, pg_type_is_visible(t.oid)
FROM pg_type t
WHERE t.typname IN ('int8', '_date', 'visible_type', 'not_visible_type')
----
int8              true
_date             true
visible_type      true
not_visible_type  false

# Looking up a table in a different database should return NULL.
query B
SELECT pg_type_is_visible($type_in_db2_id)
----
NULL

# Looking up a non-existent OID should return NULL.
query B
SELECT pg_type_is_visible(1010101010)
----
NULL

query B
SELECT pg_type_is_visible(NULL)
----
NULL


query TT
SELECT pg_get_partkeydef(1), pg_get_partkeydef(NULL)
----
NULL  NULL

statement ok
CREATE TABLE is_updatable(a INT PRIMARY KEY, b INT, c INT AS (b * 10) STORED);
CREATE VIEW is_updatable_view AS SELECT a, b FROM is_updatable

query TTOIIB colnames
SELECT
  c.relname,
  a.attname,
  c.oid,
  a.attnum,
  pg_relation_is_updatable(c.oid, false),
  pg_column_is_updatable(c.oid, a.attnum, false)
FROM pg_class c
JOIN pg_attribute a ON a.attrelid = c.oid
WHERE c.relname IN ('is_updatable', 'is_updatable_view', 'pg_class')
ORDER BY c.oid, a.attnum
----
relname            attname              oid         attnum  pg_relation_is_updatable  pg_column_is_updatable
is_updatable       a                    66          1       28                        true
is_updatable       b                    66          2       28                        true
is_updatable       c                    66          3       28                        false
is_updatable_view  a                    67          1       0                         false
is_updatable_view  b                    67          2       0                         false
pg_class           oid                  4294967133  1       0                         false
pg_class           relname              4294967133  2       0                         false
pg_class           relnamespace         4294967133  3       0                         false
pg_class           reltype              4294967133  4       0                         false
pg_class           reloftype            4294967133  5       0                         false
pg_class           relowner             4294967133  6       0                         false
pg_class           relam                4294967133  7       0                         false
pg_class           relfilenode          4294967133  8       0                         false
pg_class           reltablespace        4294967133  9       0                         false
pg_class           relpages             4294967133  10      0                         false
pg_class           reltuples            4294967133  11      0                         false
pg_class           relallvisible        4294967133  12      0                         false
pg_class           reltoastrelid        4294967133  13      0                         false
pg_class           relhasindex          4294967133  14      0                         false
pg_class           relisshared          4294967133  15      0                         false
pg_class           relpersistence       4294967133  16      0                         false
pg_class           relistemp            4294967133  17      0                         false
pg_class           relkind              4294967133  18      0                         false
pg_class           relnatts             4294967133  19      0                         false
pg_class           relchecks            4294967133  20      0                         false
pg_class           relhasoids           4294967133  21      0                         false
pg_class           relhaspkey           4294967133  22      0                         false
pg_class           relhasrules          4294967133  23      0                         false
pg_class           relhastriggers       4294967133  24      0                         false
pg_class           relhassubclass       4294967133  25      0                         false
pg_class           relfrozenxid         4294967133  26      0                         false
pg_class           relacl               4294967133  27      0                         false
pg_class           reloptions           4294967133  28      0                         false
pg_class           relforcerowsecurity  4294967133  29      0                         false
pg_class           relispartition       4294967133  30      0                         false
pg_class           relispopulated       4294967133  31      0                         false
pg_class           relreplident         4294967133  32      0                         false
pg_class           relrewrite           4294967133  33      0                         false
pg_class           relrowsecurity       4294967133  34      0                         false
pg_class           relpartbound         4294967133  35      0                         false
pg_class           relminmxid           4294967133  36      0                         false

# Check that the oid does not exist. If this test fail, change the oid here and in
# the next test at 'relation does not exist' value.
query I
SELECT count(1) FROM pg_class WHERE oid = 1
----
0

query TT
SELECT * FROM (VALUES
   ('system column', (SELECT CAST(pg_column_is_updatable(oid, -1, true) AS TEXT) FROM pg_class WHERE relname = 'is_updatable')),
   ('relation does not exist', CAST(pg_relation_is_updatable(1, true) AS TEXT)),
   ('relation does not exist', CAST(pg_column_is_updatable(1, 1, true) AS TEXT)),
   ('relation exists, but column does not', (SELECT CAST(pg_column_is_updatable(oid, 15, true) AS TEXT) FROM pg_class WHERE relname = 'is_updatable'))
   ) AS tbl(description, value)
ORDER BY 1
----
relation does not exist               0
relation does not exist               false
relation exists, but column does not  true
system column                         false

query T
SELECT current_setting('statement_timeout')
----
0

query T
SELECT current_setting('statement_timeout', false)
----
0

# check returns null on unsupported session var.
query T
SELECT IFNULL(current_setting('woo', true), 'OK')
----
OK

# check that current_setting handles null.
query T
SELECT current_setting(NULL, false)
----
NULL

# check that multiple settings can be queried at once.
query TT
SELECT current_setting('statement_timeout'), current_setting('search_path')
----
0  "$user", public

# check error on nonexistent session var.
query error unrecognized configuration parameter
SELECT pg_catalog.current_setting('woo', false)

# check error on unsupported session var.
query error configuration setting.*not supported
SELECT current_setting('vacuum_cost_delay', false)

query T
SHOW application_name
----
Â·

query T
SELECT set_config('application_name', 'woo', false)
----
woo

query T
SHOW application_name
----
woo

# check that multiple settings can be set at once
query TTT
SELECT
  set_config('application_name', 'foo', false),
  set_config('statement_timeout', '60s', false),
  set_config(NULL, 'foo', false)
----
foo  60000  NULL

# check that the value doesn't change with isLocal=true outside of a
# transaction. Note: in Postgres, set_config returns 'woo' here even though
# the value doesn't change. This difference doesn't seem too important.
query T
SELECT set_config('application_name', 'woo', true)
----
foo

query T
SELECT current_setting('application_name')
----
foo

# verify that the setting change is scoped to the transaction with isLocal=true.
statement ok
BEGIN

query T
SELECT set_config('application_name', 'woo', true)
----
woo

query TT
SELECT current_setting('application_name'), current_setting('statement_timeout')
----
woo  60000

statement ok
COMMIT

query T
SELECT current_setting('application_name')
----
foo

query error unrecognized configuration parameter
SELECT pg_catalog.set_config('woo', 'woo', false)

query error configuration setting.*not supported
SELECT set_config('vacuum_cost_delay', '0', false)

# information_schema._pg_truetypid and information_schema._pg_truetypmod
#
# We can't exhaustively test these until we support domain types.

statement ok
CREATE TABLE types (
  a TEXT PRIMARY KEY,
  b FLOAT,
  c BPCHAR,
  d VARCHAR(64),
  e BIT,
  f VARBIT(16),
  g DECIMAL(12, 2)
);

query TOI
SELECT typname,
       information_schema._pg_truetypid(a.*, t.*),
       information_schema._pg_truetypmod(a.*, t.*)
FROM pg_attribute a
JOIN pg_type t
ON a.atttypid = t.oid
WHERE attrelid = 'types'::regclass
ORDER BY t.oid
----
text     25    -1
float8   701   -1
bpchar   1042  5
varchar  1043  68
bit      1560  1
varbit   1562  16
numeric  1700  786438
