query T
SELECT 'A01F0/1AAA'::pg_lsn
----
A01F0/1AAA

statement error could not parse pg_lsn
SELECT 'A/G'::pg_lsn

statement error could not parse pg_lsn
SELECT '0G'::pg_lsn

statement ok
CREATE TABLE pg_lsn_table(id pg_lsn PRIMARY KEY, val pg_lsn)

statement ok
INSERT INTO pg_lsn_table VALUES ('10/10', 'A01/A100'), ('100/100', 'A01/A1000'), ('FFFFF100/100', 'A001/A100')

query TT
SELECT * FROM pg_lsn_table ORDER BY id
----
10/10         A01/A100
100/100       A01/A1000
FFFFF100/100  A001/A100

query TT
SELECT * FROM pg_lsn_table WHERE id = '10/10' ORDER BY id
----
10/10  A01/A100


query TT
SELECT * FROM pg_lsn_table WHERE val = 'A01/A1000' ORDER BY id
----
100/100  A01/A1000
