# LogicTest: 5node

statement ok
CREATE TABLE t (k1 INT, k2 INT DEFAULT 999, v INT DEFAULT 999, w INT DEFAULT 999, PRIMARY KEY (k1, k2))

query error expected int in the first EXPERIMENTAL_RELOCATE data column; got unknown
ALTER TABLE t EXPERIMENTAL_RELOCATE LEASE SELECT NULL, NULL;

query error NULL value in relocation array for EXPERIMENTAL_RELOCATE
ALTER TABLE t EXPERIMENTAL_RELOCATE VALUES (ARRAY[NULL], NULL);

query TTTI colnames,rowsort
SELECT start_key, end_key, replicas, lease_holder FROM [SHOW RANGES FROM TABLE t WITH DETAILS]
----
start_key  end_key  replicas  lease_holder
NULL       NULL     {1}       1

statement ok
ALTER TABLE t SPLIT AT VALUES (1), (10)

query TTTI colnames,rowsort
SELECT start_key, end_key, replicas, lease_holder FROM [SHOW RANGES FROM TABLE t WITH DETAILS]
----
start_key  end_key  replicas  lease_holder
NULL       /1       {1}       1
/1         /10      {1}       1
/10        NULL     {1}       1

statement ok
ALTER TABLE t EXPERIMENTAL_RELOCATE VALUES (ARRAY[4], 1, 12)

statement ok
ALTER TABLE t EXPERIMENTAL_RELOCATE LEASE VALUES (4, 1, 12)

query TTTI colnames,rowsort
SELECT start_key, end_key, replicas, lease_holder FROM [SHOW RANGES FROM TABLE t WITH DETAILS]
----
start_key  end_key  replicas  lease_holder
NULL       /1       {1}       1
/1         /10      {4}       4
/10        NULL     {1}       1

statement ok
ALTER TABLE t SPLIT AT VALUES (5,1), (5,2), (5,3)

query TTTI colnames,rowsort
SELECT start_key, end_key, replicas, lease_holder FROM [SHOW RANGES FROM TABLE t WITH DETAILS]
----
start_key  end_key  replicas  lease_holder
NULL       /1       {1}       1
/1         /5/1     {4}       4
/5/1       /5/2     {4}       4
/5/2       /5/3     {4}       4
/5/3       /10      {4}       4
/10        NULL     {1}       1

statement ok
ALTER TABLE t EXPERIMENTAL_RELOCATE VALUES (ARRAY[1,2,3], 5, 1), (ARRAY[5,2,3], 5, 2), (ARRAY[4,2,1], 5, 3)

statement ok
ALTER TABLE t EXPERIMENTAL_RELOCATE VALUES (ARRAY[3,4], 4)

statement ok
ALTER TABLE t EXPERIMENTAL_RELOCATE LEASE VALUES (1, 5, 1), (5, 5, 2)

query TTTI colnames,rowsort
SELECT start_key, end_key, replicas, lease_holder FROM [SHOW RANGES FROM TABLE t WITH DETAILS]
----
start_key  end_key  replicas  lease_holder
NULL       /1       {1}       1
/1         /5/1     {3,4}     3
/5/1       /5/2     {1,2,3}   1
/5/2       /5/3     {2,3,5}   5
/5/3       /10      {1,2,4}   4
/10        NULL     {1}       1

statement ok
CREATE INDEX idx ON t(v, w)

query TTTI colnames,rowsort
SELECT start_key, end_key, replicas, lease_holder FROM [SHOW RANGES FROM INDEX t@idex WITH DETAILS]
----
start_key  end_key  replicas  lease_holder
NULL       NULL     {1}       1

statement ok
ALTER INDEX t@idx SPLIT AT VALUES (100,1), (100,50)

query TTTI colnames,rowsort
SELECT start_key, end_key, replicas, lease_holder FROM [SHOW RANGES FROM INDEX t@idex WITH DETAILS]
----
start_key  end_key  replicas  lease_holder
NULL       /100/1   {1}       1
/100/1     /100/50  {1}       1
/100/50    NULL     {1}       1

statement ok
ALTER INDEX t@idx SPLIT AT VALUES (8), (9)

query TTTI colnames,rowsort
SELECT start_key, end_key, replicas, lease_holder FROM [SHOW RANGES FROM INDEX t@idex WITH DETAILS]
----
start_key  end_key  replicas  lease_holder
NULL       /8       {1}       1
/8         /9       {1}       1
/9         /100/1   {1}       1
/100/1     /100/50  {1}       1
/100/50    NULL     {1}       1

statement ok
ALTER INDEX t@idx EXPERIMENTAL_RELOCATE VALUES (ARRAY[5], 100, 10), (ARRAY[3], 100, 11)

query TTTI colnames,rowsort
SELECT start_key, end_key, replicas, lease_holder FROM [SHOW RANGES FROM INDEX t@idex WITH DETAILS]
----
start_key  end_key  replicas  lease_holder
NULL       /8       {1}       1
/8         /9       {1}       1
/9         /100/1   {1}       1
/100/1     /100/50  {3}       3
/100/50    NULL     {1}       1

# Create and drop things to produce interesting data for crdb_internal.ranges.

statement ok
CREATE DATABASE d

statement ok
CREATE TABLE d.a ()

statement ok
CREATE DATABASE e

statement ok
CREATE TABLE e.b (i INT)

statement ok
ALTER TABLE e.b SPLIT AT VALUES (0)

statement ok
CREATE TABLE d.c (i INT)

statement ok
DROP DATABASE e CASCADE

statement ok
CREATE INDEX ON d.c (i)

statement ok
ALTER TABLE d.c SPLIT AT VALUES (123)

statement ok
ALTER INDEX d.c@c_i_idx SPLIT AT VALUES (0)

# Hex encode start_key, end_key so that text is UTF-8 compatible.
# Non-UTF-8 characters cause git to treat this as a binary file and prevent diff from working.
query TTTTTTTTI colnames
SELECT encode(start_key, 'hex'), start_pretty, encode(end_key, 'hex'), end_pretty, database_name, table_name, index_name, replicas, crdb_internal.lease_holder(start_key) FROM crdb_internal.ranges_no_leases;
----
encode                  start_pretty             encode                  end_pretty               database_name  table_name                       index_name  replicas  crdb_internal.lease_holder
·                       /Min                     04006c6976656e6573732d  /System/NodeLiveness     ·              ·                                ·           {1}       1
04006c6976656e6573732d  /System/NodeLiveness     04006c6976656e6573732e  /System/NodeLivenessMax  ·              ·                                ·           {1}       1
04006c6976656e6573732e  /System/NodeLivenessMax  04747364                /System/tsd              ·              ·                                ·           {1}       1
04747364                /System/tsd              04747365                /System/"tse"            ·              ·                                ·           {1}       1
04747365                /System/"tse"            88                      /Table/0                 ·              ·                                ·           {1}       1
88                      /Table/0                 8b                      /Table/3                 ·              ·                                ·           {1}       1
8b                      /Table/3                 8c                      /Table/4                 system         descriptor                       ·           {1}       1
8c                      /Table/4                 8d                      /Table/5                 system         users                            ·           {1}       1
8d                      /Table/5                 8e                      /Table/6                 system         zones                            ·           {1}       1
8e                      /Table/6                 8f                      /Table/7                 system         settings                         ·           {1}       1
8f                      /Table/7                 90                      /Table/8                 system         descriptor_id_seq                ·           {1}       1
90                      /Table/8                 93                      /Table/11                system         tenants                          ·           {1}       1
93                      /Table/11                94                      /Table/12                system         lease                            ·           {1}       1
94                      /Table/12                95                      /Table/13                system         eventlog                         ·           {1}       1
95                      /Table/13                96                      /Table/14                system         rangelog                         ·           {1}       1
96                      /Table/14                97                      /Table/15                system         ui                               ·           {1}       1
97                      /Table/15                98                      /Table/16                system         jobs                             ·           {1}       1
98                      /Table/16                99                      /Table/17                ·              ·                                ·           {1}       1
99                      /Table/17                9a                      /Table/18                ·              ·                                ·           {1}       1
9a                      /Table/18                9b                      /Table/19                ·              ·                                ·           {1}       1
9b                      /Table/19                9c                      /Table/20                system         web_sessions                     ·           {1}       1
9c                      /Table/20                9d                      /Table/21                system         table_statistics                 ·           {1}       1
9d                      /Table/21                9e                      /Table/22                system         locations                        ·           {1}       1
9e                      /Table/22                9f                      /Table/23                ·              ·                                ·           {1}       1
9f                      /Table/23                a0                      /Table/24                system         role_members                     ·           {1}       1
a0                      /Table/24                a1                      /Table/25                system         comments                         ·           {1}       1
a1                      /Table/25                a2                      /Table/26                system         replication_constraint_stats     ·           {1}       1
a2                      /Table/26                a3                      /Table/27                system         replication_critical_localities  ·           {1}       1
a3                      /Table/27                a4                      /Table/28                system         replication_stats                ·           {1}       1
a4                      /Table/28                a5                      /Table/29                system         reports_meta                     ·           {1}       1
a5                      /Table/29                a6                      /NamespaceTable/30       ·              ·                                ·           {1}       1
a6                      /NamespaceTable/30       a7                      /NamespaceTable/Max      system         namespace                        ·           {1}       1
a7                      /NamespaceTable/Max      a8                      /Table/32                system         protected_ts_meta                ·           {1}       1
a8                      /Table/32                a9                      /Table/33                system         protected_ts_records             ·           {1}       1
a9                      /Table/33                aa                      /Table/34                system         role_options                     ·           {1}       1
aa                      /Table/34                ab                      /Table/35                system         statement_bundle_chunks          ·           {1}       1
ab                      /Table/35                ac                      /Table/36                system         statement_diagnostics_requests   ·           {1}       1
ac                      /Table/36                ad                      /Table/37                system         statement_diagnostics            ·           {1}       1
ad                      /Table/37                ae                      /Table/38                system         scheduled_jobs                   ·           {1}       1
ae                      /Table/38                af                      /Table/39                ·              ·                                ·           {1}       1
af                      /Table/39                b0                      /Table/40                system         sqlliveness                      ·           {1}       1
b0                      /Table/40                b1                      /Table/41                system         migrations                       ·           {1}       1
b1                      /Table/41                b2                      /Table/42                system         join_tokens                      ·           {1}       1
b2                      /Table/42                b3                      /Table/43                system         statement_statistics             ·           {1}       1
b3                      /Table/43                b4                      /Table/44                system         transaction_statistics           ·           {1}       1
b4                      /Table/44                b5                      /Table/45                system         database_role_settings           ·           {1}       1
b5                      /Table/45                b6                      /Table/46                system         tenant_usage                     ·           {1}       1
b6                      /Table/46                b7                      /Table/47                system         sql_instances                    ·           {1}       1
b7                      /Table/47                b8                      /Table/48                system         span_configurations              ·           {1}       1
b8                      /Table/48                ba                      /Table/50                system         role_id_seq                      ·           {1}       1
ba                      /Table/50                bb                      /Table/51                system         tenant_settings                  ·           {1}       1
bb                      /Table/51                bc                      /Table/52                system         privileges                       ·           {1}       1
bc                      /Table/52                bd                      /Table/53                system         external_connections             ·           {1}       1
bd                      /Table/53                f28989                  /Table/106/1/1           system         job_info                         ·           {1}       1
f28989                  /Table/106/1/1           f2898d89                /Table/106/1/5/1         test           t                                ·           {3,4}     3
f2898d89                /Table/106/1/5/1         f2898d8a                /Table/106/1/5/2         test           t                                ·           {1,2,3}   1
f2898d8a                /Table/106/1/5/2         f2898d8b                /Table/106/1/5/3         test           t                                ·           {2,3,5}   5
f2898d8b                /Table/106/1/5/3         f28992                  /Table/106/1/10          test           t                                ·           {1,2,4}   4
f28992                  /Table/106/1/10          f28a                    /Table/106/2             test           t                                ·           {1}       1
f28a                    /Table/106/2             f28a90                  /Table/106/2/8           test           t                                idx         {1}       1
f28a90                  /Table/106/2/8           f28a91                  /Table/106/2/9           test           t                                idx         {1}       1
f28a91                  /Table/106/2/9           f28aec89                /Table/106/2/100/1       test           t                                idx         {1}       1
f28aec89                /Table/106/2/100/1       f28aecba                /Table/106/2/100/50      test           t                                idx         {3}       3
f28aecba                /Table/106/2/100/50      f6708988                /Table/112/1/0           test           t                                idx         {1}       1
f6708988                /Table/112/1/0           f67189f67b              /Table/113/1/123         ·              b                                ·           {1}       1
f67189f67b              /Table/113/1/123         f6718a                  /Table/113/2             d              c                                ·           {1}       1
f6718a                  /Table/113/2             f6718a88                /Table/113/2/0           d              c                                c_i_idx     {1}       1
f6718a88                /Table/113/2/0           ffff                    /Max                     d              c                                c_i_idx     {1}       1

query TTTTTTTTI colnames
SELECT encode(start_key, 'hex'), start_pretty, encode(end_key, 'hex'), end_pretty, database_name, table_name, index_name, replicas, lease_holder FROM crdb_internal.ranges
----
encode                  start_pretty             encode                  end_pretty               database_name  table_name                       index_name  replicas  lease_holder
·                       /Min                     04006c6976656e6573732d  /System/NodeLiveness     ·              ·                                ·           {1}       1
04006c6976656e6573732d  /System/NodeLiveness     04006c6976656e6573732e  /System/NodeLivenessMax  ·              ·                                ·           {1}       1
04006c6976656e6573732e  /System/NodeLivenessMax  04747364                /System/tsd              ·              ·                                ·           {1}       1
04747364                /System/tsd              04747365                /System/"tse"            ·              ·                                ·           {1}       1
04747365                /System/"tse"            88                      /Table/0                 ·              ·                                ·           {1}       1
88                      /Table/0                 8b                      /Table/3                 ·              ·                                ·           {1}       1
8b                      /Table/3                 8c                      /Table/4                 system         descriptor                       ·           {1}       1
8c                      /Table/4                 8d                      /Table/5                 system         users                            ·           {1}       1
8d                      /Table/5                 8e                      /Table/6                 system         zones                            ·           {1}       1
8e                      /Table/6                 8f                      /Table/7                 system         settings                         ·           {1}       1
8f                      /Table/7                 90                      /Table/8                 system         descriptor_id_seq                ·           {1}       1
90                      /Table/8                 93                      /Table/11                system         tenants                          ·           {1}       1
93                      /Table/11                94                      /Table/12                system         lease                            ·           {1}       1
94                      /Table/12                95                      /Table/13                system         eventlog                         ·           {1}       1
95                      /Table/13                96                      /Table/14                system         rangelog                         ·           {1}       1
96                      /Table/14                97                      /Table/15                system         ui                               ·           {1}       1
97                      /Table/15                98                      /Table/16                system         jobs                             ·           {1}       1
98                      /Table/16                99                      /Table/17                ·              ·                                ·           {1}       1
99                      /Table/17                9a                      /Table/18                ·              ·                                ·           {1}       1
9a                      /Table/18                9b                      /Table/19                ·              ·                                ·           {1}       1
9b                      /Table/19                9c                      /Table/20                system         web_sessions                     ·           {1}       1
9c                      /Table/20                9d                      /Table/21                system         table_statistics                 ·           {1}       1
9d                      /Table/21                9e                      /Table/22                system         locations                        ·           {1}       1
9e                      /Table/22                9f                      /Table/23                ·              ·                                ·           {1}       1
9f                      /Table/23                a0                      /Table/24                system         role_members                     ·           {1}       1
a0                      /Table/24                a1                      /Table/25                system         comments                         ·           {1}       1
a1                      /Table/25                a2                      /Table/26                system         replication_constraint_stats     ·           {1}       1
a2                      /Table/26                a3                      /Table/27                system         replication_critical_localities  ·           {1}       1
a3                      /Table/27                a4                      /Table/28                system         replication_stats                ·           {1}       1
a4                      /Table/28                a5                      /Table/29                system         reports_meta                     ·           {1}       1
a5                      /Table/29                a6                      /NamespaceTable/30       ·              ·                                ·           {1}       1
a6                      /NamespaceTable/30       a7                      /NamespaceTable/Max      system         namespace                        ·           {1}       1
a7                      /NamespaceTable/Max      a8                      /Table/32                system         protected_ts_meta                ·           {1}       1
a8                      /Table/32                a9                      /Table/33                system         protected_ts_records             ·           {1}       1
a9                      /Table/33                aa                      /Table/34                system         role_options                     ·           {1}       1
aa                      /Table/34                ab                      /Table/35                system         statement_bundle_chunks          ·           {1}       1
ab                      /Table/35                ac                      /Table/36                system         statement_diagnostics_requests   ·           {1}       1
ac                      /Table/36                ad                      /Table/37                system         statement_diagnostics            ·           {1}       1
ad                      /Table/37                ae                      /Table/38                system         scheduled_jobs                   ·           {1}       1
ae                      /Table/38                af                      /Table/39                ·              ·                                ·           {1}       1
af                      /Table/39                b0                      /Table/40                system         sqlliveness                      ·           {1}       1
b0                      /Table/40                b1                      /Table/41                system         migrations                       ·           {1}       1
b1                      /Table/41                b2                      /Table/42                system         join_tokens                      ·           {1}       1
b2                      /Table/42                b3                      /Table/43                system         statement_statistics             ·           {1}       1
b3                      /Table/43                b4                      /Table/44                system         transaction_statistics           ·           {1}       1
b4                      /Table/44                b5                      /Table/45                system         database_role_settings           ·           {1}       1
b5                      /Table/45                b6                      /Table/46                system         tenant_usage                     ·           {1}       1
b6                      /Table/46                b7                      /Table/47                system         sql_instances                    ·           {1}       1
b7                      /Table/47                b8                      /Table/48                system         span_configurations              ·           {1}       1
b8                      /Table/48                ba                      /Table/50                system         role_id_seq                      ·           {1}       1
ba                      /Table/50                bb                      /Table/51                system         tenant_settings                  ·           {1}       1
bb                      /Table/51                bc                      /Table/52                system         privileges                       ·           {1}       1
bc                      /Table/52                bd                      /Table/53                system         external_connections             ·           {1}       1
bd                      /Table/53                f28989                  /Table/106/1/1           system         job_info                         ·           {1}       1
f28989                  /Table/106/1/1           f2898d89                /Table/106/1/5/1         test           t                                ·           {3,4}     3
f2898d89                /Table/106/1/5/1         f2898d8a                /Table/106/1/5/2         test           t                                ·           {1,2,3}   1
f2898d8a                /Table/106/1/5/2         f2898d8b                /Table/106/1/5/3         test           t                                ·           {2,3,5}   5
f2898d8b                /Table/106/1/5/3         f28992                  /Table/106/1/10          test           t                                ·           {1,2,4}   4
f28992                  /Table/106/1/10          f28a                    /Table/106/2             test           t                                ·           {1}       1
f28a                    /Table/106/2             f28a90                  /Table/106/2/8           test           t                                idx         {1}       1
f28a90                  /Table/106/2/8           f28a91                  /Table/106/2/9           test           t                                idx         {1}       1
f28a91                  /Table/106/2/9           f28aec89                /Table/106/2/100/1       test           t                                idx         {1}       1
f28aec89                /Table/106/2/100/1       f28aecba                /Table/106/2/100/50      test           t                                idx         {3}       3
f28aecba                /Table/106/2/100/50      f6708988                /Table/112/1/0           test           t                                idx         {1}       1
f6708988                /Table/112/1/0           f67189f67b              /Table/113/1/123         ·              b                                ·           {1}       1
f67189f67b              /Table/113/1/123         f6718a                  /Table/113/2             d              c                                ·           {1}       1
f6718a                  /Table/113/2             f6718a88                /Table/113/2/0           d              c                                c_i_idx     {1}       1
f6718a88                /Table/113/2/0           ffff                    /Max                     d              c                                c_i_idx     {1}       1

# Due to asynchronous splitting of ranges, we cannot guarantee the output
# of the show ranges from database command. The test below just ensures that
# the command gets parsed and evaluated correctly.

# Regression tests for #40450.
statement ok
CREATE DATABASE "show ranges"

statement ok
CREATE TABLE "show ranges".t (x INT PRIMARY KEY)

statement ok
SHOW RANGES FROM DATABASE "show ranges"

query TT
SELECT start_key, end_key FROM [SHOW RANGES FROM TABLE "show ranges".t]
----
NULL NULL

query TT
SELECT start_key, end_key FROM [SHOW RANGES FROM INDEX "show ranges".t@t_pkey]
----
NULL NULL

statement ok
CREATE DATABASE """"

statement ok
CREATE TABLE """".t (x INT PRIMARY KEY)

statement ok
SHOW RANGES FROM DATABASE """"

query TT
SELECT start_key, end_key FROM [SHOW RANGES FROM TABLE """".t]
----
NULL NULL

query TT
SELECT start_key, end_key FROM [SHOW RANGES FROM INDEX """".t@t_pkey]
----
NULL NULL

query T
SELECT feature_name FROM crdb_internal.feature_usage WHERE feature_name='sql.show.ranges' AND usage_count > 0
----
sql.show.ranges

subtest range_for_row

statement ok
CREATE TABLE simple_range_for_row(x INT PRIMARY KEY)

statement ok
ALTER TABLE simple_range_for_row SPLIT AT VALUES (1), (2)

query TT
SELECT start_key, end_key FROM [SHOW RANGE FROM TABLE simple_range_for_row FOR ROW (1)]
----
/1 /2

statement ok
CREATE TABLE range_for_row(x INT, y INT, z INT, w INT, PRIMARY KEY (x, y), INDEX i (z, w))

statement ok
ALTER TABLE range_for_row SPLIT AT VALUES (1, 2), (1, 3)

statement ok
ALTER INDEX range_for_row@i SPLIT AT VALUES (3, 4), (3, 5)

query TT
SELECT start_key, end_key FROM [SHOW RANGE FROM TABLE range_for_row FOR ROW (1, 2)]
----
/1/2 /1/3

query TT
SELECT start_key, end_key FROM [SHOW RANGE FROM TABLE range_for_row FOR ROW (1, 3)]
----
/1/3 NULL

query TT
SELECT start_key, end_key FROM [SHOW RANGE FROM TABLE range_for_row FOR ROW (1, 1)]
----
NULL /1/2

query TT
SELECT start_key, end_key FROM [SHOW RANGE FROM INDEX range_for_row@i FOR ROW (1, 2, 1, 2)]
----
NULL /3/4

query TT
SELECT start_key, end_key FROM [SHOW RANGE FROM INDEX range_for_row@i FOR ROW (3, 4, 1, 2)]
----
/3/4 /3/5

query TT
SELECT start_key, end_key FROM [SHOW RANGE FROM INDEX range_for_row@i FOR ROW (3, 5, 1, 2)]
----
/3/5 NULL

statement ok
CREATE TABLE range_for_row_string(x STRING PRIMARY KEY)

statement ok
ALTER TABLE range_for_row_string SPLIT AT VALUES ('hello')

query TT
SELECT start_key, end_key FROM [SHOW RANGE FROM TABLE range_for_row_string FOR ROW ('he')]
----
NULL /"hello"

statement ok
CREATE TABLE range_for_row_decimal(x DECIMAL PRIMARY KEY)

statement ok
ALTER TABLE range_for_row_decimal SPLIT AT VALUES (1), (2)

query TT
SELECT start_key, end_key FROM [SHOW RANGE FROM TABLE range_for_row_decimal FOR ROW (1)]
----
/1 /2

statement ok
CREATE TABLE range_for_row_nulls(x INT PRIMARY KEY, y INT, INDEX i (y))

statement ok
ALTER INDEX range_for_row_nulls@i SPLIT AT VALUES (NULL)

query TT
SELECT start_key, end_key from [SHOW RANGE FROM INDEX range_for_row_nulls@i FOR ROW (NULL, 1)]
----
/NULL NULL

subtest end

# Regression for #42456
statement ok
CREATE TABLE t42456 (x int primary key);

statement ok
CREATE INDEX i1 on t42456 (x);

statement ok
CREATE INDEX i2 on t42456 (x);

statement ok
DROP INDEX t42456@i1;

statement ok
DROP INDEX t42456@i2;

statement ok
CREATE INDEX i3 on t42456 (x)

let $t42456_id
SELECT id FROM system.namespace WHERE name='t42456'

# This test depends on the index ID in the query and expectation for
# crdb_internal.encode_key.  Here we look up the index ID to assert
# that it is what we think it is.  If this test fails, then the
# expectation below likely needs to change as well.
query T
WITH indexes AS (
    SELECT json_array_elements(crdb_internal.pb_to_json('cockroach.sql.sqlbase.Descriptor', descriptor)->'table'->'indexes') as idx from system.descriptor WHERE id = $t42456_id
)
SELECT idx->'id' from indexes WHERE idx->>'name' = 'i3';
----
6

query T
SELECT crdb_internal.pretty_key(crdb_internal.encode_key($t42456_id, 6, (1, )), 0)
----
/125/6/1

# Regression test for #44326. SHOW RANGES on a virtual table should cause
# an error, not a panic.
query error SHOW RANGES may not be called on a virtual table
SHOW RANGES FROM TABLE crdb_internal.tables

query error SHOW RANGE FOR ROW may not be called on a virtual table
SHOW RANGE FROM TABLE crdb_internal.tables FOR ROW (0, 0)

# Test that SHOW RANGE FOR ROW returns a nice error message for hidden columns
# in a secondary index.
statement ok
CREATE TABLE err_msg (x INT, y INT, z INT, PRIMARY KEY (x, y), INDEX i (z))

statement error HINT: columns \[x y\] are implicitly part of index "i"'s key, include columns \[z x y\] in this order
SHOW RANGE FROM INDEX err_msg@i FOR ROW (1)

# Regression test for incorrectly handling an excessive number of values in
# SPLIT/UNSPLIT AT statements (#59011).
statement ok
CREATE TABLE t59011 (id UUID NOT NULL DEFAULT gen_random_uuid(), level INT8 NULL DEFAULT 0:::INT8, CONSTRAINT "primary" PRIMARY KEY (id ASC), INDEX i59011 (level ASC));

statement ok
INSERT INTO t59011(level) SELECT 2 FROM generate_series(1, 10);

statement error excessive number of values provided: expected 1, got 2
ALTER INDEX i59011 SPLIT AT VALUES (2, '6cf22b39-a1eb-43ee-8edf-0da8543c5c38'::UUID);

statement error excessive number of values provided: expected 1, got 2
ALTER INDEX i59011 UNSPLIT AT VALUES (2, '6cf22b39-a1eb-43ee-8edf-0da8543c5c38'::UUID);

# Regression for #63646

statement ok
CREATE TYPE e63646 AS ENUM ('a', 'b');

statement ok
CREATE TABLE t63646 (e e63646 PRIMARY KEY);

statement ok
INSERT INTO t63646 VALUES ('a'), ('b');

statement ok
ALTER TABLE t63646 SPLIT AT VALUES ('a'), ('b')

query TT
SELECT start_key, end_key FROM [SHOW RANGE FROM TABLE t63646 FOR ROW ('a')]
----
/"@"  /"\x80"

query TT
SELECT start_key, end_key FROM [SHOW RANGE FROM TABLE t63646 FOR ROW ('b')]
----
/"\x80"  NULL

# Test permissions for showing ranges with ZONECONFIG privilege

user root

statement ok
GRANT SELECT ON TABLE t to testuser

user testuser

statement error only users with the ZONECONFIG privilege or the admin role can use SHOW RANGES on t
SHOW RANGES FROM TABLE t

statement error only users with the ZONECONFIG privilege or the admin role can use SHOW RANGES on t
SHOW RANGES FROM INDEX t@idx

user root

statement ok
GRANT ZONECONFIG ON TABLE t TO testuser

user testuser

statement ok
SHOW RANGES FROM TABLE t

statement ok
SHOW RANGES FROM INDEX t@idx

# This is a regression test for an issue in the vectorization of
# crdb_internal.range_stats whereby NULLs in the input were not
# properly handled.
statement ok
SELECT crdb_internal.range_stats(k)
  FROM (
          SELECT *
            FROM (
                     SELECT start_key AS k, random() AS r FROM crdb_internal.ranges_no_leases
                     UNION ALL SELECT NULL, random() FROM ROWS FROM (generate_series(1, 100))
                 )
        ORDER BY r DESC
       );

user root

subtest show_ranges_database_columns

statement ok
CREATE DATABASE db

query TTTT_TTTTTT colnames
SHOW RANGES FROM DATABASE db
----
table_name  start_key  end_key  range_id  range_size_mb  lease_holder  lease_holder_locality  replicas  replica_localities  voting_replicas  non_voting_replicas

subtest end

subtest show_ranges_table_columns

statement ok
CREATE TABLE tbl();

query TTTI_ITTTTT colnames
SHOW RANGES FROM TABLE tbl;
----
start_key  end_key  index_name  range_id  range_size_mb  lease_holder  lease_holder_locality  replicas  replica_localities      voting_replicas  non_voting_replicas
NULL       NULL     ·           90        _              1             region=test,dc=dc1     {1}       {"region=test,dc=dc1"}  {1}              {}

subtest end

subtest show_ranges_index_columns

statement ok
CREATE TABLE tbl_with_idx(i INT, INDEX idx (i));

query TTTI_ITTTTT colnames
SHOW RANGES FROM INDEX tbl_with_idx@idx;
----
start_key  end_key  index_name  range_id  range_size_mb  lease_holder  lease_holder_locality  replicas  replica_localities      voting_replicas  non_voting_replicas
NULL       NULL     ·           90        _              1             region=test,dc=dc1     {1}       {"region=test,dc=dc1"}  {1}              {}

subtest end

subtest show_range_table_for_row_columns

statement ok
CREATE TABLE tbl_for_row(i INT PRIMARY KEY);

query TTIITTTTT colnames
SHOW RANGE FROM TABLE tbl_for_row FOR ROW (0)
----
start_key  end_key  range_id  lease_holder  lease_holder_locality  replicas  replica_localities      voting_replicas  non_voting_replicas
NULL       NULL     90        1             region=test,dc=dc1     {1}       {"region=test,dc=dc1"}  {1}              {}

subtest end

subtest show_range_index_for_row_columns

statement ok
CREATE TABLE tbl_with_idx_for_row(i INT, INDEX idx (i));

query TTIITTTTT colnames
SHOW RANGE FROM INDEX tbl_with_idx_for_row@idx FOR ROW (NULL, 0)
----
start_key  end_key  range_id  lease_holder  lease_holder_locality  replicas  replica_localities      voting_replicas  non_voting_replicas
NULL       NULL     90        1             region=test,dc=dc1     {1}       {"region=test,dc=dc1"}  {1}              {}

subtest end
