# LogicTest: 5node-local 5node-dist-opt

statement ok
CREATE TABLE t (k1 INT, k2 INT, v INT, w INT, PRIMARY KEY (k1, k2))

query TTTI colnames
SELECT start_key, end_key, replicas, lease_holder FROM [SHOW EXPERIMENTAL_RANGES FROM TABLE t]
----
start_key  end_key  replicas  lease_holder
NULL       NULL     {1}       1

statement ok
ALTER TABLE t SPLIT AT VALUES (1), (10)

query TTTI colnames
SELECT start_key, end_key, replicas, lease_holder FROM [SHOW EXPERIMENTAL_RANGES FROM TABLE t]
----
start_key  end_key  replicas  lease_holder
NULL       /1       {1}       1
/1         /10      {1}       1
/10        NULL     {1}       1

statement ok
ALTER TABLE t EXPERIMENTAL_RELOCATE VALUES (ARRAY[4], 1, 12)

statement ok
ALTER TABLE t EXPERIMENTAL_RELOCATE LEASE VALUES (4, 1, 12)

query TTTI colnames
SELECT start_key, end_key, replicas, lease_holder FROM [SHOW EXPERIMENTAL_RANGES FROM TABLE t]
----
start_key  end_key  replicas  lease_holder
NULL       /1       {1}       1
/1         /10      {4}       4
/10        NULL     {1}       1

statement ok
ALTER TABLE t SPLIT AT VALUES (5,1), (5,2), (5,3)

query TTTI colnames
SELECT start_key, end_key, replicas, lease_holder FROM [SHOW EXPERIMENTAL_RANGES FROM TABLE t]
----
start_key  end_key  replicas  lease_holder
NULL       /1       {1}       1
/1         /5/1     {4}       4
/5/1       /5/2     {4}       4
/5/2       /5/3     {4}       4
/5/3       /10      {4}       4
/10        NULL     {1}       1

statement ok
ALTER TABLE t EXPERIMENTAL_RELOCATE VALUES (ARRAY[1,2,3], 5, 1), (ARRAY[5,2,3], 5, 2), (ARRAY[4,2,1], 5, 3)

statement ok
ALTER TABLE t EXPERIMENTAL_RELOCATE VALUES (ARRAY[3,4], 4)

statement ok
ALTER TABLE t EXPERIMENTAL_RELOCATE LEASE VALUES (1, 5, 1), (5, 5, 2)

query TTTI colnames
SELECT start_key, end_key, replicas, lease_holder FROM [SHOW EXPERIMENTAL_RANGES FROM TABLE t]
----
start_key  end_key  replicas  lease_holder
NULL       /1       {1}       1
/1         /5/1     {3,4}     3
/5/1       /5/2     {1,2,3}   1
/5/2       /5/3     {2,3,5}   5
/5/3       /10      {1,2,4}   4
/10        NULL     {1}       1

statement ok
CREATE INDEX idx ON t(v, w)

query TTTI colnames
SELECT start_key, end_key, replicas, lease_holder FROM [SHOW EXPERIMENTAL_RANGES FROM INDEX t@idx]
----
start_key  end_key  replicas  lease_holder
NULL       NULL     {1}       1

statement ok
ALTER INDEX t@idx SPLIT AT VALUES (100,1), (100,50)

query TTTI colnames
SELECT start_key, end_key, replicas, lease_holder FROM [SHOW EXPERIMENTAL_RANGES FROM INDEX t@idx]
----
start_key  end_key  replicas  lease_holder
NULL       /100/1   {1}       1
/100/1     /100/50  {1}       1
/100/50    NULL     {1}       1

statement ok
ALTER INDEX t@idx SPLIT AT VALUES (8), (9)

query TTTI colnames
SELECT start_key, end_key, replicas, lease_holder FROM [SHOW EXPERIMENTAL_RANGES FROM INDEX t@idx]
----
start_key  end_key  replicas  lease_holder
NULL       /8       {1}       1
/8         /9       {1}       1
/9         /100/1   {1}       1
/100/1     /100/50  {1}       1
/100/50    NULL     {1}       1

statement ok
ALTER INDEX t@idx EXPERIMENTAL_RELOCATE VALUES (ARRAY[5], 100, 10), (ARRAY[3], 100, 11)

query TTTI colnames
SELECT start_key, end_key, replicas, lease_holder FROM [SHOW EXPERIMENTAL_RANGES FROM INDEX t@idx]
----
start_key  end_key  replicas  lease_holder
NULL       /8       {1}       1
/8         /9       {1}       1
/9         /100/1   {1}       1
/100/1     /100/50  {3}       3
/100/50    NULL     {1}       1

# -- Tests with interleaved tables --

statement ok
CREATE TABLE t0 (
  k1 INT, k2 INT, k3 INT, v INT, PRIMARY KEY (k1, k2, k3)
) INTERLEAVE IN PARENT t(k1, k2)

# We expect the splits for t0 to be the same as the splits for t.
query TTTI colnames
SELECT start_key, end_key, replicas, lease_holder FROM [SHOW EXPERIMENTAL_RANGES FROM TABLE t0]
----
start_key  end_key  replicas  lease_holder
NULL       /1       {1}       1
/1         /5/1     {3,4}     3
/5/1       /5/2     {1,2,3}   1
/5/2       /5/3     {2,3,5}   5
/5/3       /10      {1,2,4}   4
/10        NULL     {1}       1

statement ok
ALTER TABLE t0 SPLIT AT VALUES (7, 8, 9)

query TTTI colnames
SELECT start_key, end_key, replicas, lease_holder FROM [SHOW EXPERIMENTAL_RANGES FROM TABLE t0]
----
start_key      end_key        replicas  lease_holder
NULL           /1             {1}       1
/1             /5/1           {3,4}     3
/5/1           /5/2           {1,2,3}   1
/5/2           /5/3           {2,3,5}   5
/5/3           /7/8/#/54/1/9  {1,2,4}   4
/7/8/#/54/1/9  /10            {1,2,4}   4
/10            NULL           {1}       1

statement ok
ALTER TABLE t0 SPLIT AT VALUES (11)

query TTTI colnames
SELECT start_key, end_key, replicas, lease_holder FROM [SHOW EXPERIMENTAL_RANGES FROM TABLE t0]
----
start_key      end_key        replicas  lease_holder
NULL           /1             {1}       1
/1             /5/1           {3,4}     3
/5/1           /5/2           {1,2,3}   1
/5/2           /5/3           {2,3,5}   5
/5/3           /7/8/#/54/1/9  {1,2,4}   4
/7/8/#/54/1/9  /10            {1,2,4}   4
/10            /11            {1}       1
/11            NULL           {1}       1

query TTTI colnames
SELECT start_key, end_key, replicas, lease_holder FROM [SHOW EXPERIMENTAL_RANGES FROM TABLE t]
----
start_key      end_key        replicas  lease_holder
NULL           /1             {1}       1
/1             /5/1           {3,4}     3
/5/1           /5/2           {1,2,3}   1
/5/2           /5/3           {2,3,5}   5
/5/3           /7/8/#/54/1/9  {1,2,4}   4
/7/8/#/54/1/9  /10            {1,2,4}   4
/10            /11            {1}       1
/11            NULL           {1}       1


statement ok
CREATE TABLE t1 (k INT PRIMARY KEY, v1 INT, v2 INT, v3 INT)

statement ok
CREATE INDEX idx on t1(v1,v2,v3) INTERLEAVE IN PARENT t(v1,v2)

# We expect the splits for the index to be the same as the splits for t.
query TTTI colnames
SELECT start_key, end_key, replicas, lease_holder FROM [SHOW EXPERIMENTAL_RANGES FROM INDEX t1@idx]
----
start_key      end_key        replicas  lease_holder
NULL           /1             {1}       1
/1             /5/1           {3,4}     3
/5/1           /5/2           {1,2,3}   1
/5/2           /5/3           {2,3,5}   5
/5/3           /7/8/#/54/1/9  {1,2,4}   4
/7/8/#/54/1/9  /10            {1,2,4}   4
/10            /11            {1}       1
/11            NULL           {1}       1

statement ok
ALTER INDEX t1@idx SPLIT AT VALUES (15,16)

query TTTI colnames
SELECT start_key, end_key, replicas, lease_holder FROM [SHOW EXPERIMENTAL_RANGES FROM INDEX t1@idx]
----
start_key      end_key        replicas  lease_holder
NULL           /1             {1}       1
/1             /5/1           {3,4}     3
/5/1           /5/2           {1,2,3}   1
/5/2           /5/3           {2,3,5}   5
/5/3           /7/8/#/54/1/9  {1,2,4}   4
/7/8/#/54/1/9  /10            {1,2,4}   4
/10            /11            {1}       1
/11            /15/16/#/55/2  {1}       1
/15/16/#/55/2  NULL           {1}       1

statement error too many columns in SPLIT AT data
ALTER TABLE t SPLIT AT VALUES (1, 2, 3)

statement error could not parse "foo" as type int
ALTER TABLE t SPLIT AT VALUES ('foo')

statement error too many columns in EXPERIMENTAL_RELOCATE data
ALTER TABLE t EXPERIMENTAL_RELOCATE VALUES (ARRAY[1], 1, 2, 3)

statement error could not parse "foo" as type int
ALTER TABLE t EXPERIMENTAL_RELOCATE VALUES (ARRAY[4], 'foo')

statement error EXPERIMENTAL_RELOCATE data column 1 \(relocation array\) must be of type int\[\], not type string
ALTER TABLE t EXPERIMENTAL_RELOCATE VALUES ('foo', 1)

statement error too many columns in EXPERIMENTAL_RELOCATE LEASE data
ALTER TABLE t EXPERIMENTAL_RELOCATE LEASE VALUES (4, 1, 2, 3)

statement error could not parse "foo" as type int
ALTER TABLE t EXPERIMENTAL_RELOCATE LEASE VALUES (4, 'foo')

statement error could not parse "foo" as type int
ALTER TABLE t EXPERIMENTAL_RELOCATE LEASE VALUES ('foo', 1)

# Create and drop things to produce interesting data for crdb_internal.ranges.

statement ok
CREATE DATABASE d

statement ok
CREATE TABLE d.a ()

statement ok
CREATE DATABASE e

statement ok
CREATE TABLE e.b (i INT)

statement ok
ALTER TABLE e.b SPLIT AT VALUES (0)

statement ok
CREATE TABLE d.c (i INT)

statement ok
DROP DATABASE e CASCADE

statement ok
CREATE INDEX ON d.c (i)

statement ok
ALTER TABLE d.c SPLIT AT VALUES (123)

statement ok
ALTER INDEX d.c@c_i_idx SPLIT AT VALUES (0)

query TTTTTTTTI colnames
SELECT  start_key, start_pretty, end_key, end_pretty, database_name, table_name, index_name, replicas, crdb_internal.lease_holder(start_key) FROM crdb_internal.ranges_no_leases;
----
start_key                          start_pretty                   end_key                            end_pretty                     database_name  table_name        index_name  replicas  crdb_internal.lease_holder
·                                  /Min                            liveness-                        /System/NodeLiveness           ·              ·                 ·           {1}       1
 liveness-                        /System/NodeLiveness            liveness.                        /System/NodeLivenessMax        ·              ·                 ·           {1}       1
 liveness.                        /System/NodeLivenessMax        tsd                               /System/tsd                    ·              ·                 ·           {1}       1
tsd                               /System/tsd                    tse                               /System/"tse"                  ·              ·                 ·           {1}       1
tse                               /System/"tse"                  [136]                              /Table/SystemConfigSpan/Start  ·              ·                 ·           {1}       1
[136]                              /Table/SystemConfigSpan/Start  [147]                              /Table/11                      ·              ·                 ·           {1}       1
[147]                              /Table/11                      [148]                              /Table/12                      system         lease             ·           {1}       1
[148]                              /Table/12                      [149]                              /Table/13                      system         eventlog          ·           {1}       1
[149]                              /Table/13                      [150]                              /Table/14                      system         rangelog          ·           {1}       1
[150]                              /Table/14                      [151]                              /Table/15                      system         ui                ·           {1}       1
[151]                              /Table/15                      [152]                              /Table/16                      system         jobs              ·           {1}       1
[152]                              /Table/16                      [153]                              /Table/17                      ·              ·                 ·           {1}       1
[153]                              /Table/17                      [154]                              /Table/18                      ·              ·                 ·           {1}       1
[154]                              /Table/18                      [155]                              /Table/19                      ·              ·                 ·           {1}       1
[155]                              /Table/19                      [156]                              /Table/20                      system         web_sessions      ·           {1}       1
[156]                              /Table/20                      [157]                              /Table/21                      system         table_statistics  ·           {1}       1
[157]                              /Table/21                      [158]                              /Table/22                      system         locations         ·           {1}       1
[158]                              /Table/22                      [159]                              /Table/23                      ·              ·                 ·           {1}       1
[159]                              /Table/23                      [160]                              /Table/24                      system         role_members      ·           {1}       1
[160]                              /Table/24                      [189 137]                          /Table/53/1                    system         comments          ·           {1}       1
[189 137]                          /Table/53/1                    [189 137 137]                      /Table/53/1/1                  test           t                 ·           {1}       1
[189 137 137]                      /Table/53/1/1                  [189 137 141 137]                  /Table/53/1/5/1                test           t                 ·           {3,4}     3
[189 137 141 137]                  /Table/53/1/5/1                [189 137 141 138]                  /Table/53/1/5/2                test           t                 ·           {1,2,3}   1
[189 137 141 138]                  /Table/53/1/5/2                [189 137 141 139]                  /Table/53/1/5/3                test           t                 ·           {2,3,5}   5
[189 137 141 139]                  /Table/53/1/5/3                [189 137 143 144 254 190 137 145]  /Table/53/1/7/8/#/54/1/9       test           t                 ·           {1,2,4}   4
[189 137 143 144 254 190 137 145]  /Table/53/1/7/8/#/54/1/9       [189 137 146]                      /Table/53/1/10                 test           t                 ·           {1,2,4}   4
[189 137 146]                      /Table/53/1/10                 [189 137 147]                      /Table/53/1/11                 test           t                 ·           {1}       1
[189 137 147]                      /Table/53/1/11                 [189 137 151 152 254 191 138]      /Table/53/1/15/16/#/55/2       test           t                 ·           {1}       1
[189 137 151 152 254 191 138]      /Table/53/1/15/16/#/55/2       [189 138]                          /Table/53/2                    test           t                 ·           {1}       1
[189 138]                          /Table/53/2                    [189 138 144]                      /Table/53/2/8                  test           t                 idx         {1}       1
[189 138 144]                      /Table/53/2/8                  [189 138 145]                      /Table/53/2/9                  test           t                 idx         {1}       1
[189 138 145]                      /Table/53/2/9                  [189 138 236 137]                  /Table/53/2/100/1              test           t                 idx         {1}       1
[189 138 236 137]                  /Table/53/2/100/1              [189 138 236 186]                  /Table/53/2/100/50             test           t                 idx         {3}       3
[189 138 236 186]                  /Table/53/2/100/50             [195 137 136]                      /Table/59/1/0                  test           t                 idx         {1}       1
[195 137 136]                      /Table/59/1/0                  [196 137 246 123]                  /Table/60/1/123                ·              b                 ·           {1}       1
[196 137 246 123]                  /Table/60/1/123                Ċ                                  /Table/60/2                    d              c                 ·           {1}       1
Ċ                                  /Table/60/2                    [196 138 136]                      /Table/60/2/0                  d              c                 c_i_idx     {1}       1
[196 138 136]                      /Table/60/2/0                  [255 255]                          /Max                           d              c                 c_i_idx     {1}       1

query TTTTTTTTI colnames
SELECT start_key, start_pretty, end_key, end_pretty, database_name, table_name, index_name, replicas, lease_holder FROM crdb_internal.ranges
----
start_key                          start_pretty                   end_key                            end_pretty                     database_name  table_name        index_name  replicas  lease_holder
·                                  /Min                            liveness-                        /System/NodeLiveness           ·              ·                 ·           {1}       1
 liveness-                        /System/NodeLiveness            liveness.                        /System/NodeLivenessMax        ·              ·                 ·           {1}       1
 liveness.                        /System/NodeLivenessMax        tsd                               /System/tsd                    ·              ·                 ·           {1}       1
tsd                               /System/tsd                    tse                               /System/"tse"                  ·              ·                 ·           {1}       1
tse                               /System/"tse"                  [136]                              /Table/SystemConfigSpan/Start  ·              ·                 ·           {1}       1
[136]                              /Table/SystemConfigSpan/Start  [147]                              /Table/11                      ·              ·                 ·           {1}       1
[147]                              /Table/11                      [148]                              /Table/12                      system         lease             ·           {1}       1
[148]                              /Table/12                      [149]                              /Table/13                      system         eventlog          ·           {1}       1
[149]                              /Table/13                      [150]                              /Table/14                      system         rangelog          ·           {1}       1
[150]                              /Table/14                      [151]                              /Table/15                      system         ui                ·           {1}       1
[151]                              /Table/15                      [152]                              /Table/16                      system         jobs              ·           {1}       1
[152]                              /Table/16                      [153]                              /Table/17                      ·              ·                 ·           {1}       1
[153]                              /Table/17                      [154]                              /Table/18                      ·              ·                 ·           {1}       1
[154]                              /Table/18                      [155]                              /Table/19                      ·              ·                 ·           {1}       1
[155]                              /Table/19                      [156]                              /Table/20                      system         web_sessions      ·           {1}       1
[156]                              /Table/20                      [157]                              /Table/21                      system         table_statistics  ·           {1}       1
[157]                              /Table/21                      [158]                              /Table/22                      system         locations         ·           {1}       1
[158]                              /Table/22                      [159]                              /Table/23                      ·              ·                 ·           {1}       1
[159]                              /Table/23                      [160]                              /Table/24                      system         role_members      ·           {1}       1
[160]                              /Table/24                      [189 137]                          /Table/53/1                    system         comments          ·           {1}       1
[189 137]                          /Table/53/1                    [189 137 137]                      /Table/53/1/1                  test           t                 ·           {1}       1
[189 137 137]                      /Table/53/1/1                  [189 137 141 137]                  /Table/53/1/5/1                test           t                 ·           {3,4}     3
[189 137 141 137]                  /Table/53/1/5/1                [189 137 141 138]                  /Table/53/1/5/2                test           t                 ·           {1,2,3}   1
[189 137 141 138]                  /Table/53/1/5/2                [189 137 141 139]                  /Table/53/1/5/3                test           t                 ·           {2,3,5}   5
[189 137 141 139]                  /Table/53/1/5/3                [189 137 143 144 254 190 137 145]  /Table/53/1/7/8/#/54/1/9       test           t                 ·           {1,2,4}   4
[189 137 143 144 254 190 137 145]  /Table/53/1/7/8/#/54/1/9       [189 137 146]                      /Table/53/1/10                 test           t                 ·           {1,2,4}   4
[189 137 146]                      /Table/53/1/10                 [189 137 147]                      /Table/53/1/11                 test           t                 ·           {1}       1
[189 137 147]                      /Table/53/1/11                 [189 137 151 152 254 191 138]      /Table/53/1/15/16/#/55/2       test           t                 ·           {1}       1
[189 137 151 152 254 191 138]      /Table/53/1/15/16/#/55/2       [189 138]                          /Table/53/2                    test           t                 ·           {1}       1
[189 138]                          /Table/53/2                    [189 138 144]                      /Table/53/2/8                  test           t                 idx         {1}       1
[189 138 144]                      /Table/53/2/8                  [189 138 145]                      /Table/53/2/9                  test           t                 idx         {1}       1
[189 138 145]                      /Table/53/2/9                  [189 138 236 137]                  /Table/53/2/100/1              test           t                 idx         {1}       1
[189 138 236 137]                  /Table/53/2/100/1              [189 138 236 186]                  /Table/53/2/100/50             test           t                 idx         {3}       3
[189 138 236 186]                  /Table/53/2/100/50             [195 137 136]                      /Table/59/1/0                  test           t                 idx         {1}       1
[195 137 136]                      /Table/59/1/0                  [196 137 246 123]                  /Table/60/1/123                ·              b                 ·           {1}       1
[196 137 246 123]                  /Table/60/1/123                Ċ                                  /Table/60/2                    d              c                 ·           {1}       1
Ċ                                  /Table/60/2                    [196 138 136]                      /Table/60/2/0                  d              c                 c_i_idx     {1}       1
[196 138 136]                      /Table/60/2/0                  [255 255]                          /Max                           d              c                 c_i_idx     {1}       1
