statement error value of "ttl_expire_after" must be an interval
CREATE TABLE tbl (id INT PRIMARY KEY, text TEXT) WITH (ttl_expire_after = ' xx invalid interval xx')

statement error value of "ttl_expire_after" must be at least zero
CREATE TABLE tbl (id INT PRIMARY KEY, text TEXT) WITH (ttl_expire_after = '-10 minutes')

statement error "ttl_expire_after" must be set
CREATE TABLE tbl (id INT PRIMARY KEY, text TEXT) WITH (ttl = 'on')

statement error "ttl_expire_after" must be set if "ttl_automatic_column" is set
CREATE TABLE tbl (id INT PRIMARY KEY, text TEXT) WITH (ttl_automatic_column = 'on')

statement ok
CREATE TABLE tbl (
  id INT PRIMARY KEY,
  text TEXT,
  FAMILY (id, text)
) WITH (ttl_expire_after = '10 minutes')

query T
SELECT create_statement FROM [SHOW CREATE TABLE tbl]
----
CREATE TABLE public.tbl (
                                                                                            id INT8 NOT NULL,
                                                                                            text STRING NULL,
                                                                                            crdb_internal_expiration TIMESTAMPTZ NOT VISIBLE NOT NULL DEFAULT current_timestamp():::TIMESTAMPTZ + '00:10:00':::INTERVAL ON UPDATE current_timestamp():::TIMESTAMPTZ + '00:10:00':::INTERVAL,
                                                                                            CONSTRAINT tbl_pkey PRIMARY KEY (id ASC),
                                                                                            FAMILY fam_0_id_text_crdb_internal_expiration (id, text, crdb_internal_expiration)
) WITH (ttl = 'on', ttl_automatic_column = 'on', ttl_expire_after = '00:10:00':::INTERVAL)

statement error  resetting "ttl_expire_after" is not permitted\nHINT: use `RESET \(ttl_automatic_column\)` to remove the automatic column or use `RESET \(ttl\)` to remove TTL from the table
ALTER TABLE tbl RESET (ttl_expire_after)

query T
SELECT reloptions FROM pg_class WHERE relname = 'tbl'
----
{ttl_expire_after='00:10:00':::INTERVAL}

statement ok
DROP TABLE tbl

statement error table crdb_internal_expiration has TTL defined, but column crdb_internal_expiration is not a TIMESTAMPTZ
CREATE TABLE tbl (
  id INT PRIMARY KEY,
  text TEXT,
  crdb_internal_expiration INTERVAL,
  FAMILY (id, text)
) WITH (ttl_expire_after = '10 minutes'::interval)

statement ok
CREATE TABLE tbl (
  id INT PRIMARY KEY,
  text TEXT,
  FAMILY (id, text)
) WITH (ttl_expire_after = '10 minutes'::interval)

query T
SELECT create_statement FROM [SHOW CREATE TABLE tbl]
----
CREATE TABLE public.tbl (
                                                                                            id INT8 NOT NULL,
                                                                                            text STRING NULL,
                                                                                            crdb_internal_expiration TIMESTAMPTZ NOT VISIBLE NOT NULL DEFAULT current_timestamp():::TIMESTAMPTZ + '00:10:00':::INTERVAL ON UPDATE current_timestamp():::TIMESTAMPTZ + '00:10:00':::INTERVAL,
                                                                                            CONSTRAINT tbl_pkey PRIMARY KEY (id ASC),
                                                                                            FAMILY fam_0_id_text_crdb_internal_expiration (id, text, crdb_internal_expiration)
) WITH (ttl = 'on', ttl_automatic_column = 'on', ttl_expire_after = '00:10:00':::INTERVAL)

# Test no-ops.
statement ok
ALTER TABLE tbl SET (ttl = 'on');
ALTER TABLE tbl SET (ttl_automatic_column = 'on')

query T
SELECT create_statement FROM [SHOW CREATE TABLE tbl]
----
CREATE TABLE public.tbl (
                                                                                            id INT8 NOT NULL,
                                                                                            text STRING NULL,
                                                                                            crdb_internal_expiration TIMESTAMPTZ NOT VISIBLE NOT NULL DEFAULT current_timestamp():::TIMESTAMPTZ + '00:10:00':::INTERVAL ON UPDATE current_timestamp():::TIMESTAMPTZ + '00:10:00':::INTERVAL,
                                                                                            CONSTRAINT tbl_pkey PRIMARY KEY (id ASC),
                                                                                            FAMILY fam_0_id_text_crdb_internal_expiration (id, text, crdb_internal_expiration)
) WITH (ttl = 'on', ttl_automatic_column = 'on', ttl_expire_after = '00:10:00':::INTERVAL)


statement ok
CREATE TABLE no_ttl_table ();
ALTER TABLE no_ttl_table SET (ttl = 'off');
ALTER TABLE no_ttl_table SET (ttl_automatic_column = 'off')

query T
SELECT create_statement FROM [SHOW CREATE TABLE tbl]
----
CREATE TABLE public.tbl (
                                                                                            id INT8 NOT NULL,
                                                                                            text STRING NULL,
                                                                                            crdb_internal_expiration TIMESTAMPTZ NOT VISIBLE NOT NULL DEFAULT current_timestamp():::TIMESTAMPTZ + '00:10:00':::INTERVAL ON UPDATE current_timestamp():::TIMESTAMPTZ + '00:10:00':::INTERVAL,
                                                                                            CONSTRAINT tbl_pkey PRIMARY KEY (id ASC),
                                                                                            FAMILY fam_0_id_text_crdb_internal_expiration (id, text, crdb_internal_expiration)
) WITH (ttl = 'on', ttl_automatic_column = 'on', ttl_expire_after = '00:10:00':::INTERVAL)
