statement error value of "ttl_expire_after" must be an interval
CREATE TABLE tbl (id INT PRIMARY KEY, text TEXT) WITH (ttl_expire_after = ' xx invalid interval xx')

statement error value of "ttl_expire_after" must be at least zero
CREATE TABLE tbl (id INT PRIMARY KEY, text TEXT) WITH (ttl_expire_after = '-10 minutes')

statement error "ttl_expire_after" must be set
CREATE TABLE tbl (id INT PRIMARY KEY, text TEXT) WITH (ttl = 'on')

query T noticetrace
CREATE TABLE tbl_ttl_automatic_column (id INT PRIMARY KEY, text TEXT) WITH (ttl_automatic_column = 'on')
----
NOTICE: ttl_automatic_column is no longer used. Setting ttl_expire_after automatically creates a TTL column. Resetting ttl_expire_after removes the automatically created column.

query T noticetrace
ALTER TABLE tbl_ttl_automatic_column RESET (ttl_automatic_column)
----
NOTICE: ttl_automatic_column is no longer used. Setting ttl_expire_after automatically creates a TTL column. Resetting ttl_expire_after removes the automatically created column.

statement error expected DEFAULT expression of crdb_internal_expiration to be current_timestamp\(\):::TIMESTAMPTZ \+ '00:10:00':::INTERVAL
CREATE TABLE tbl (
  id INT PRIMARY KEY,
  text TEXT,
  crdb_internal_expiration TIMESTAMPTZ,
  FAMILY (id, text)
) WITH (ttl_expire_after = '10 minutes')

statement error expected ON UPDATE expression of crdb_internal_expiration to be current_timestamp\(\):::TIMESTAMPTZ \+ '00:10:00':::INTERVAL
CREATE TABLE tbl (
  id INT PRIMARY KEY,
  text TEXT,
  crdb_internal_expiration TIMESTAMPTZ DEFAULT current_timestamp() + '10 minutes'::interval,
  FAMILY (id, text)
) WITH (ttl_expire_after = '10 minutes')

statement ok
CREATE TABLE tbl (
  id INT PRIMARY KEY,
  text TEXT,
  FAMILY (id, text)
) WITH (ttl_expire_after = '10 minutes')

query T
SELECT create_statement FROM [SHOW CREATE TABLE tbl]
----
CREATE TABLE public.tbl (
                                                                                                                      id INT8 NOT NULL,
                                                                                                                      text STRING NULL,
                                                                                                                      crdb_internal_expiration TIMESTAMPTZ NOT VISIBLE NOT NULL DEFAULT current_timestamp():::TIMESTAMPTZ + '00:10:00':::INTERVAL ON UPDATE current_timestamp():::TIMESTAMPTZ + '00:10:00':::INTERVAL,
                                                                                                                      CONSTRAINT tbl_pkey PRIMARY KEY (id ASC),
                                                                                                                      FAMILY fam_0_id_text_crdb_internal_expiration (id, text, crdb_internal_expiration)
) WITH (ttl = 'on', ttl_expire_after = '00:10:00':::INTERVAL, ttl_job_cron = '@hourly')

statement ok
SELECT crdb_internal.validate_ttl_scheduled_jobs()

statement ok
SELECT crdb_internal.repair_ttl_table_scheduled_job('tbl'::regclass::oid)

statement ok
SELECT crdb_internal.validate_ttl_scheduled_jobs()

statement error resetting "ttl_expire_after" is not permitted\nHINT: use `RESET \(ttl\)` to remove TTL from the table
ALTER TABLE tbl RESET (ttl_expire_after)

statement error expected DEFAULT expression of crdb_internal_expiration to be current_timestamp\(\):::TIMESTAMPTZ \+ '00:10:00':::INTERVAL
ALTER TABLE tbl ALTER COLUMN crdb_internal_expiration SET DEFAULT current_timestamp()

statement error expected ON UPDATE expression of crdb_internal_expiration to be current_timestamp\(\):::TIMESTAMPTZ \+ '00:10:00':::INTERVAL
ALTER TABLE tbl ALTER COLUMN crdb_internal_expiration SET ON UPDATE current_timestamp()

statement error cannot drop column crdb_internal_expiration while row-level TTL is active
ALTER TABLE tbl DROP COLUMN crdb_internal_expiration

query T
SELECT reloptions FROM pg_class WHERE relname = 'tbl'
----
{ttl='on',ttl_expire_after='00:10:00':::INTERVAL,ttl_job_cron='@hourly'}

query I
SELECT count(1) FROM [SHOW SCHEDULES]
WHERE label LIKE 'row-level-ttl-%'
----
1

let $schedule_id
SELECT id FROM [SHOW SCHEDULES] WHERE label LIKE 'row-level-ttl-%'

statement error cannot drop a row level TTL schedule\nHINT: use ALTER TABLE test\.public\.tbl RESET \(ttl\) instead
DROP SCHEDULE $schedule_id

statement ok
ALTER TABLE tbl SET (ttl_expire_after = '10 days')

query T
SELECT create_statement FROM [SHOW CREATE TABLE tbl]
----
CREATE TABLE public.tbl (
                                                                                                                     id INT8 NOT NULL,
                                                                                                                     text STRING NULL,
                                                                                                                     crdb_internal_expiration TIMESTAMPTZ NOT VISIBLE NOT NULL DEFAULT current_timestamp():::TIMESTAMPTZ + '10 days':::INTERVAL ON UPDATE current_timestamp():::TIMESTAMPTZ + '10 days':::INTERVAL,
                                                                                                                     CONSTRAINT tbl_pkey PRIMARY KEY (id ASC),
                                                                                                                     FAMILY fam_0_id_text_crdb_internal_expiration (id, text, crdb_internal_expiration)
) WITH (ttl = 'on', ttl_expire_after = '10 days':::INTERVAL, ttl_job_cron = '@hourly')

statement error cannot modify TTL settings while another schema change on the table is being processed
ALTER TABLE tbl RESET (ttl), RESET (ttl_expire_after)

statement error cannot modify TTL settings while another schema change on the table is being processed
BEGIN;
ALTER TABLE tbl RESET (ttl);
ALTER TABLE tbl SET (ttl_select_batch_size = 200)

statement ok
ROLLBACK

statement error cannot perform other schema changes in the same transaction as a TTL mutation
BEGIN;
ALTER TABLE tbl RESET (ttl);
CREATE INDEX tbl_idx ON tbl (text)

statement ok
ROLLBACK

# Cannot reset TTL with SET (ttl = off)
statement error setting "ttl = 'off'" is not permitted
ALTER TABLE tbl SET (ttl = 'off')

# Test when we drop the TTL, ensure column is dropped and the scheduled job is removed.
statement ok
ALTER TABLE tbl RESET (ttl)

query T
SELECT create_statement FROM [SHOW CREATE TABLE tbl]
----
CREATE TABLE public.tbl (
   id INT8 NOT NULL,
   text STRING NULL,
   CONSTRAINT tbl_pkey PRIMARY KEY (id ASC),
   FAMILY fam_0_id_text_crdb_internal_expiration (id, text)
)

statement ok
SELECT crdb_internal.validate_ttl_scheduled_jobs()

query I
SELECT count(1) FROM [SHOW SCHEDULES]
WHERE label LIKE 'row-level-ttl-%'
----
0

# Ensure schedules are removed on DROP TABLE.
statement ok
DROP TABLE tbl;

statement ok
CREATE TABLE tbl (
  id INT PRIMARY KEY,
  text TEXT,
  FAMILY (id, text)
) WITH (ttl_expire_after = '10 minutes')

query I
SELECT count(1) FROM [SHOW SCHEDULES]
WHERE label LIKE 'row-level-ttl-%'
----
1

statement ok
DROP TABLE tbl

query I
SELECT count(1) FROM [SHOW SCHEDULES]
WHERE label LIKE 'row-level-ttl-%'
----
0

# Create TTL on a different schema and ensure schedules are removed when dropped.
statement ok
CREATE SCHEMA drop_me;

statement ok
CREATE TABLE drop_me.tbl () WITH (ttl_expire_after = '10 minutes'::interval);
CREATE TABLE drop_me.tbl2 () WITH (ttl_expire_after = '10 minutes'::interval)

query I
SELECT count(1) FROM [SHOW SCHEDULES]
WHERE label LIKE 'row-level-ttl-%'
----
2

statement ok
DROP SCHEMA drop_me CASCADE

query I
SELECT count(1) FROM [SHOW SCHEDULES]
WHERE label LIKE 'row-level-ttl-%'
----
0

# Create TTL on a different database and ensure schedules are removed when dropped.
statement ok
CREATE DATABASE drop_me;

statement ok
USE drop_me;

statement ok
CREATE TABLE tbl () WITH (ttl_expire_after = '10 minutes'::interval);
CREATE TABLE tbl2 () WITH (ttl_expire_after = '10 minutes'::interval)

query I
SELECT count(1) FROM [SHOW SCHEDULES]
WHERE label LIKE 'row-level-ttl-%'
----
2

statement ok
USE test;
DROP DATABASE drop_me CASCADE

query I
SELECT count(1) FROM [SHOW SCHEDULES]
WHERE label LIKE 'row-level-ttl-%'
----
0

statement error table crdb_internal_expiration has TTL defined, but column crdb_internal_expiration is not a TIMESTAMPTZ
CREATE TABLE tbl (
  id INT PRIMARY KEY,
  text TEXT,
  crdb_internal_expiration INTERVAL,
  FAMILY (id, text)
) WITH (ttl_expire_after = '10 minutes'::interval)

statement ok
CREATE TABLE tbl (
  id INT PRIMARY KEY,
  text TEXT,
  FAMILY (id, text)
) WITH (ttl_expire_after = '10 minutes'::interval)

query T
SELECT create_statement FROM [SHOW CREATE TABLE tbl]
----
CREATE TABLE public.tbl (
                                                                                                                      id INT8 NOT NULL,
                                                                                                                      text STRING NULL,
                                                                                                                      crdb_internal_expiration TIMESTAMPTZ NOT VISIBLE NOT NULL DEFAULT current_timestamp():::TIMESTAMPTZ + '00:10:00':::INTERVAL ON UPDATE current_timestamp():::TIMESTAMPTZ + '00:10:00':::INTERVAL,
                                                                                                                      CONSTRAINT tbl_pkey PRIMARY KEY (id ASC),
                                                                                                                      FAMILY fam_0_id_text_crdb_internal_expiration (id, text, crdb_internal_expiration)
) WITH (ttl = 'on', ttl_expire_after = '00:10:00':::INTERVAL, ttl_job_cron = '@hourly')

# Test no-ops.
statement ok
ALTER TABLE tbl SET (ttl = 'on');

query T
SELECT create_statement FROM [SHOW CREATE TABLE tbl]
----
CREATE TABLE public.tbl (
                                                                                                                      id INT8 NOT NULL,
                                                                                                                      text STRING NULL,
                                                                                                                      crdb_internal_expiration TIMESTAMPTZ NOT VISIBLE NOT NULL DEFAULT current_timestamp():::TIMESTAMPTZ + '00:10:00':::INTERVAL ON UPDATE current_timestamp():::TIMESTAMPTZ + '00:10:00':::INTERVAL,
                                                                                                                      CONSTRAINT tbl_pkey PRIMARY KEY (id ASC),
                                                                                                                      FAMILY fam_0_id_text_crdb_internal_expiration (id, text, crdb_internal_expiration)
) WITH (ttl = 'on', ttl_expire_after = '00:10:00':::INTERVAL, ttl_job_cron = '@hourly')

let $table_id
SELECT oid FROM pg_class WHERE relname = 'tbl'

query TTT
SELECT schedule_status, recurrence, owner FROM [SHOW SCHEDULES]
WHERE label = 'row-level-ttl-$table_id'
----
ACTIVE  @hourly  root

let $schedule_id
SELECT id FROM [SHOW SCHEDULES]
WHERE label = 'row-level-ttl-$table_id'

query T
SELECT create_statement FROM [SHOW CREATE SCHEDULE $schedule_id]
----
ALTER TABLE test.public.tbl WITH (ttl = 'on', ...)

statement ok
DROP TABLE tbl

statement error invalid cron expression for "ttl_job_cron"
CREATE TABLE tbl () WITH (ttl_expire_after = '10 seconds', ttl_job_cron = 'bad expr')

statement ok
CREATE TABLE tbl (
  id INT PRIMARY KEY,
  text TEXT,
  FAMILY (id, text)
) WITH (ttl_expire_after = '10 minutes'::interval, ttl_job_cron = '@daily')

query T
SELECT create_statement FROM [SHOW CREATE TABLE tbl]
----
CREATE TABLE public.tbl (
                                                                                                                     id INT8 NOT NULL,
                                                                                                                     text STRING NULL,
                                                                                                                     crdb_internal_expiration TIMESTAMPTZ NOT VISIBLE NOT NULL DEFAULT current_timestamp():::TIMESTAMPTZ + '00:10:00':::INTERVAL ON UPDATE current_timestamp():::TIMESTAMPTZ + '00:10:00':::INTERVAL,
                                                                                                                     CONSTRAINT tbl_pkey PRIMARY KEY (id ASC),
                                                                                                                     FAMILY fam_0_id_text_crdb_internal_expiration (id, text, crdb_internal_expiration)
) WITH (ttl = 'on', ttl_expire_after = '00:10:00':::INTERVAL, ttl_job_cron = '@daily')

let $table_id
SELECT oid FROM pg_class WHERE relname = 'tbl'

query TTT
SELECT schedule_status, recurrence, owner FROM [SHOW SCHEDULES]
WHERE label = 'row-level-ttl-$table_id'
----
ACTIVE  @daily  root

statement ok
ALTER TABLE tbl SET (ttl_job_cron = '@weekly')

query T
SELECT create_statement FROM [SHOW CREATE TABLE tbl]
----
CREATE TABLE public.tbl (
                                                                                                                      id INT8 NOT NULL,
                                                                                                                      text STRING NULL,
                                                                                                                      crdb_internal_expiration TIMESTAMPTZ NOT VISIBLE NOT NULL DEFAULT current_timestamp():::TIMESTAMPTZ + '00:10:00':::INTERVAL ON UPDATE current_timestamp():::TIMESTAMPTZ + '00:10:00':::INTERVAL,
                                                                                                                      CONSTRAINT tbl_pkey PRIMARY KEY (id ASC),
                                                                                                                      FAMILY fam_0_id_text_crdb_internal_expiration (id, text, crdb_internal_expiration)
) WITH (ttl = 'on', ttl_expire_after = '00:10:00':::INTERVAL, ttl_job_cron = '@weekly')


query TTT
SELECT schedule_status, recurrence, owner FROM [SHOW SCHEDULES]
WHERE label = 'row-level-ttl-$table_id'
----
ACTIVE  @weekly  root

statement ok
ALTER TABLE tbl RESET (ttl_job_cron)

query T
SELECT create_statement FROM [SHOW CREATE TABLE tbl]
----
CREATE TABLE public.tbl (
                                                                                                                      id INT8 NOT NULL,
                                                                                                                      text STRING NULL,
                                                                                                                      crdb_internal_expiration TIMESTAMPTZ NOT VISIBLE NOT NULL DEFAULT current_timestamp():::TIMESTAMPTZ + '00:10:00':::INTERVAL ON UPDATE current_timestamp():::TIMESTAMPTZ + '00:10:00':::INTERVAL,
                                                                                                                      CONSTRAINT tbl_pkey PRIMARY KEY (id ASC),
                                                                                                                      FAMILY fam_0_id_text_crdb_internal_expiration (id, text, crdb_internal_expiration)
) WITH (ttl = 'on', ttl_expire_after = '00:10:00':::INTERVAL, ttl_job_cron = '@hourly')

query TTT
SELECT schedule_status, recurrence, owner FROM [SHOW SCHEDULES]
WHERE label = 'row-level-ttl-$table_id'
----
ACTIVE  @hourly  root

statement ok
CREATE TABLE no_ttl_table ();

statement error "ttl_expire_after" must be set
ALTER TABLE no_ttl_table SET (ttl_select_batch_size = 50)

statement error "ttl_expire_after" must be set
ALTER TABLE no_ttl_table SET (ttl_delete_batch_size = 50)

statement error "ttl_expire_after" must be set
ALTER TABLE no_ttl_table SET (ttl_job_cron = '@weekly')

statement error "ttl_expire_after" must be set
ALTER TABLE no_ttl_table SET (ttl_pause = true)

statement error "ttl_expire_after" must be set
ALTER TABLE no_ttl_table SET (ttl_label_metrics = true)

statement ok
DROP TABLE tbl;

statement ok
CREATE TABLE tbl (
  id INT PRIMARY KEY,
  text TEXT,
  FAMILY (id, text)
) WITH (ttl_expire_after = '10 minutes', ttl_select_batch_size = 50, ttl_range_concurrency = 2, ttl_delete_rate_limit = 100, ttl_pause = true, ttl_row_stats_poll_interval = '1 minute', ttl_label_metrics = true)

query T
SELECT reloptions FROM pg_class WHERE relname = 'tbl'
----
{ttl='on',ttl_expire_after='00:10:00':::INTERVAL,ttl_job_cron='@hourly',ttl_select_batch_size=50,ttl_range_concurrency=2,ttl_delete_rate_limit=100,ttl_pause=true,ttl_row_stats_poll_interval='1m0s',ttl_label_metrics=true}

query T
SELECT create_statement FROM [SHOW CREATE TABLE tbl]
----
CREATE TABLE public.tbl (
                                                                                                                                                                                                                                                                                            id INT8 NOT NULL,
                                                                                                                                                                                                                                                                                            text STRING NULL,
                                                                                                                                                                                                                                                                                            crdb_internal_expiration TIMESTAMPTZ NOT VISIBLE NOT NULL DEFAULT current_timestamp():::TIMESTAMPTZ + '00:10:00':::INTERVAL ON UPDATE current_timestamp():::TIMESTAMPTZ + '00:10:00':::INTERVAL,
                                                                                                                                                                                                                                                                                            CONSTRAINT tbl_pkey PRIMARY KEY (id ASC),
                                                                                                                                                                                                                                                                                            FAMILY fam_0_id_text_crdb_internal_expiration (id, text, crdb_internal_expiration)
) WITH (ttl = 'on', ttl_expire_after = '00:10:00':::INTERVAL, ttl_job_cron = '@hourly', ttl_select_batch_size = 50, ttl_range_concurrency = 2, ttl_delete_rate_limit = 100, ttl_pause = true, ttl_row_stats_poll_interval = '1m0s', ttl_label_metrics = true)

statement ok
ALTER TABLE tbl SET (ttl_delete_batch_size = 100)

query T
SELECT create_statement FROM [SHOW CREATE TABLE tbl]
----
CREATE TABLE public.tbl (
                                                                                                                                                                                                                                                                                                                         id INT8 NOT NULL,
                                                                                                                                                                                                                                                                                                                         text STRING NULL,
                                                                                                                                                                                                                                                                                                                         crdb_internal_expiration TIMESTAMPTZ NOT VISIBLE NOT NULL DEFAULT current_timestamp():::TIMESTAMPTZ + '00:10:00':::INTERVAL ON UPDATE current_timestamp():::TIMESTAMPTZ + '00:10:00':::INTERVAL,
                                                                                                                                                                                                                                                                                                                         CONSTRAINT tbl_pkey PRIMARY KEY (id ASC),
                                                                                                                                                                                                                                                                                                                         FAMILY fam_0_id_text_crdb_internal_expiration (id, text, crdb_internal_expiration)
) WITH (ttl = 'on', ttl_expire_after = '00:10:00':::INTERVAL, ttl_job_cron = '@hourly', ttl_select_batch_size = 50, ttl_delete_batch_size = 100, ttl_range_concurrency = 2, ttl_delete_rate_limit = 100, ttl_pause = true, ttl_row_stats_poll_interval = '1m0s', ttl_label_metrics = true)

statement error "ttl_select_batch_size" must be at least 1
ALTER TABLE tbl SET (ttl_select_batch_size = -1)

statement error "ttl_delete_batch_size" must be at least 1
ALTER TABLE tbl SET (ttl_delete_batch_size = -1)

statement error "ttl_range_concurrency" must be at least 1
ALTER TABLE tbl SET (ttl_range_concurrency = -1)

statement error "ttl_delete_rate_limit" must be at least 1
ALTER TABLE tbl SET (ttl_delete_rate_limit = -1)

statement error "ttl_row_stats_poll_interval" must be at least 1
ALTER TABLE tbl SET (ttl_row_stats_poll_interval = '-1 second')

statement ok
ALTER TABLE tbl RESET (ttl_delete_batch_size, ttl_select_batch_size, ttl_range_concurrency, ttl_delete_rate_limit, ttl_pause, ttl_row_stats_poll_interval)

query T
SELECT create_statement FROM [SHOW CREATE TABLE tbl]
----
CREATE TABLE public.tbl (
                                                                                                                                                id INT8 NOT NULL,
                                                                                                                                                text STRING NULL,
                                                                                                                                                crdb_internal_expiration TIMESTAMPTZ NOT VISIBLE NOT NULL DEFAULT current_timestamp():::TIMESTAMPTZ + '00:10:00':::INTERVAL ON UPDATE current_timestamp():::TIMESTAMPTZ + '00:10:00':::INTERVAL,
                                                                                                                                                CONSTRAINT tbl_pkey PRIMARY KEY (id ASC),
                                                                                                                                                FAMILY fam_0_id_text_crdb_internal_expiration (id, text, crdb_internal_expiration)
) WITH (ttl = 'on', ttl_expire_after = '00:10:00':::INTERVAL, ttl_job_cron = '@hourly', ttl_label_metrics = true)

# Test adding to TTL table with crdb_internal_expiration already defined.
statement ok
DROP TABLE tbl;

statement ok
CREATE TABLE tbl (
  id INT PRIMARY KEY,
  text TEXT,
  crdb_internal_expiration TIMESTAMPTZ,
  FAMILY (id, text)
)

statement error cannot add TTL to table with the crdb_internal_expiration column already defined
ALTER TABLE tbl SET (ttl_expire_after = '10 minutes')

# Test we cannot add FKs to a TTL table.
statement ok
CREATE TABLE ref_table (id INT PRIMARY KEY, ref INT)

statement error foreign keys to/from table with TTL "ttl_table" are not permitted
CREATE TABLE ttl_table (id INT PRIMARY KEY, ref INT REFERENCES ref_table(id)) WITH (ttl_expire_after = '10 mins')

statement ok
CREATE TABLE ttl_table (id INT PRIMARY KEY, ref INT) WITH (ttl_expire_after = '10 mins')

statement error foreign keys to/from table with TTL "ttl_table" are not permitted
CREATE TABLE new_ref_table (id INT PRIMARY KEY, ref INT REFERENCES ttl_table(id))

statement error foreign keys to/from table with TTL "ttl_table" are not permitted
ALTER TABLE ref_table ADD CONSTRAINT fk FOREIGN KEY (ref) REFERENCES ttl_table (id)

statement error foreign keys to/from table with TTL "ttl_table" are not permitted
ALTER TABLE ttl_table ADD CONSTRAINT fk FOREIGN KEY (ref) REFERENCES ttl_table (id)

statement ok
CREATE TABLE ttl_become_table (id INT PRIMARY KEY, ref INT REFERENCES ref_table (id))

statement error foreign keys to/from table with TTL "ttl_become_table" are not permitted
ALTER TABLE ttl_become_table SET (ttl_expire_after = '10 minutes')

# Check non-ascending PKs are not permitted.

statement ok
DROP TABLE tbl

statement error non-ascending ordering on PRIMARY KEYs are not supported
CREATE TABLE tbl (id INT, text TEXT, PRIMARY KEY (id, text DESC)) WITH (ttl_expire_after = '10 minutes')

statement ok
CREATE TABLE tbl (id INT, text TEXT, PRIMARY KEY (id, text DESC))

statement error non-ascending ordering on PRIMARY KEYs are not supported
ALTER TABLE tbl SET (ttl_expire_after = '10 minutes')

statement ok
DROP TABLE tbl;

statement ok
CREATE TABLE tbl (id INT, text TEXT, PRIMARY KEY (id, text)) WITH (ttl_expire_after = '10 minutes')

statement error non-ascending ordering on PRIMARY KEYs are not supported
ALTER TABLE tbl ALTER PRIMARY KEY USING COLUMNS (id, text DESC)

# Create a table without a TTL. Add the TTL to the table and ensure
# the schedule and TTL is setup correctly.
statement ok
DROP TABLE tbl;

statement ok
CREATE TABLE tbl (
   id INT PRIMARY KEY,
   text TEXT,
   FAMILY (id, text)
)

statement error cannot modify TTL settings while another schema change on the table is being processed
ALTER TABLE tbl SET (ttl_expire_after = '10 minutes'), SET (ttl_select_batch_size = 200)

statement error cannot modify TTL settings while another schema change on the table is being processed
BEGIN;
ALTER TABLE tbl SET (ttl_expire_after = '10 minutes');
ALTER TABLE tbl RESET (ttl_select_batch_size)

statement ok
ROLLBACK

statement error cannot modify TTL settings while another schema change on the table is being processed
BEGIN;
CREATE INDEX tbl_idx ON tbl (text);
ALTER TABLE tbl SET (ttl_expire_after = '10 minutes');

statement ok
ROLLBACK

statement error cannot perform other schema changes in the same transaction as a TTL mutation
BEGIN;
ALTER TABLE tbl SET (ttl_expire_after = '10 minutes');
CREATE INDEX tbl_idx ON tbl (text)

statement ok
ROLLBACK

statement ok
ALTER TABLE tbl SET (ttl_expire_after = '10 minutes', ttl_select_batch_size = 200)

query T
SELECT create_statement FROM [SHOW CREATE TABLE tbl]
----
CREATE TABLE public.tbl (
                                                                                                                                                   id INT8 NOT NULL,
                                                                                                                                                   text STRING NULL,
                                                                                                                                                   crdb_internal_expiration TIMESTAMPTZ NOT VISIBLE NOT NULL DEFAULT current_timestamp():::TIMESTAMPTZ + '00:10:00':::INTERVAL ON UPDATE current_timestamp():::TIMESTAMPTZ + '00:10:00':::INTERVAL,
                                                                                                                                                   CONSTRAINT tbl_pkey PRIMARY KEY (id ASC),
                                                                                                                                                   FAMILY fam_0_id_text (id, text, crdb_internal_expiration)
) WITH (ttl = 'on', ttl_expire_after = '00:10:00':::INTERVAL, ttl_job_cron = '@hourly', ttl_select_batch_size = 200)

let $table_id
SELECT oid FROM pg_class WHERE relname = 'tbl'

query TTT
SELECT schedule_status, recurrence, owner FROM [SHOW SCHEDULES]
WHERE label = 'row-level-ttl-$table_id'
----
ACTIVE  @hourly  root

statement ok
DROP TABLE tbl

# Special table name.
statement ok
CREATE TABLE "Table-Name" (id INT PRIMARY KEY) WITH (ttl_expire_after = '10 hours')

let $table_id
SELECT oid FROM pg_class WHERE relname = 'Table-Name'

let $schedule_id
SELECT id FROM [SHOW SCHEDULES]
WHERE label = 'row-level-ttl-$table_id'

query T
SELECT create_statement FROM [SHOW CREATE SCHEDULE $schedule_id]
----
ALTER TABLE test.public."Table-Name" WITH (ttl = 'on', ...)

statement ok
DROP TABLE "Table-Name"
