# LogicTest: default parallel-stmts distsql

statement ok
CREATE TABLE test (
  t CHAR(4),
  UNIQUE INDEX a (t)
)

statement ok
INSERT INTO test VALUES ('a')

statement ok
INSERT INTO test VALUES ('ab')

statement ok
INSERT INTO test VALUES ('abcd')

statement error value too long for type STRING\(4\) \(column "t"\)
INSERT INTO test VALUES ('abcdef')

statement ok
INSERT INTO test VALUES ('áááá')

statement error value too long
INSERT INTO test VALUES ('ááááß')

statement ok
UPDATE test SET t = 'b' WHERE t = 'abcde'

statement error value too long
UPDATE test SET t = 'cdefg' WHERE t = 'ab'

statement ok
CREATE TABLE tb (
  b BIT(3),
  UNIQUE INDEX a (b)
)

statement ok
INSERT INTO tb VALUES (1)

statement ok
INSERT INTO tb VALUES (3)

statement ok
INSERT INTO tb VALUES (7)

statement error bit string too long for type BIT\(3\) \(column "b"\)
INSERT INTO tb VALUES (15)

statement ok
UPDATE tb SET b = 2 WHERE b = 7

statement error bit string too long for type BIT\(3\) \(column "b"\)
UPDATE tb SET b = 16 WHERE b = 2

statement ok
CREATE TABLE td (
  d DECIMAL(3, 2),
  UNIQUE INDEX b (d)
)

statement ok
INSERT INTO td VALUES (DECIMAL '3.1')

statement ok
INSERT INTO td VALUES (DECIMAL '3.14')

statement error duplicate
INSERT INTO td VALUES (DECIMAL '3.1415')

statement error type DECIMAL\(3,2\) \(column "d"\): value with precision 3, scale 2 must round to an absolute value less than 10\^1
INSERT INTO td VALUES (DECIMAL '13.1415')

query R rowsort
SELECT d FROM td
----
3.10
3.14

statement error must round
UPDATE td SET d = DECIMAL '101.414' WHERE d = DECIMAL '3.14'

statement ok
UPDATE td SET d = DECIMAL '1.414' WHERE d = DECIMAL '3.14'

statement error duplicate
UPDATE td SET d = DECIMAL '1.41' WHERE d = DECIMAL '3.1'

query R rowsort
SELECT d FROM td
----
3.10
1.41

statement ok
CREATE TABLE td2 (x DECIMAL(3), y DECIMAL)

statement ok
INSERT INTO td2 VALUES (DECIMAL '123.1415', DECIMAL '123.1415')

query RR
select x, y FROM td2
----
123 123.1415


# Ensure decimal columns greater than 16 precision are supported.

statement ok
CREATE TABLE td3 (a decimal, b decimal(3, 1), c decimal(20, 10))

statement ok
INSERT INTO td3 VALUES (123456789012.123456789012, 12.3, 1234567890.1234567890)

query RRR
select * from td3
----
123456789012.123456789012 12.3 1234567890.1234567890

statement error must round
INSERT INTO td3 (c) VALUES (12345678901)
