# LogicTest: default

statement ok
CREATE TABLE a(x, y) AS VALUES (1, 1), (2, 2)

query II
SELECT a.* FROM a
----
1  1
2  2

query T
SELECT (a.*) FROM a
----
(1,1)
(2,2)

query I
SELECT COUNT(*) FROM a x, a y
----
4

query I
SELECT COUNT(DISTINCT x.*) FROM a x, a y
----
2

query TITTTTT
EXPLAIN(VERBOSE) SELECT COUNT(DISTINCT x.*) FROM a x, a y
----
group                0  group   ·            ·                       (count)                                                                       ·
 │                   0  ·       aggregate 0  count(DISTINCT (x, y))  ·                                                                             ·
 └── render          1  render  ·            ·                       ("(x, y)")                                                                    ·
      │              1  ·       render 0     (x.x, x.y)              ·                                                                             ·
      └── join       2  join    ·            ·                       (x, y, rowid[hidden,omitted], x[omitted], y[omitted], rowid[hidden,omitted])  ·
           │         2  ·       type         cross                   ·                                                                             ·
           ├── scan  3  scan    ·            ·                       (x, y, rowid[hidden,omitted])                                                 rowid!=NULL; key(rowid)
           │         3  ·       table        a@primary               ·                                                                             ·
           │         3  ·       spans        ALL                     ·                                                                             ·
           └── scan  3  scan    ·            ·                       (x[omitted], y[omitted], rowid[hidden,omitted])                               rowid!=NULL; key(rowid)
·                    3  ·       table        a@primary               ·                                                                             ·
·                    3  ·       spans        ALL                     ·                                                                             ·

query TTT
EXPLAIN(EXPRS) SELECT * FROM a ORDER BY a.*
----
sort            ·         ·
 │              order     +x,+y
 └── render     ·         ·
      │         render 0  x
      │         render 1  y
      └── scan  ·         ·
·               table     a@primary
·               spans     ALL

query TTT
EXPLAIN(EXPRS) SELECT * FROM a ORDER BY (a.*)
----
sort            ·         ·
 │              order     +x,+y
 └── render     ·         ·
      │         render 0  x
      │         render 1  y
      └── scan  ·         ·
·               table     a@primary
·               spans     ALL

query TTT
EXPLAIN(EXPRS) SELECT MIN(y.x) FROM a x, a y GROUP BY x.*
----
group                ·            ·
 │                   aggregate 0  min(x)
 │                   group by     @1-@2
 └── render          ·            ·
      │              render 0     x
      │              render 1     y
      │              render 2     x
      └── join       ·            ·
           │         type         cross
           ├── scan  ·            ·
           │         table        a@primary
           │         spans        ALL
           └── scan  ·            ·
·                    table        a@primary
·                    spans        ALL

query TTT
EXPLAIN(EXPRS) SELECT MIN(y.x) FROM a x, a y GROUP BY (1, (x.*))
----
group                ·            ·
 │                   aggregate 0  min(x)
 │                   group by     @1-@3
 └── render          ·            ·
      │              render 0     1
      │              render 1     x
      │              render 2     y
      │              render 3     x
      └── join       ·            ·
           │         type         cross
           ├── scan  ·            ·
           │         table        a@primary
           │         spans        ALL
           └── scan  ·            ·
·                    table        a@primary
·                    spans        ALL

# A useful optimization: naked tuple expansion in GROUP BY clause.
query TTT
EXPLAIN(EXPRS) SELECT MIN(y.x) FROM a x, a y GROUP BY (x.*)
----
group                ·            ·
 │                   aggregate 0  min(x)
 │                   group by     @1-@2
 └── render          ·            ·
      │              render 0     x
      │              render 1     y
      │              render 2     x
      └── join       ·            ·
           │         type         cross
           ├── scan  ·            ·
           │         table        a@primary
           │         spans        ALL
           └── scan  ·            ·
·                    table        a@primary
·                    spans        ALL

# Show reuse of renders expression inside an expansion.
query TTT
EXPLAIN(EXPRS) SELECT x.y FROM a x, a y GROUP BY x.*
----
group                ·            ·
 │                   aggregate 0  y
 │                   group by     @1-@2
 └── render          ·            ·
      │              render 0     x
      │              render 1     y
      └── join       ·            ·
           │         type         cross
           ├── scan  ·            ·
           │         table        a@primary
           │         spans        ALL
           └── scan  ·            ·
·                    table        a@primary
·                    spans        ALL
