statement ok
SET DATABASE = ""

statement error no database or schema specified
CREATE TABLE a (id INT PRIMARY KEY)

statement error invalid table name: test.""
CREATE TABLE test."" (id INT PRIMARY KEY)

statement ok
CREATE TABLE test.a (id INT PRIMARY KEY)

statement error pgcode 42P07 relation "test.public.a" already exists
CREATE TABLE test.a (id INT PRIMARY KEY)

statement ok
SET DATABASE = test

statement error invalid table name: ""
CREATE TABLE "" (id INT PRIMARY KEY)

statement error pgcode 42P07 relation "test.public.a" already exists
CREATE TABLE a (id INT PRIMARY KEY)

statement error duplicate column name: "id"
CREATE TABLE b (id INT PRIMARY KEY, id INT)

statement error multiple primary keys for table "b" are not allowed
CREATE TABLE b (id INT PRIMARY KEY, id2 INT PRIMARY KEY)

statement error index \"primary\" contains duplicate column \"a\"
CREATE TABLE dup_primary (a int, primary key (a,a))

statement error index \"dup_unique_a_a_key\" contains duplicate column \"a\"
CREATE TABLE dup_unique (a int, unique (a,a))

statement ok
CREATE TABLE IF NOT EXISTS a (id INT PRIMARY KEY)

statement ok
COMMENT ON TABLE a IS 'a_comment'

query TTTTIT colnames
SHOW TABLES FROM test
----
schema_name  table_name  type   owner  estimated_row_count  locality
public       a           table  root   0                    NULL

statement ok
CREATE TABLE b (id INT PRIMARY KEY)

statement ok
CREATE TABLE c (
  id INT PRIMARY KEY,
  foo INT,
  bar INT,
  INDEX c_foo_idx (foo),
  INDEX (foo),
  INDEX c_foo_bar_idx (foo ASC, bar DESC),
  UNIQUE (bar)
)

statement ok
COMMENT ON INDEX c_foo_idx IS 'index_comment'

query TTBITTBB colnames
SHOW INDEXES FROM c
----
table_name  index_name     non_unique  seq_in_index  column_name  direction  storing  implicit
c           c_bar_key      false       1             bar          ASC        false    false
c           c_bar_key      false       2             id           ASC        false    true
c           c_foo_bar_idx  true        1             foo          ASC        false    false
c           c_foo_bar_idx  true        2             bar          DESC       false    false
c           c_foo_bar_idx  true        3             id           ASC        false    true
c           c_foo_idx      true        1             foo          ASC        false    false
c           c_foo_idx      true        2             id           ASC        false    true
c           c_foo_idx1     true        1             foo          ASC        false    false
c           c_foo_idx1     true        2             id           ASC        false    true
c           primary        false       1             id           ASC        false    false
c           primary        false       2             foo          N/A        true     false
c           primary        false       3             bar          N/A        true     false

query TTBITTBBT colnames
SHOW INDEXES FROM c WITH COMMENT
----
table_name  index_name     non_unique  seq_in_index  column_name  direction  storing  implicit  comment
c           c_bar_key      false       1             bar          ASC        false    false     NULL
c           c_bar_key      false       2             id           ASC        false    true      NULL
c           c_foo_bar_idx  true        1             foo          ASC        false    false     NULL
c           c_foo_bar_idx  true        2             bar          DESC       false    false     NULL
c           c_foo_bar_idx  true        3             id           ASC        false    true      NULL
c           c_foo_idx      true        1             foo          ASC        false    false     index_comment
c           c_foo_idx      true        2             id           ASC        false    true      index_comment
c           c_foo_idx1     true        1             foo          ASC        false    false     NULL
c           c_foo_idx1     true        2             id           ASC        false    true      NULL
c           primary        false       1             id           ASC        false    false     NULL
c           primary        false       2             foo          N/A        true     false     NULL
c           primary        false       3             bar          N/A        true     false     NULL

# primary keys can never be null

statement ok
CREATE TABLE d (
  id    INT PRIMARY KEY NULL
)

query TTBTTTB colnames
SHOW COLUMNS FROM d
----
column_name  data_type  is_nullable  column_default  generation_expression  indices    is_hidden
id           INT8       false        NULL            ·                      {primary}  false

statement ok
CREATE TABLE e (
  id    INT NULL PRIMARY KEY
)

query TTBTTTB colnames
SHOW COLUMNS FROM e
----
column_name  data_type  is_nullable  column_default  generation_expression  indices    is_hidden
id           INT8       false        NULL            ·                      {primary}  false

statement ok
CREATE TABLE f (
  a INT,
  b INT,
  c INT,
  PRIMARY KEY (a, b, c)
)

query TTBTTTB colnames
SHOW COLUMNS FROM f
----
column_name  data_type  is_nullable  column_default  generation_expression  indices    is_hidden
a            INT8       false        NULL            ·                      {primary}  false
b            INT8       false        NULL            ·                      {primary}  false
c            INT8       false        NULL            ·                      {primary}  false

query TTTTITT colnames
SHOW TABLES FROM test WITH COMMENT
----
schema_name  table_name  type   owner  estimated_row_count  locality  comment
public       a           table  root   0                    NULL      a_comment
public       b           table  root   0                    NULL      ·
public       c           table  root   0                    NULL      ·
public       d           table  root   0                    NULL      ·
public       e           table  root   0                    NULL      ·
public       f           table  root   0                    NULL      ·

statement ok
SET DATABASE = ""

query error pgcode 42P01 relation "users" does not exist
SHOW COLUMNS FROM users

query error pgcode 42P01 relation "test.users" does not exist
SHOW COLUMNS FROM test.users

query error pgcode 42P01 relation "users" does not exist
SHOW INDEXES FROM users

query error pgcode 42P01 relation "test.users" does not exist
SHOW INDEXES FROM test.users

statement ok
CREATE TABLE test.users (
  id        INT PRIMARY KEY,
  name      VARCHAR NOT NULL,
  title     VARCHAR,
  nickname  STRING CHECK (length(nickname) < 10),
  username  STRING(10),
  email     VARCHAR(100) NULL,
  INDEX foo (name),
  CHECK (length(nickname) < length(name)),
  UNIQUE INDEX bar (id, name),
  FAMILY "primary" (id, name),
  FAMILY fam_1_title (title),
  FAMILY fam_2_nickname (nickname),
  FAMILY fam_3_username_email (username, email)
)

query TTBTTTB colnames
SHOW COLUMNS FROM test.users
----
column_name  data_type     is_nullable  column_default  generation_expression  indices            is_hidden
id           INT8          false        NULL            ·                      {bar,foo,primary}  false
name         VARCHAR       false        NULL            ·                      {bar,foo,primary}  false
title        VARCHAR       true         NULL            ·                      {primary}          false
nickname     STRING        true         NULL            ·                      {primary}          false
username     STRING(10)    true         NULL            ·                      {primary}          false
email        VARCHAR(100)  true         NULL            ·                      {primary}          false

query TTBITTBB colnames
SHOW INDEXES FROM test.users
----
table_name  index_name  non_unique  seq_in_index  column_name  direction  storing  implicit
users       bar         false       1             id           ASC        false    false
users       bar         false       2             name         ASC        false    false
users       foo         true        1             name         ASC        false    false
users       foo         true        2             id           ASC        false    true
users       primary     false       1             id           ASC        false    false
users       primary     false       2             name         N/A        true     false
users       primary     false       3             title        N/A        true     false
users       primary     false       4             nickname     N/A        true     false
users       primary     false       5             username     N/A        true     false
users       primary     false       6             email        N/A        true     false

statement error precision for type float must be at least 1 bit
CREATE TABLE test.precision (x FLOAT(0))

statement error at or near "\)": syntax error: scale \(2\) must be between 0 and precision \(0\)
CREATE TABLE test.precision (x DECIMAL(0, 2))

statement error at or near "\)": syntax error: scale \(4\) must be between 0 and precision \(2\)
CREATE TABLE test.precision (x DECIMAL(2, 4))

query TT
SHOW CREATE TABLE test.users
----
test.public.users  CREATE TABLE public.users (
                   id INT8 NOT NULL,
                   name VARCHAR NOT NULL,
                   title VARCHAR NULL,
                   nickname STRING NULL,
                   username STRING(10) NULL,
                   email VARCHAR(100) NULL,
                   CONSTRAINT "primary" PRIMARY KEY (id ASC),
                   INDEX foo (name ASC),
                   UNIQUE INDEX bar (id ASC, name ASC),
                   FAMILY "primary" (id, name),
                   FAMILY fam_1_title (title),
                   FAMILY fam_2_nickname (nickname),
                   FAMILY fam_3_username_email (username, email),
                   CONSTRAINT check_nickname_name CHECK (length(nickname) < length(name)),
                   CONSTRAINT check_nickname CHECK (length(nickname) < 10:::INT8)
)

statement ok
CREATE TABLE test.dupe_generated (
  foo INT CHECK (foo > 1),
  bar INT CHECK (bar > 2),
  CHECK (foo > 2),
  CHECK (foo < 10)
)

query TTTTB colnames
SHOW CONSTRAINTS FROM test.dupe_generated
----
table_name      constraint_name  constraint_type  details             validated
dupe_generated  check_bar        CHECK            CHECK ((bar > 2))   true
dupe_generated  check_foo        CHECK            CHECK ((foo > 2))   true
dupe_generated  check_foo1       CHECK            CHECK ((foo < 10))  true
dupe_generated  check_foo2       CHECK            CHECK ((foo > 1))   true

statement ok
CREATE TABLE test.named_constraints (
  id        INT CONSTRAINT pk PRIMARY KEY,
  name      VARCHAR CONSTRAINT nn NOT NULL,
  title     VARCHAR  CONSTRAINT def DEFAULT 'VP of Something',
  nickname  STRING CONSTRAINT ck1 CHECK (length(nickname) < 10),
  username  STRING(10) CONSTRAINT nl NULL,
  email     VARCHAR(100) CONSTRAINT uq UNIQUE,
  INDEX foo (name),
  CONSTRAINT uq2 UNIQUE (username),
  CONSTRAINT ck2 CHECK (length(nickname) < length(name)),
  UNIQUE INDEX bar (id, name),
  FAMILY "primary" (id, name),
  FAMILY fam_1_title (title),
  FAMILY fam_2_nickname (nickname),
  FAMILY fam_3_username_email (username, email)
)

query TT
SHOW CREATE TABLE test.named_constraints
----
test.public.named_constraints  CREATE TABLE public.named_constraints (
                               id INT8 NOT NULL,
                               name VARCHAR NOT NULL,
                               title VARCHAR NULL DEFAULT 'VP of Something':::STRING,
                               nickname STRING NULL,
                               username STRING(10) NULL,
                               email VARCHAR(100) NULL,
                               CONSTRAINT pk PRIMARY KEY (id ASC),
                               UNIQUE INDEX uq (email ASC),
                               INDEX foo (name ASC),
                               UNIQUE INDEX uq2 (username ASC),
                               UNIQUE INDEX bar (id ASC, name ASC),
                               FAMILY "primary" (id, name),
                               FAMILY fam_1_title (title),
                               FAMILY fam_2_nickname (nickname),
                               FAMILY fam_3_username_email (username, email),
                               CONSTRAINT ck2 CHECK (length(nickname) < length(name)),
                               CONSTRAINT ck1 CHECK (length(nickname) < 10:::INT8)
)

query TTTTB colnames
SHOW CONSTRAINTS FROM test.named_constraints
----
table_name         constraint_name  constraint_type  details                                    validated
named_constraints  bar              UNIQUE           UNIQUE (id ASC, name ASC)                  true
named_constraints  ck1              CHECK            CHECK ((length(nickname) < 10))            true
named_constraints  ck2              CHECK            CHECK ((length(nickname) < length(name)))  true
named_constraints  pk               PRIMARY KEY      PRIMARY KEY (id ASC)                       true
named_constraints  uq               UNIQUE           UNIQUE (email ASC)                         true
named_constraints  uq2              UNIQUE           UNIQUE (username ASC)                      true

statement error duplicate constraint name: "pk"
CREATE TABLE test.dupe_named_constraints (
  id        INT CONSTRAINT pk PRIMARY KEY,
  title     VARCHAR CONSTRAINT one CHECK (1>1),
  name      VARCHAR CONSTRAINT pk UNIQUE
)

statement error duplicate constraint name: "one"
CREATE TABLE test.dupe_named_constraints (
  id        INT CONSTRAINT pk PRIMARY KEY,
  title     VARCHAR CONSTRAINT one CHECK (1>1),
  name      VARCHAR CONSTRAINT one UNIQUE
)

statement error duplicate constraint name: "one"
CREATE TABLE test.dupe_named_constraints (
  id        INT CONSTRAINT pk PRIMARY KEY,
  title     VARCHAR CONSTRAINT one CHECK (1>1),
  name      VARCHAR CONSTRAINT one REFERENCES test.named_constraints (username),
  INDEX (name)
)

statement error duplicate constraint name: "one"
CREATE TABLE test.dupe_named_constraints (
  id        INT CONSTRAINT pk PRIMARY KEY,
  title     VARCHAR CONSTRAINT one CHECK (1>1) CONSTRAINT one CHECK (1<1)
)

statement ok
SET database = test

statement ok
CREATE TABLE alltypes (
  cbigint BIGINT,
  cbigserial BIGSERIAL,
  cblob BLOB,
  cbool BOOL,
  cbit BIT,
  cbit12 BIT(12),
  cvarbit VARBIT,
  cvarbit12 VARBIT(12),
  cbytea BYTEA,
  cbytes BYTES,
  cchar CHAR,
  cchar12 CHAR(12),
  cdate DATE,
  cdec DEC,
  cdec1 DEC(1),
  cdec21 DEC(2,1),
  cdecimal DECIMAL,
  cdecimal1 DECIMAL(1),
  cdecimal21 DECIMAL(2,1),
  cdoubleprecision DOUBLE PRECISION,
  cfloat FLOAT,
  cfloat4 FLOAT4,
  cfloat8 FLOAT8,
  cint INT,
  cint2 INT2,
  cint4 INT4,
  cint64 INT64,
  cint8 INT8,
  cinteger INTEGER,
  cinterval INTERVAL,
  cjson JSONB,
  cnumeric NUMERIC,
  cnumeric1 NUMERIC(1),
  cnumeric21 NUMERIC(2,1),
  cqchar "char",
  creal REAL,
  cserial SERIAL,
  csmallint SMALLINT,
  csmallserial SMALLSERIAL,
  cstring STRING,
  cstring12 STRING(12),
  ctext TEXT,
  ctimestamp TIMESTAMP,
  ctimestampwtz TIMESTAMPTZ,
  cvarchar VARCHAR,
  cvarchar12 VARCHAR(12)
  )

query TTBTTTB colnames
SHOW COLUMNS FROM alltypes
----
column_name       data_type     is_nullable  column_default  generation_expression  indices    is_hidden
cbigint           INT8          true         NULL            ·                      {primary}  false
cbigserial        INT8          false        unique_rowid()  ·                      {primary}  false
cblob             BYTES         true         NULL            ·                      {primary}  false
cbool             BOOL          true         NULL            ·                      {primary}  false
cbit              BIT           true         NULL            ·                      {primary}  false
cbit12            BIT(12)       true         NULL            ·                      {primary}  false
cvarbit           VARBIT        true         NULL            ·                      {primary}  false
cvarbit12         VARBIT(12)    true         NULL            ·                      {primary}  false
cbytea            BYTES         true         NULL            ·                      {primary}  false
cbytes            BYTES         true         NULL            ·                      {primary}  false
cchar             CHAR          true         NULL            ·                      {primary}  false
cchar12           CHAR(12)      true         NULL            ·                      {primary}  false
cdate             DATE          true         NULL            ·                      {primary}  false
cdec              DECIMAL       true         NULL            ·                      {primary}  false
cdec1             DECIMAL(1)    true         NULL            ·                      {primary}  false
cdec21            DECIMAL(2,1)  true         NULL            ·                      {primary}  false
cdecimal          DECIMAL       true         NULL            ·                      {primary}  false
cdecimal1         DECIMAL(1)    true         NULL            ·                      {primary}  false
cdecimal21        DECIMAL(2,1)  true         NULL            ·                      {primary}  false
cdoubleprecision  FLOAT8        true         NULL            ·                      {primary}  false
cfloat            FLOAT8        true         NULL            ·                      {primary}  false
cfloat4           FLOAT4        true         NULL            ·                      {primary}  false
cfloat8           FLOAT8        true         NULL            ·                      {primary}  false
cint              INT8          true         NULL            ·                      {primary}  false
cint2             INT2          true         NULL            ·                      {primary}  false
cint4             INT4          true         NULL            ·                      {primary}  false
cint64            INT8          true         NULL            ·                      {primary}  false
cint8             INT8          true         NULL            ·                      {primary}  false
cinteger          INT8          true         NULL            ·                      {primary}  false
cinterval         INTERVAL      true         NULL            ·                      {primary}  false
cjson             JSONB         true         NULL            ·                      {primary}  false
cnumeric          DECIMAL       true         NULL            ·                      {primary}  false
cnumeric1         DECIMAL(1)    true         NULL            ·                      {primary}  false
cnumeric21        DECIMAL(2,1)  true         NULL            ·                      {primary}  false
cqchar            "char"        true         NULL            ·                      {primary}  false
creal             FLOAT4        true         NULL            ·                      {primary}  false
cserial           INT8          false        unique_rowid()  ·                      {primary}  false
csmallint         INT2          true         NULL            ·                      {primary}  false
csmallserial      INT8          false        unique_rowid()  ·                      {primary}  false
cstring           STRING        true         NULL            ·                      {primary}  false
cstring12         STRING(12)    true         NULL            ·                      {primary}  false
ctext             STRING        true         NULL            ·                      {primary}  false
ctimestamp        TIMESTAMP     true         NULL            ·                      {primary}  false
ctimestampwtz     TIMESTAMPTZ   true         NULL            ·                      {primary}  false
cvarchar          VARCHAR       true         NULL            ·                      {primary}  false
cvarchar12        VARCHAR(12)   true         NULL            ·                      {primary}  false
rowid             INT8          false        unique_rowid()  ·                      {primary}  true

statement ok
CREATE DATABASE IF NOT EXISTS smtng

statement ok
CREATE TABLE IF NOT EXISTS smtng.something (
ID SERIAL PRIMARY KEY
)

statement ok
ALTER TABLE smtng.something ADD COLUMN IF NOT EXISTS OWNER_ID INT

statement ok
ALTER TABLE smtng.something ADD COLUMN IF NOT EXISTS MODEL_ID INT

statement ok
ALTER TABLE smtng.something ADD COLUMN IF NOT EXISTS NAME STRING

statement ok
CREATE DATABASE IF NOT EXISTS smtng

statement ok
CREATE TABLE IF NOT EXISTS smtng.something (
ID SERIAL PRIMARY KEY
)

statement ok
ALTER TABLE smtng.something ADD COLUMN IF NOT EXISTS OWNER_ID INT

statement ok
ALTER TABLE smtng.something ADD COLUMN IF NOT EXISTS MODEL_ID INT

statement ok
ALTER TABLE smtng.something ADD COLUMN IF NOT EXISTS NAME STRING

# Regression test for #13725
statement ok
CREATE TABLE test.empty ()

statement ok
SELECT * FROM test.empty

# Issue #14308: support tables with DEFAULT NULL columns.
statement ok
CREATE TABLE test.null_default (
  ts timestamp NULL DEFAULT NULL
)

query TT
SHOW CREATE TABLE test.null_default
----
test.public.null_default  CREATE TABLE public.null_default (
                          ts TIMESTAMP NULL,
                          rowid INT8 NOT VISIBLE NOT NULL DEFAULT unique_rowid(),
                          CONSTRAINT "primary" PRIMARY KEY (rowid ASC),
                          FAMILY "primary" (ts, rowid)
)

# Issue #13873: don't permit invalid default columns
statement error could not parse "blah" as type decimal
CREATE TABLE test.t1 (a DECIMAL DEFAULT (DECIMAL 'blah'));

statement error could not parse "blah" as type decimal
create table test.t1 (c decimal default if(false, 1, 'blah'::decimal));

statement ok
CREATE DATABASE a; CREATE TABLE a.c(d INT); INSERT INTO a.public.c(d) VALUES (1)

query I
SELECT a.public.c.d FROM a.public.c
----
1

statement ok
CREATE TABLE t0 (a INT)

statement ok
GRANT ALL ON t0 to testuser

statement ok
CREATE DATABASE rowtest

statement ok
GRANT ALL ON DATABASE rowtest TO testuser

user testuser

statement ok
SET DATABASE = rowtest

statement ok
CREATE TABLE t1 (a INT)

statement ok
INSERT INTO t1 SELECT a FROM generate_series(1, 1024) AS a(a)

# only tables from current database
query TTTTIT
SHOW TABLES
----
public  t1  table  testuser  0  NULL

# see only virtual tables (estimated_row_count is NULL)
# and tables testuser has access to (estimated_row_count >= 0)
query TI rowsort
select table_name, estimated_row_count from crdb_internal.table_row_statistics;
----
backward_dependencies                  NULL
builtin_functions                      NULL
cluster_contended_indexes              NULL
cluster_contended_keys                 NULL
cluster_contended_tables               NULL
cluster_contention_events              NULL
cluster_database_privileges            NULL
cluster_distsql_flows                  NULL
cluster_inflight_traces                NULL
cluster_queries                        NULL
cluster_sessions                       NULL
cluster_settings                       NULL
cluster_transactions                   NULL
create_statements                      NULL
create_type_statements                 NULL
cross_db_references                    NULL
databases                              NULL
feature_usage                          NULL
forward_dependencies                   NULL
gossip_alerts                          NULL
gossip_liveness                        NULL
gossip_network                         NULL
gossip_nodes                           NULL
index_columns                          NULL
interleaved                            NULL
invalid_objects                        NULL
jobs                                   NULL
kv_node_liveness                       NULL
kv_node_status                         NULL
kv_store_status                        NULL
leases                                 NULL
lost_descriptors_with_data             NULL
node_build_info                        NULL
node_contention_events                 NULL
node_distsql_flows                     NULL
node_inflight_trace_spans              NULL
node_metrics                           NULL
node_queries                           NULL
node_runtime_info                      NULL
node_sessions                          NULL
node_statement_statistics              NULL
node_transaction_statistics            NULL
node_transactions                      NULL
node_txn_stats                         NULL
partitions                             NULL
predefined_comments                    NULL
ranges                                 NULL
ranges_no_leases                       NULL
schema_changes                         NULL
session_trace                          NULL
session_variables                      NULL
table_columns                          NULL
table_indexes                          NULL
table_row_statistics                   NULL
tables                                 NULL
zones                                  NULL
administrable_role_authorizations      NULL
applicable_roles                       NULL
attributes                             NULL
character_sets                         NULL
check_constraint_routine_usage         NULL
check_constraints                      NULL
collation_character_set_applicability  NULL
collations                             NULL
column_column_usage                    NULL
column_domain_usage                    NULL
column_options                         NULL
column_privileges                      NULL
column_udt_usage                       NULL
columns                                NULL
constraint_column_usage                NULL
constraint_table_usage                 NULL
data_type_privileges                   NULL
domain_constraints                     NULL
domain_udt_usage                       NULL
domains                                NULL
element_types                          NULL
enabled_roles                          NULL
foreign_data_wrapper_options           NULL
foreign_data_wrappers                  NULL
foreign_server_options                 NULL
foreign_servers                        NULL
foreign_table_options                  NULL
foreign_tables                         NULL
information_schema_catalog_name        NULL
key_column_usage                       NULL
parameters                             NULL
referential_constraints                NULL
role_column_grants                     NULL
role_routine_grants                    NULL
role_table_grants                      NULL
role_udt_grants                        NULL
role_usage_grants                      NULL
routine_privileges                     NULL
routines                               NULL
schema_privileges                      NULL
schemata                               NULL
sequences                              NULL
session_variables                      NULL
sql_features                           NULL
sql_implementation_info                NULL
sql_parts                              NULL
sql_sizing                             NULL
statistics                             NULL
table_constraints                      NULL
table_privileges                       NULL
tables                                 NULL
transforms                             NULL
triggered_update_columns               NULL
triggers                               NULL
type_privileges                        NULL
udt_privileges                         NULL
usage_privileges                       NULL
user_defined_types                     NULL
user_mapping_options                   NULL
user_mappings                          NULL
user_privileges                        NULL
view_column_usage                      NULL
view_routine_usage                     NULL
view_table_usage                       NULL
views                                  NULL
pg_aggregate                           NULL
pg_am                                  NULL
pg_amop                                NULL
pg_amproc                              NULL
pg_attrdef                             NULL
pg_attribute                           NULL
pg_auth_members                        NULL
pg_authid                              NULL
pg_available_extension_versions        NULL
pg_available_extensions                NULL
pg_cast                                NULL
pg_class                               NULL
pg_collation                           NULL
pg_config                              NULL
pg_constraint                          NULL
pg_conversion                          NULL
pg_cursors                             NULL
pg_database                            NULL
pg_db_role_setting                     NULL
pg_default_acl                         NULL
pg_depend                              NULL
pg_description                         NULL
pg_enum                                NULL
pg_event_trigger                       NULL
pg_extension                           NULL
pg_file_settings                       NULL
pg_foreign_data_wrapper                NULL
pg_foreign_server                      NULL
pg_foreign_table                       NULL
pg_group                               NULL
pg_hba_file_rules                      NULL
pg_index                               NULL
pg_indexes                             NULL
pg_inherits                            NULL
pg_init_privs                          NULL
pg_language                            NULL
pg_largeobject                         NULL
pg_largeobject_metadata                NULL
pg_locks                               NULL
pg_matviews                            NULL
pg_namespace                           NULL
pg_opclass                             NULL
pg_operator                            NULL
pg_opfamily                            NULL
pg_partitioned_table                   NULL
pg_policies                            NULL
pg_policy                              NULL
pg_prepared_statements                 NULL
pg_prepared_xacts                      NULL
pg_proc                                NULL
pg_publication                         NULL
pg_publication_rel                     NULL
pg_publication_tables                  NULL
pg_range                               NULL
pg_replication_origin                  NULL
pg_replication_origin_status           NULL
pg_replication_slots                   NULL
pg_rewrite                             NULL
pg_roles                               NULL
pg_rules                               NULL
pg_seclabel                            NULL
pg_seclabels                           NULL
pg_sequence                            NULL
pg_sequences                           NULL
pg_settings                            NULL
pg_shadow                              NULL
pg_shdepend                            NULL
pg_shdescription                       NULL
pg_shmem_allocations                   NULL
pg_shseclabel                          NULL
pg_stat_activity                       NULL
pg_statistic_ext                       NULL
pg_subscription                        NULL
pg_subscription_rel                    NULL
pg_tables                              NULL
pg_tablespace                          NULL
pg_timezone_abbrevs                    NULL
pg_timezone_names                      NULL
pg_transform                           NULL
pg_trigger                             NULL
pg_ts_config                           NULL
pg_ts_config_map                       NULL
pg_ts_dict                             NULL
pg_ts_parser                           NULL
pg_ts_template                         NULL
pg_type                                NULL
pg_user                                NULL
pg_user_mapping                        NULL
pg_user_mappings                       NULL
pg_views                               NULL
geography_columns                      NULL
geometry_columns                       NULL
spatial_ref_sys                        NULL
t1                                     0

statement ok
ANALYZE t1

query I
SELECT estimated_row_count FROM [SHOW TABLES] where table_name = 't1'
----
1024

statement ok
DELETE FROM rowtest.t1 WHERE a > 1000;

statement ok
ANALYZE rowtest.t1

query I
SELECT estimated_row_count FROM [SHOW TABLES from rowtest] where table_name = 't1'
----
1000

user root

# Unit test for #60737

statement ok
CREATE TABLE t1  (a INT PRIMARY KEY, b INT)

statement ok
CREATE TYPE t2 as enum('foo')

# Case 1: Both t1's are tables and the old one is being dropped.
statement ok
BEGIN

statement ok
DROP TABLE t1

statement error pgcode 55000 table "t1" is being dropped, try again later
CREATE TABLE IF NOT EXISTS t1 (a INT PRIMARY KEY, b INT)

statement ok
END

# Case 2: Both t2's are different types and the old one is being dropped.
statement ok
BEGIN

statement ok
DROP TYPE t2

statement error pgcode 42809 "t2" is not a table
CREATE TABLE IF NOT EXISTS t2 (a INT PRIMARY KEY, b INT)

statement ok
END

# Case 3: Both s2's are a different type
statement ok
BEGIN

statement error pgcode 42809 "t2" is not a table
CREATE TABLE IF NOT EXISTS t2 (a INT PRIMARY KEY, b INT)

statement ok
END

statement ok
DROP table t1

statement ok
DROP TYPE t2
