# LogicTest: !3node-tenant-default-configs
query IBIT colnames
SELECT id, active, length(info), name FROM system.tenants ORDER BY id
----
id  active  length  name
1   true    10      system

# Create a few tenants.

statement ok
CREATE TENANT "tenant-one"

statement ok
CREATE TENANT "two"

statement error invalid tenant name
CREATE TENANT "ABC"

statement error invalid tenant name
CREATE TENANT "-a-"

# More than 100 characters.
statement error invalid tenant name
CREATE TENANT "11111111111111111111111111111111111111111111111111111111111111111111111111111111111111111111111111111"

statement error invalid tenant name
CREATE TENANT "invalid_name"

statement error invalid tenant name
CREATE TENANT "invalid.name"

statement ok
CREATE TENANT three

query IBT colnames
SELECT id, active, name
FROM system.tenants
ORDER BY id
----
id  active  name
1   true    system
2   true    tenant-one
3   true    two
4   true    three

query ITTT colnames
SHOW TENANT system
----
id  name    data_state  service_mode
1   system  ready       shared

query ITTT colnames
SHOW TENANT "tenant-one"
----
id  name        data_state  service_mode
2   tenant-one  ready       none

query ITTT colnames
SHOW TENANT "two"
----
id  name  data_state  service_mode
3   two   ready       none

query ITTT colnames
SHOW TENANT two
----
id  name  data_state  service_mode
3   two   ready       none

query ITTT colnames
SHOW TENANT three
----
id  name   data_state  service_mode
4   three  ready       none

query ITTT colnames
SHOW TENANTS
----
id  name        data_state  service_mode
1   system      ready       shared
2   tenant-one  ready       none
3   two         ready       none
4   three       ready       none

statement error tenant name cannot be empty
ALTER TENANT [4] RENAME TO ""

statement error tenant name cannot be NULL
ALTER TENANT [4] RENAME TO NULL

statement error invalid tenant name
ALTER TENANT [4] RENAME TO "a.b"

statement ok
ALTER TENANT [4] RENAME TO blux

statement ok
ALTER TENANT blux RENAME TO 'blix'

query ITTT colnames
SELECT * FROM [SHOW TENANTS] WHERE id = 4
----
id  name  data_state  service_mode
4   blix  ready       none

statement ok
ALTER TENANT blix RENAME TO three

query ITTT colnames
SELECT * FROM [SHOW TENANTS] WHERE id = 4
----
id  name   data_state  service_mode
4   three  ready       none

statement error tenant "seven" does not exist
SHOW TENANT seven

statement error pq: tenant "tenant-one" does not have an active replication job
SHOW TENANT "tenant-one" WITH REPLICATION STATUS

statement error pq: tenant "two" does not have an active replication job
SHOW TENANT two WITH REPLICATION STATUS

# Test creating a tenant with the same name as an existing tenant, but a unique
# ID.
statement error tenant with name "three" already exists
CREATE TENANT three;

statement ok
set default_transaction_read_only = on;

statement error cannot execute CREATE TENANT in a read-only transaction
CREATE TENANT four;

statement ok
set default_transaction_read_only = off;

user testuser

statement error only users with the admin role are allowed to create tenant
CREATE TENANT four

subtest drop_tenant
user root

statement error tenant "dne" does not exist
DROP TENANT dne

statement ok
DROP TENANT IF EXISTS dne

statement ok
CREATE TENANT four

query IBT colnames
SELECT id, active, name
FROM system.tenants WHERE name = 'four'
ORDER BY id
----
id  active  name
5   true    four

statement ok
DROP TENANT four

query IBT colnames
SELECT id, active, name
FROM system.tenants WHERE name = 'four'
ORDER BY id
----
id  active  name

statement error tenant "four" does not exist
SHOW TENANT four

statement ok
CREATE TENANT "five-requiring-quotes"

statement ok
DROP TENANT "five-requiring-quotes"

statement ok
set default_transaction_read_only = on;

statement error cannot execute DROP TENANT in a read-only transaction
DROP TENANT three

statement ok
set default_transaction_read_only = off;

user testuser

statement error user testuser does not have CONTROLREPLICATION privilege on global
DROP TENANT three

statement error user testuser does not have CONTROLREPLICATION privilege on global
SHOW TENANTS

statement error user testuser does not have CONTROLREPLICATION privilege on global
SHOW TENANT 'two'

user root

statement ok
GRANT SYSTEM CONTROLREPLICATION TO testuser

user testuser

query ITTT colnames
SHOW TENANTS
----
id  name        data_state  service_mode
1   system      ready       shared
2   tenant-one  ready       none
3   two         ready       none
4   three       ready       none

query ITTT colnames
SHOW TENANT two
----
id  name        data_state  service_mode
3   two         ready       none

user root

statement ok
REVOKE SYSTEM CONTROLREPLICATION FROM testuser

subtest read_only

statement ok
SET default_transaction_read_only = true

statement error cannot execute.*in a read-only transaction
DROP TENANT three

statement error cannot execute.*in a read-only transaction
ALTER TENANT three RENAME TO blah

statement error cannot execute.*in a read-only transaction
CREATE TENANT "read-only"

statement ok
SET default_transaction_read_only = false

subtest reclaim_name

statement ok
CREATE TENANT "to-be-reclaimed"

statement ok
DROP TENANT "to-be-reclaimed"

statement ok
CREATE TENANT "to-be-reclaimed"

query IBTTT colnames
SELECT
  id,
  active,
  name,
  json_extract_path_text(crdb_internal.pb_to_json('cockroach.multitenant.ProtoInfo', info, true), 'deprecatedDataState') AS deprecated_data_state,
  json_extract_path_text(crdb_internal.pb_to_json('cockroach.multitenant.ProtoInfo', info, true), 'droppedName') AS dropped_name
FROM system.tenants
ORDER BY id
----
id  active  name             deprecated_data_state  dropped_name
1   true    system           READY                  ·
2   true    tenant-one       READY                  ·
3   true    two              READY                  ·
4   true    three            READY                  ·
5   false   NULL             DROP                   four
6   false   NULL             DROP                   five-requiring-quotes
7   false   NULL             DROP                   to-be-reclaimed
8   true    to-be-reclaimed  READY                  ·

# More valid tenant names.
statement ok
CREATE TENANT "1";
CREATE TENANT "a-b";
CREATE TENANT "hello-100"

query ITTT colnames
SHOW TENANTS
----
id  name             data_state  service_mode
1   system           ready       shared
2   tenant-one       ready       none
3   two              ready       none
4   three            ready       none
8   to-be-reclaimed  ready       none
9   1                ready       none
10  a-b              ready       none
11  hello-100        ready       none

subtest service_mode

statement ok
ALTER TENANT 'tenant-one' START SERVICE EXTERNAL

# operation is idempotent
statement ok
ALTER TENANT 'tenant-one' START SERVICE EXTERNAL

statement ok
ALTER TENANT two START SERVICE SHARED

statement ok
ALTER TENANT two START SERVICE SHARED

statement error cannot change service mode external to shared directly
ALTER TENANT 'tenant-one' START SERVICE SHARED

statement error cannot change service mode shared to external directly
ALTER TENANT two START SERVICE EXTERNAL

statement error cannot drop tenant.*in service mode shared
DROP TENANT two

statement error cannot drop tenant.*in service mode external
DROP TENANT 'tenant-one'

query ITTT colnames
SHOW TENANTS
----
id  name             data_state  service_mode
1   system           ready       shared
2   tenant-one       ready       external
3   two              ready       shared
4   three            ready       none
8   to-be-reclaimed  ready       none
9   1                ready       none
10  a-b              ready       none
11  hello-100        ready       none

statement ok
ALTER TENANT two STOP SERVICE

statement ok
ALTER TENANT 'tenant-one' STOP SERVICE

query ITTT colnames
SHOW TENANTS
----
id  name             data_state  service_mode
1   system           ready       shared
2   tenant-one       ready       none
3   two              ready       none
4   three            ready       none
8   to-be-reclaimed  ready       none
9   1                ready       none
10  a-b              ready       none
11  hello-100        ready       none

statement ok
DROP TENANT two

statement ok
DROP TENANT 'tenant-one'
