query T
SELECT '2000-05-05 10:00:00+03':::TIMESTAMP
----
2000-05-05 10:00:00 +0000 +0000

statement ok
CREATE TABLE a (a int); INSERT INTO a VALUES(1)

# Ensure that timestamp serialization doesn't break even if the computation is
# distributed: #28110.

query T
SELECT '2000-05-05 10:00:00+03':::TIMESTAMP FROM a
----
2000-05-05 10:00:00 +0000 +0000

query T
select '1-1-18 1:00:00.001-8':::TIMESTAMPTZ
----
2001-01-18 09:00:00.001 +0000 UTC

# Test timezone() and ... AT TIME ZONE functions.
subtest timezone

statement ok
SET TIME ZONE 'PST8PDT'

query TT
SELECT TIMESTAMP '2001-02-16 20:38:40' AT TIME ZONE 'MST', timezone(TIMESTAMP '2001-02-16 20:38:40', 'MST')
----
2001-02-16 19:38:40 -0800 PST  2001-02-16 19:38:40 -0800 PST

query TT
SELECT TIMESTAMP WITH TIME ZONE '2001-02-16 20:38:40-05' AT TIME ZONE 'MST', timezone(TIMESTAMP WITH TIME ZONE '2001-02-16 20:38:40-05', 'MST')
----
2001-02-16 18:38:40 +0000 +0000  2001-02-16 18:38:40 +0000 +0000

query TT
SELECT TIMESTAMP '2001-02-16 20:38:40' AT TIME ZONE 'MST', timezone(TIMESTAMP '2001-02-16 20:38:40', 'MST')
----
2001-02-16 19:38:40 -0800 PST  2001-02-16 19:38:40 -0800 PST

# Test timestamp precisions
subtest timestamp_precision

query error precision 7 out of range
select '1-1-18 1:00:00.001':::TIMESTAMP(7)

query error precision 7 out of range
select '1-1-18 1:00:00.001':::TIMESTAMPTZ(7)

query T
select '1-1-18 1:00:00.001':::TIMESTAMP(0)
----
2001-01-18 01:00:00 +0000 +0000

query T
select '1-1-18 1:00:00.001':::TIMESTAMP(6)
----
2001-01-18 01:00:00.001 +0000 +0000

query T
select '1-1-18 1:00:00.001':::TIMESTAMP
----
2001-01-18 01:00:00.001 +0000 +0000

query T
select '1-1-18 1:00:00.001-8':::TIMESTAMPTZ(0)
----
2001-01-18 01:00:00 -0800 PST

query T
select '1-1-18 1:00:00.001-8':::TIMESTAMPTZ(6)
----
2001-01-18 01:00:00.001 -0800 PST

statement ok
CREATE TABLE timestamp_test (
  id integer PRIMARY KEY,
  t TIMESTAMP(5),
  ttz TIMESTAMPTZ(4)
)

statement ok
INSERT INTO timestamp_test VALUES
  (1, '2001-01-01 12:00:00.123456', '2001-01-01 12:00:00.123456+4'),
  (2, '2001-01-01 12:00:00.12345', '2001-01-01 12:00:00.12345+4'),
  (3, '2001-01-01 12:00:00.1234', '2001-01-01 12:00:00.1234+4'),
  (4, '2001-01-01 12:00:00.123', '2001-01-01 12:00:00.123+4'),
  (5, '2001-01-01 12:00:00.12', '2001-01-01 12:00:00.12+4'),
  (6, '2001-01-01 12:00:00.1', '2001-01-01 12:00:00.1+4'),
  (7, '2001-01-01 12:00:00', '2001-01-01 12:00:00+4')

query ITT
SELECT * FROM timestamp_test ORDER BY id ASC
----
1  2001-01-01 12:00:00.12346 +0000 +0000  2001-01-01 00:00:00.1235 -0800 PST
2  2001-01-01 12:00:00.12345 +0000 +0000  2001-01-01 00:00:00.1235 -0800 PST
3  2001-01-01 12:00:00.1234 +0000 +0000   2001-01-01 00:00:00.1234 -0800 PST
4  2001-01-01 12:00:00.123 +0000 +0000    2001-01-01 00:00:00.123 -0800 PST
5  2001-01-01 12:00:00.12 +0000 +0000     2001-01-01 00:00:00.12 -0800 PST
6  2001-01-01 12:00:00.1 +0000 +0000      2001-01-01 00:00:00.1 -0800 PST
7  2001-01-01 12:00:00 +0000 +0000        2001-01-01 00:00:00 -0800 PST

query TT
select column_name, data_type FROM [SHOW COLUMNS FROM timestamp_test] ORDER BY column_name
----
id   INT8
t    TIMESTAMP(5)
ttz  TIMESTAMPTZ(4)

query ITTTT
SELECT id, t::timestamp(0), t::timestamp(3), ttz::timestamptz(0), ttz::timestamptz(3) FROM timestamp_test ORDER BY id
----
1  2001-01-01 12:00:00 +0000 +0000  2001-01-01 12:00:00.123 +0000 +0000  2001-01-01 00:00:00 -0800 PST  2001-01-01 00:00:00.124 -0800 PST
2  2001-01-01 12:00:00 +0000 +0000  2001-01-01 12:00:00.123 +0000 +0000  2001-01-01 00:00:00 -0800 PST  2001-01-01 00:00:00.124 -0800 PST
3  2001-01-01 12:00:00 +0000 +0000  2001-01-01 12:00:00.123 +0000 +0000  2001-01-01 00:00:00 -0800 PST  2001-01-01 00:00:00.123 -0800 PST
4  2001-01-01 12:00:00 +0000 +0000  2001-01-01 12:00:00.123 +0000 +0000  2001-01-01 00:00:00 -0800 PST  2001-01-01 00:00:00.123 -0800 PST
5  2001-01-01 12:00:00 +0000 +0000  2001-01-01 12:00:00.12 +0000 +0000   2001-01-01 00:00:00 -0800 PST  2001-01-01 00:00:00.12 -0800 PST
6  2001-01-01 12:00:00 +0000 +0000  2001-01-01 12:00:00.1 +0000 +0000    2001-01-01 00:00:00 -0800 PST  2001-01-01 00:00:00.1 -0800 PST
7  2001-01-01 12:00:00 +0000 +0000  2001-01-01 12:00:00 +0000 +0000      2001-01-01 00:00:00 -0800 PST  2001-01-01 00:00:00 -0800 PST

# Altering type to more units of precision should work.
statement ok
ALTER TABLE timestamp_test ALTER COLUMN t TYPE timestamp

statement ok
ALTER TABLE timestamp_test ALTER COLUMN ttz TYPE timestamptz(5)

statement ok
INSERT INTO timestamp_test VALUES
  (100, '2001-01-01 12:00:00.123456', '2001-01-01 12:00:00.123456+4')

query ITT
SELECT * FROM timestamp_test ORDER BY id ASC
----
1    2001-01-01 12:00:00.12346 +0000 +0000   2001-01-01 00:00:00.1235 -0800 PST
2    2001-01-01 12:00:00.12345 +0000 +0000   2001-01-01 00:00:00.1235 -0800 PST
3    2001-01-01 12:00:00.1234 +0000 +0000    2001-01-01 00:00:00.1234 -0800 PST
4    2001-01-01 12:00:00.123 +0000 +0000     2001-01-01 00:00:00.123 -0800 PST
5    2001-01-01 12:00:00.12 +0000 +0000      2001-01-01 00:00:00.12 -0800 PST
6    2001-01-01 12:00:00.1 +0000 +0000       2001-01-01 00:00:00.1 -0800 PST
7    2001-01-01 12:00:00 +0000 +0000         2001-01-01 00:00:00 -0800 PST
100  2001-01-01 12:00:00.123456 +0000 +0000  2001-01-01 00:00:00.12346 -0800 PST

query TT
select column_name, data_type FROM [SHOW COLUMNS FROM timestamp_test] ORDER BY column_name
----
id   INT8
t    TIMESTAMP
ttz  TIMESTAMPTZ(5)
