# NOTE: we cast timetz to strings here to avoid confusion with lib/pq
# printing out timetz values with dates.

statement ok
CREATE TABLE timetz_test (a TIMETZ PRIMARY KEY, b TIMETZ, c INT)

statement ok
INSERT INTO timetz_test VALUES
  ('11:00:00+0', '12:00:00+1', 1),
  ('12:00:00+1', '10:00:00-1', 2),
  ('13:00:00+2', '15:00:00-6', 3),
  ('14:00:00+3', '24:00:00-1559', 4),
  ('15:00:00+3', '15:00:00+3', 5)

# NOTE: lib/pq parses '24:00:00-1559' incorrectly, but the data
# structure underneath should still be correct.
query B
SELECT '24:00:00-1559'::timetz > '23:59:59-1559'::timetz;
----
true

query T
select
  extract('hour' from '11:12+03:01'::timetz)::string || ':' ||
  extract('minute' from '11:12+03:01'::timetz)::string || 'Z' ||
  extract('timezone_hour' from '11:12+03:01'::timetz)::string || ':' ||
  extract('timezone_minute' from '11:12+03:01'::timetz)::string
----
11:12Z3:1

query T
select
  extract('hour' from '11:12-03:01'::timetz)::string || ':' ||
  extract('minute' from '11:12-03:01'::timetz)::string || 'Z' ||
  extract('timezone_hour' from '11:12-03:01'::timetz)::string || ':' ||
  extract('timezone_minute' from '11:12-03:01'::timetz)::string
----
11:12Z-3:-1

query TTI
SELECT a::string, b::string, c FROM timetz_test ORDER BY a, c ASC
----
11:00:00+00:00:00  12:00:00+01:00:00  1
12:00:00+01:00:00  10:00:00-01:00:00  2
13:00:00+02:00:00  15:00:00-06:00:00  3
14:00:00+03:00:00  24:00:00-15:59:00  4
15:00:00+03:00:00  15:00:00+03:00:00  5

query TTI
SELECT a::string, b::string, c FROM timetz_test ORDER BY a DESC, c ASC
----
15:00:00+03:00:00  15:00:00+03:00:00  5
14:00:00+03:00:00  24:00:00-15:59:00  4
13:00:00+02:00:00  15:00:00-06:00:00  3
12:00:00+01:00:00  10:00:00-01:00:00  2
11:00:00+00:00:00  12:00:00+01:00:00  1

query TTI
SELECT a::string, b::string, c FROM timetz_test WHERE a > b ORDER BY c
----
11:00:00+00:00:00  12:00:00+01:00:00  1

query TTI
SELECT a::string, b::string, c FROM timetz_test WHERE a = b ORDER BY c
----
15:00:00+03:00:00  15:00:00+03:00:00  5

# Test various casts involving different timezones.
subtest cast_tests

statement ok
SET TIME ZONE -5

query T
SELECT '11:00+03:00'::timetz::time
----
0000-01-01 11:00:00 +0000 UTC

# This should take the timezone in the background.
query T
SELECT '11:00'::time::timetz
----
0000-01-01 11:00:00 -0500 -0500

# This should observe the time and zone from the timestamp.
query T
SELECT '2001-01-01 11:00+04:00'::timestamptz::timetz
----
0000-01-01 11:00:00 +0400 +0400

statement ok
SET TIME ZONE UTC

subtest precision_tests

query error precision 7 out of range
select '1:00:00.001':::TIMETZ(7)

statement ok
CREATE TABLE timetz_precision_test (
  id integer PRIMARY KEY,
  t TIMETZ(5)
)

statement ok
INSERT INTO timetz_precision_test VALUES
  (1,'12:00:00.123456+03:00'),
  (2,'12:00:00.12345+03:00'),
  (3,'12:00:00.1234+03:00'),
  (4,'12:00:00.123+03:00'),
  (5,'12:00:00.12+03:00'),
  (6,'12:00:00.1+03:00'),
  (7,'12:00:00+03:00')

query IT
SELECT * FROM timetz_precision_test ORDER BY id ASC
----
1  0000-01-01 12:00:00.12346 +0300 +0300
2  0000-01-01 12:00:00.12345 +0300 +0300
3  0000-01-01 12:00:00.1234 +0300 +0300
4  0000-01-01 12:00:00.123 +0300 +0300
5  0000-01-01 12:00:00.12 +0300 +0300
6  0000-01-01 12:00:00.1 +0300 +0300
7  0000-01-01 12:00:00 +0300 +0300

query TT
select column_name, data_type FROM [SHOW COLUMNS FROM timetz_precision_test] ORDER BY column_name
----
id  INT8
t   TIMETZ(5)

statement ok
ALTER TABLE timetz_precision_test ALTER COLUMN t TYPE timetz(6)

statement ok
INSERT INTO timetz_precision_test VALUES
  (100,'12:00:00.123456+03:00')

query IT
SELECT * FROM timetz_precision_test ORDER BY id ASC
----
1    0000-01-01 12:00:00.12346 +0300 +0300
2    0000-01-01 12:00:00.12345 +0300 +0300
3    0000-01-01 12:00:00.1234 +0300 +0300
4    0000-01-01 12:00:00.123 +0300 +0300
5    0000-01-01 12:00:00.12 +0300 +0300
6    0000-01-01 12:00:00.1 +0300 +0300
7    0000-01-01 12:00:00 +0300 +0300
100  0000-01-01 12:00:00.123456 +0300 +0300

query TT
select column_name, data_type FROM [SHOW COLUMNS FROM timetz_precision_test] ORDER BY column_name
----
id  INT8
t   TIMETZ(6)
