query T
SELECT '2000-05-05 10:00:00+03':::TIMESTAMP
----
2000-05-05 10:00:00 +0000 +0000

statement ok
CREATE TABLE a (a int); INSERT INTO a VALUES(1)

# Ensure that timestamp serialization doesn't break even if the computation is
# distributed: #28110.

query T
SELECT '2000-05-05 10:00:00+03':::TIMESTAMP FROM a
----
2000-05-05 10:00:00 +0000 +0000

query T
select '1-1-18 1:00:00.001':::TIMESTAMP(0)
----
2001-01-18 01:00:00 +0000 +0000

query T
select '1-1-18 1:00:00.001':::TIMESTAMP(6)
----
2001-01-18 01:00:00.001 +0000 +0000

query T
select '1-1-18 1:00:00.001':::TIMESTAMP
----
2001-01-18 01:00:00.001 +0000 +0000

query T
select '1-1-18 1:00:00.001-8':::TIMESTAMPTZ(0)
----
2001-01-18 09:00:00 +0000 UTC

query T
select '1-1-18 1:00:00.001-8':::TIMESTAMPTZ(6)
----
2001-01-18 09:00:00.001 +0000 UTC

query T
select '1-1-18 1:00:00.001-8':::TIMESTAMPTZ
----
2001-01-18 09:00:00.001 +0000 UTC

# Test timezone() and ... AT TIME ZONE functions.

statement ok
SET TIME ZONE 'PST8PDT'

query TT
SELECT TIMESTAMP '2001-02-16 20:38:40' AT TIME ZONE 'MST', timezone(TIMESTAMP '2001-02-16 20:38:40', 'MST')
----
2001-02-16 19:38:40 -0800 -0800  2001-02-16 19:38:40 -0800 -0800

query TT
SELECT TIMESTAMP WITH TIME ZONE '2001-02-16 20:38:40-05' AT TIME ZONE 'MST', timezone(TIMESTAMP WITH TIME ZONE '2001-02-16 20:38:40-05', 'MST')
----
2001-02-16 18:38:40 +0000 +0000  2001-02-16 18:38:40 +0000 +0000
