# Note that the odd '0000-01-01 hh:mi:ss +0000 +0000' result format is an
# artifact of how pq displays TIMETZs.
#
# We sometimes cast timetz to strings here to avoid confusion with lib/pq
# printing out timetz values with dates.

statement ok
CREATE TABLE timetz_test (a TIMETZ PRIMARY KEY, b TIMETZ, c INT)

statement ok
INSERT INTO timetz_test VALUES
  ('11:00:00+0', '12:00:00+1', 1),
  ('12:00:00+1', '10:00:00-1', 2),
  ('13:00:00+2', '15:00:00-6', 3),
  ('14:00:00+3', '24:00:00-1559', 4),
  ('15:00:00+3', '15:00:00+3', 5)

# NOTE: lib/pq parses '24:00:00-1559' incorrectly, but the data
# structure underneath should still be correct.
query B
SELECT '24:00:00-1559'::timetz > '23:59:59-1559'::timetz;
----
true

query T
select
  extract('hour' from '11:12+03:01'::timetz)::string || ':' ||
  extract('minute' from '11:12+03:01'::timetz)::string || 'Z' ||
  extract('timezone_hour' from '11:12+03:01'::timetz)::string || ':' ||
  extract('timezone_minute' from '11:12+03:01'::timetz)::string
----
11:12Z3:1

query T
select
  extract('hour' from '11:12-03:01'::timetz)::string || ':' ||
  extract('minute' from '11:12-03:01'::timetz)::string || 'Z' ||
  extract('timezone_hour' from '11:12-03:01'::timetz)::string || ':' ||
  extract('timezone_minute' from '11:12-03:01'::timetz)::string
----
11:12Z-3:-1

query TTI
SELECT a::string, b::string, c FROM timetz_test ORDER BY a, c ASC
----
11:00:00+00:00:00  12:00:00+01:00:00  1
12:00:00+01:00:00  10:00:00-01:00:00  2
13:00:00+02:00:00  15:00:00-06:00:00  3
14:00:00+03:00:00  24:00:00-15:59:00  4
15:00:00+03:00:00  15:00:00+03:00:00  5

query TTI
SELECT a::string, b::string, c FROM timetz_test ORDER BY a DESC, c ASC
----
15:00:00+03:00:00  15:00:00+03:00:00  5
14:00:00+03:00:00  24:00:00-15:59:00  4
13:00:00+02:00:00  15:00:00-06:00:00  3
12:00:00+01:00:00  10:00:00-01:00:00  2
11:00:00+00:00:00  12:00:00+01:00:00  1

query TTI
SELECT a::string, b::string, c FROM timetz_test WHERE a > b ORDER BY c
----
11:00:00+00:00:00  12:00:00+01:00:00  1

query TTI
SELECT a::string, b::string, c FROM timetz_test WHERE a = b ORDER BY c
----
15:00:00+03:00:00  15:00:00+03:00:00  5

# Test various casts involving different timezones.
subtest cast_tests

statement ok
SET TIME ZONE -5

query T
SELECT '11:00+03:00'::timetz::time
----
0000-01-01 11:00:00 +0000 UTC

# This should take the timezone in the background.
query T
SELECT '11:00'::time::timetz
----
0000-01-01 11:00:00 -0500 -0500

# This should observe the time and zone from the timestamp.
query T
SELECT '2001-01-01 11:00+04:00'::timestamptz::timetz
----
0000-01-01 11:00:00 +0400 +0400

statement ok
SET TIME ZONE UTC

subtest current_time_tests

# current_time cannot be subtracted, but can as a timestamp.
query B
select
  ('1970-01-01 ' || current_time(3)::string)::timestamp -
  ('1970-01-01 ' || current_time::string)::timestamp
<= '1ms'::interval
----
true

statement ok
CREATE TABLE current_time_test (
  id INTEGER PRIMARY KEY,
  a TIMETZ(3) DEFAULT CURRENT_TIME,
  b TIMETZ DEFAULT CURRENT_TIME
)

statement ok
INSERT INTO current_time_test (id) VALUES (1)

statement ok
INSERT INTO current_time_test (id, a, b) VALUES
  (2, current_time, current_time),
  (3, current_time, current_time(3))

query I
SELECT id FROM current_time_test WHERE
  ('1970-01-01 ' || b::string)::timestamp -
  ('1970-01-01 ' || a::string)::timestamp
> '1ms'::interval ORDER BY id ASC
----

# switching timezones should make current_time() change timezones too.
statement ok
set time zone +4

query B
select current_time() + current_timestamp()::date = current_timestamp()
----
true

statement ok
set time zone UTC

subtest precision_tests

query error precision 7 out of range
select '1:00:00.001':::TIMETZ(7)

statement ok
CREATE TABLE timetz_precision_test (
  id integer PRIMARY KEY,
  t TIMETZ(5)
)

statement ok
INSERT INTO timetz_precision_test VALUES
  (1,'12:00:00.123456+03:00'),
  (2,'12:00:00.12345+03:00'),
  (3,'12:00:00.1234+03:00'),
  (4,'12:00:00.123+03:00'),
  (5,'12:00:00.12+03:00'),
  (6,'12:00:00.1+03:00'),
  (7,'12:00:00+03:00')

query IT
SELECT * FROM timetz_precision_test ORDER BY id ASC
----
1  0000-01-01 12:00:00.12346 +0300 +0300
2  0000-01-01 12:00:00.12345 +0300 +0300
3  0000-01-01 12:00:00.1234 +0300 +0300
4  0000-01-01 12:00:00.123 +0300 +0300
5  0000-01-01 12:00:00.12 +0300 +0300
6  0000-01-01 12:00:00.1 +0300 +0300
7  0000-01-01 12:00:00 +0300 +0300

query TT
select column_name, data_type FROM [SHOW COLUMNS FROM timetz_precision_test] ORDER BY column_name
----
id  INT8
t   TIMETZ(5)

statement ok
ALTER TABLE timetz_precision_test ALTER COLUMN t TYPE timetz(6)

statement ok
INSERT INTO timetz_precision_test VALUES
  (100,'12:00:00.123456+03:00')

query IT
SELECT * FROM timetz_precision_test ORDER BY id ASC
----
1    0000-01-01 12:00:00.12346 +0300 +0300
2    0000-01-01 12:00:00.12345 +0300 +0300
3    0000-01-01 12:00:00.1234 +0300 +0300
4    0000-01-01 12:00:00.123 +0300 +0300
5    0000-01-01 12:00:00.12 +0300 +0300
6    0000-01-01 12:00:00.1 +0300 +0300
7    0000-01-01 12:00:00 +0300 +0300
100  0000-01-01 12:00:00.123456 +0300 +0300

query TT
select column_name, data_type FROM [SHOW COLUMNS FROM timetz_precision_test] ORDER BY column_name
----
id  INT8
t   TIMETZ(6)

subtest regression_42749

# cast to string to prove it is 24:00
query T
SELECT '0000-01-01 24:00:00'::timetz::string
----
24:00:00+00:00:00

query T
SELECT '2001-01-01 01:24:00+3'::timetz
----
0000-01-01 01:24:00 +0300 +0300

# Test various evals using different timezones.
subtest eval_test

statement ok
SET TIME ZONE -3

query B
SELECT '11:00+5'::timetz = '11:00+5'::timetz
----
true

query B
SELECT '11:00-3'::timetz = '11:00'::time
----
true

query B
SELECT '11:00-2'::timetz < '11:00'::time
----
true

statement ok
SET TIME ZONE UTC

# These are the old tests that were in the old iteration. Included for completeness.
subtest windchan7_tests

query T
SELECT '12:00:00':::TIMETZ;
----
0000-01-01 12:00:00 +0000 UTC

query T
SELECT '12:00:00.456':::TIMETZ;
----
0000-01-01 12:00:00.456 +0000 UTC

query T
SELECT '12:00:00.456789':::TIMETZ;
----
0000-01-01 12:00:00.456789 +0000 UTC

query T
SELECT '12:00:00.456789+00':::TIMETZ;
----
0000-01-01 12:00:00.456789 +0000 UTC

query T
SELECT '12:00:00.456789-07':::TIMETZ;
----
0000-01-01 12:00:00.456789 -0700 -0700

query T
SELECT '23:59:59.999999-10':::TIMETZ;
----
0000-01-01 23:59:59.999999 -1000 -1000

query T
SELECT '24:00:00':::TIMETZ;
----
0000-01-01 00:00:00 +0000 UTC

query T
SELECT TIMETZ '12:00:00-07';
----
0000-01-01 12:00:00 -0700 -0700

# Casting

query T
SELECT '12:00:00-07'::TIMETZ;
----
0000-01-01 12:00:00 -0700 -0700

query T
select '12:00:00-07':::STRING::TIMETZ;
----
0000-01-01 12:00:00 -0700 -0700

query T
select '22:00:00-07':::STRING::TIMETZ;
----
0000-01-01 22:00:00 -0700 -0700

query T
SELECT '09:00:00.456-07' COLLATE de::TIMETZ;
----
0000-01-01 09:00:00.456 -0700 -0700

query T
SELECT '2017-01-01 12:00:00-07':::TIMESTAMPTZ::TIMETZ;
----
0000-01-01 12:00:00 -0700 -0700

query T
SELECT '12:00:00-07':::TIME::TIMETZ;
----
0000-01-01 12:00:00 +0000 UTC

query T
select '12:00:00-07:00'::TIMETZ::STRING;
----
12:00:00-07:00:00

query T
select '11:00:00-07:00'::TIMETZ::TIME;
----
0000-01-01 11:00:00 +0000 UTC

query T
select '11:00:00-07:00'::TIMETZ::TIMETZ;
----
0000-01-01 11:00:00 -0700 -0700

# Comparison

query B
select '12:00:00+00':::TIMETZ = '12:00:00+00':::TIMETZ
----
true

query B
select '12:00:00-06':::TIMETZ = '12:00:00-07':::TIMETZ
----
false

query B
select '12:00:00+00':::TIMETZ >= '12:00:00+00':::TIMETZ
----
true

query B
select '12:00:00+00':::TIMETZ <= '12:00:00+00':::TIMETZ
----
true

query B
SELECT '12:00:00+01:00':::TIMETZ < '11:59:59.999999+00':::TIMETZ
----
true

query B
SELECT '12:00:00+01:00':::TIMETZ < '11:59:59.999999+02':::TIMETZ
----
false

query B
SELECT '12:00:00+01:00':::TIMETZ > '11:59:59.999999+02':::TIMETZ
----
true

query B
SELECT '23:00:01-01:00':::TIMETZ > '00:00:01+00:00':::TIMETZ
----
true

query B
SELECT '23:00:01-06:00':::TIMETZ > '00:00:01-04:00':::TIMETZ
----
true

query B
SELECT '07:00:01-06:00':::TIMETZ > '23:00:01-04:00':::TIMETZ
----
false

query B
SELECT '12:00:00-05':::TIMETZ IN ('12:00:00');
----
false

query B
SELECT '12:00:00-05':::TIMETZ IN ('12:00:00-05');
----
true

query B
SELECT '12:00:00-05':::TIMETZ IN ('12:00:00-07');
----
false

query B
SELECT '12:00:00-05':::TIMETZ IN ('11:00:00-06');
----
false

# Arithmetic

query T
SELECT '12:00:00-01':::TIMETZ + '1s':::INTERVAL
----
0000-01-01 12:00:01 -0100 -0100

query T
SELECT '23:59:59+00':::TIMETZ + '1s':::INTERVAL
----
0000-01-01 00:00:00 +0000 UTC

query T
SELECT '23:59:59+00':::TIMETZ + '4m':::INTERVAL
----
0000-01-01 00:03:59 +0000 UTC

query T
SELECT '12:00:00-07':::TIMETZ + '1d':::INTERVAL
----
0000-01-01 12:00:00 -0700 -0700

query T
SELECT '1s':::INTERVAL + '12:00:00+03':::TIMETZ
----
0000-01-01 12:00:01 +0300 +0300

query T
SELECT '12:00:00-07':::TIMETZ - '1s':::INTERVAL
----
0000-01-01 11:59:59 -0700 -0700

query T
SELECT '12:00:00-07':::TIMETZ - '1d':::INTERVAL
----
0000-01-01 12:00:00 -0700 -0700

query T
SELECT '01:00:00-07':::TIMETZ - '9h':::INTERVAL
----
0000-01-01 16:00:00 -0700 -0700

query T
SELECT '2017-01-01':::DATE + '12:00:00-03':::TIMETZ
----
2017-01-01 15:00:00 +0000 UTC

query T
SELECT '12:00:00+03':::TIMETZ + '2017-01-01':::DATE
----
2017-01-01 09:00:00 +0000 UTC

# Storage

statement ok
CREATE TABLE timetzs (t timetz PRIMARY KEY)

statement ok
INSERT INTO timetzs VALUES
  ('00:00:00-07'),
  ('00:00:00.000001+06'),
  ('11:59:59.999999+10'),
  ('12:00:00-05'),
  ('12:00:00.000001-05'),
  ('23:59:59.999999+00')

query T
SELECT * FROM timetzs ORDER BY t
----
0000-01-01 00:00:00.000001 +0600 +0600
0000-01-01 11:59:59.999999 +1000 +1000
0000-01-01 00:00:00 -0700 -0700
0000-01-01 12:00:00 -0500 -0500
0000-01-01 12:00:00.000001 -0500 -0500
0000-01-01 23:59:59.999999 +0000 UTC

statement ok
CREATE TABLE tzarrays (timetzs TIMETZ[])

statement ok
INSERT INTO tzarrays VALUES
  (ARRAY[]),
  (ARRAY['00:00:00-07']),
  (ARRAY['00:00:00-07', '12:00:00.000001-07']),
  ('{13:00:00-07}'::TIMETZ[])

query T rowsort
SELECT * FROM tzarrays
----
{}
{00:00:00-07:00:00}
{00:00:00-07:00:00,12:00:00.000001-07:00:00}
{13:00:00-07:00:00}

# Built-ins

query R
SELECT extract(hour from timetz '12:01:02.345678-07')
----
12

query R
SELECT extract(minute from timetz '12:01:02.345678+03')
----
1

query R
SELECT extract(second from timetz '12:01:02.345678-06')
----
2.345678

query R
SELECT extract(millisecond from timetz '12:01:02.345678+00')
----
2345.678

query R
SELECT extract(microsecond from timetz '12:01:02.345678-05')
----
2.345678e+06

query R
SELECT extract(epoch from timetz '12:00:00+04')
----
28800
