statement ok
CREATE TABLE kv (
  k INT PRIMARY KEY,
  v INT
)

statement ok
INSERT INTO kv VALUES (1, 2), (3, 4), (5, 6), (7, 8)

query II rowsort
SELECT * FROM kv
----
1 2
3 4
5 6
7 8

statement ok
CREATE VIEW kview AS SELECT k,v FROM kv

query II rowsort
SELECT * FROM kview
----
1 2
3 4
5 6
7 8

statement error "kview" is not a table
TRUNCATE TABLE kview

query II rowsort
SELECT * FROM kview
----
1 2
3 4
5 6
7 8

statement ok
TRUNCATE TABLE kv

query II
SELECT * FROM kv
----

query II
SELECT * FROM kview
----

# The "updating privileges" clause in the SELECT statement is for excluding jobs
# run by an unrelated startup migration.
# TODO (lucy): Update this if/when we decide to change how these jobs queued by
# the startup migration are handled.
query T
SELECT status FROM [SHOW JOBS] WHERE job_type = 'SCHEMA CHANGE' AND description != 'updating privileges'
----
succeeded
succeeded
succeeded
succeeded

query T
SELECT status FROM [SHOW JOBS] WHERE job_type = 'SCHEMA CHANGE GC'
----
running

# Ensure that TRUNCATE works with a self referential FK.
statement ok
CREATE TABLE selfref (
  y INT PRIMARY KEY,
  Z INT REFERENCES selfref (y)
)

statement ok
TRUNCATE table selfref

statement ok
INSERT INTO selfref VALUES (1, NULL);

statement ok
DROP TABLE selfref

subtest truncate_interleave

statement ok
CREATE TABLE a (a INT PRIMARY KEY)

statement ok
CREATE TABLE b (a INT, b INT, PRIMARY KEY (a, b), UNIQUE INDEX(b)) INTERLEAVE IN PARENT a(a)

statement error "a" is interleaved by table "b"
TRUNCATE a

statement ok
TRUNCATE a CASCADE

statement ok
TRUNCATE b

statement ok
TRUNCATE b CASCADE

statement ok
CREATE TABLE c (c INT PRIMARY KEY, d INT REFERENCES b(b))

statement error "b" is referenced by foreign key from table "c"
TRUNCATE a, b

statement ok
INSERT INTO b VALUES(1, 2)

statement ok
INSERT INTO c VALUES(1, 2)

statement ok
TRUNCATE a CASCADE

query II
SELECT * FROM c
----

statement ok
CREATE TABLE d (c INT PRIMARY KEY) INTERLEAVE IN PARENT c(c);

statement ok
TRUNCATE a, b, c, d

statement error "c" is interleaved by table "d"
TRUNCATE a, b, c

statement error "c" is interleaved by table "d"
TRUNCATE a, b, c

statement ok
INSERT INTO b VALUES(1, 2)

statement ok
INSERT INTO c VALUES(1, 2)

statement ok
INSERT INTO d VALUES (1)

statement ok
TRUNCATE a CASCADE

query I
SELECT * FROM d
----

subtest truncate_29010

statement ok
CREATE SEQUENCE foo;

statement ok
CREATE TABLE bar (
  id INT NOT NULL DEFAULT nextval('foo':::STRING),
  description STRING NULL,
  CONSTRAINT "primary" PRIMARY KEY (id ASC),
  FAMILY "primary" (id, description)
);

statement ok
TRUNCATE bar

statement ok
DROP TABLE bar;

subtest truncate_30547

statement ok
CREATE TABLE tt AS SELECT 'foo'

query TTT
EXPLAIN TRUNCATE TABLE tt
----
路         distribution  local
路         vectorized    false
truncate  路             路

# Verify that EXPLAIN did not cause the truncate to be performed.
query T
SELECT * FROM tt
----
foo

# Tests for comments getting moved during truncate.
subtest comments

statement ok
CREATE TABLE t (
  x INT,
  y INT,
  z INT,
  INDEX i1 (x),
  INDEX i2 (y),
  INDEX i3 (z)
);
COMMENT ON COLUMN t.x IS '''hi''); DROP TABLE t;';
COMMENT ON COLUMN t.z IS 'comm"en"t2';
COMMENT ON INDEX t@i2 IS 'comm''ent3';
TRUNCATE t

query TT
SELECT column_name, comment FROM [SHOW COLUMNS FROM t WITH COMMENT] ORDER BY column_name
----
rowid  NULL
x      'hi'); DROP TABLE t;
y      NULL
z      comm"en"t2


query TT rowsort
SELECT distinct(index_name), comment FROM [SHOW INDEXES FROM t WITH COMMENT]
----
primary  NULL
i1       NULL
i2       comm'ent3
i3       NULL

# Ensure that truncate comment reasignment works when index and column IDs
# don't all start from 1.
statement ok
DROP TABLE t;
CREATE TABLE t (x INT, y INT, z INT);
ALTER TABLE t DROP COLUMN y;
ALTER TABLE t ADD COLUMN y INT;
ALTER TABLE t DROP COLUMN y;
ALTER TABLE t ADD COLUMN y INT;
CREATE INDEX i ON t (x);
DROP INDEX t@i;
CREATE INDEX i ON t (x);
DROP INDEX t@i;
CREATE INDEX i ON t (x);
COMMENT ON COLUMN t.y IS 'hello1';
COMMENT ON INDEX t@i IS 'hello2'

query TT rowsort
SELECT column_name, comment FROM [SHOW COLUMNS FROM t WITH COMMENT]
----
rowid  NULL
x      NULL
y      hello1
z      NULL

query TT rowsort
SELECT distinct(index_name), comment FROM [SHOW INDEXES FROM t WITH COMMENT]
----
primary  NULL
i        hello2
