# LogicTest: !local-mixed-23.1

subtest types

# SQL UDFs
statement error pgcode 42P13 pq: function result type must be specified
CREATE FUNCTION f() AS $$ SELECT 1; $$ LANGUAGE SQL;

statement error pgcode 42P13 pq: function result type must be int because of OUT parameters
CREATE FUNCTION f(OUT param INT) RETURNS FLOAT AS $$ SELECT 1; $$ LANGUAGE SQL;

statement error pgcode 42P13 pq: function result type must be record because of OUT parameters
CREATE FUNCTION f(OUT param1 INT, OUT param2 INT) RETURNS INT AS $$ SELECT 1, 2; $$ LANGUAGE SQL;

statement error pgcode 42P13 pq: function result type must be int because of OUT parameters
CREATE FUNCTION f(OUT param INT) RETURNS VOID AS $$ SELECT 1; $$ LANGUAGE SQL;

statement error pgcode 42P13 pq: function result type must be int because of OUT parameters
CREATE FUNCTION f(OUT param INT) RETURNS RECORD AS $$ SELECT 1; $$ LANGUAGE SQL;

statement ok
CREATE FUNCTION f(OUT param INT) RETURNS INT AS $$ SELECT 1; $$ LANGUAGE SQL;

statement ok
DROP FUNCTION f;

statement ok
CREATE FUNCTION f(INOUT param1 INT, OUT param2 INT) RETURNS RECORD AS $$ SELECT 1, 2; $$ LANGUAGE SQL;

statement ok
DROP FUNCTION f;

statement error pgcode 42P13 pq: return type mismatch in function declared to return record
CREATE FUNCTION f(INOUT param1 INT, OUT param2 INT) AS $$ SELECT 1, 2, 3; $$ LANGUAGE SQL;

statement error pgcode 42P13 pq: return type mismatch in function declared to return int
CREATE FUNCTION f(INOUT param INT) AS $$ SELECT 'hello'; $$ LANGUAGE SQL;

# Stored Procedures
statement error pgcode 42601 pq: at or near "float": syntax error
CREATE PROCEDURE p(OUT param INT) RETURNS FLOAT AS $$ SELECT 1; $$ LANGUAGE SQL;

statement ok
CREATE PROCEDURE p(OUT param INT) AS $$ SELECT 1; $$ LANGUAGE SQL;

statement ok
DROP PROCEDURE p;

statement ok
CREATE PROCEDURE p(IN param1 INT, INOUT param2 INT, OUT param3 INT) AS $$ SELECT 1, 2; $$ LANGUAGE SQL;

statement ok
DROP PROCEDURE p;

statement error pgcode 42P13 pq: return type mismatch in function declared to return record
CREATE PROCEDURE p(INOUT param1 INT, OUT param2 INT) AS $$ SELECT 1, 2, 3; $$ LANGUAGE SQL;

statement error pgcode 42P13 pq: return type mismatch in function declared to return int
CREATE PROCEDURE p(INOUT param INT) AS $$ SELECT 'hello'; $$ LANGUAGE SQL;

# Verify that function resolution works correctly when dropping functions (OUT
# arguments are ignored).
statement ok
CREATE FUNCTION f(OUT param INT) AS $$ SELECT 1; $$ LANGUAGE SQL;

statement ok
DROP FUNCTION f;

statement ok
CREATE FUNCTION f(OUT param INT) AS $$ SELECT 1; $$ LANGUAGE SQL;

statement ok
DROP FUNCTION f(OUT INT);

statement ok
CREATE FUNCTION f(OUT param1 INT, OUT param2 INT) AS $$ SELECT 1, 2; $$ LANGUAGE SQL;

statement ok
DROP FUNCTION f(OUT INT);

statement ok
CREATE FUNCTION f(OUT param1 INT, OUT param2 INT) AS $$ SELECT 1, 2; $$ LANGUAGE SQL;

statement error pq: function f\(int\) does not exist
DROP FUNCTION f(INT);

statement ok
DROP FUNCTION f;

statement ok
CREATE FUNCTION f() RETURNS INT AS $$ SELECT 1; $$ LANGUAGE SQL;

statement ok
DROP FUNCTION f(OUT INT, OUT text, OUT INT);

subtest end

subtest show_create

statement ok
CREATE FUNCTION f_param_types(IN p1 INT, INOUT p2 INT, IN OUT p3 INT, OUT p4 INT) AS $$
SELECT p2, p3, p1;
$$ LANGUAGE SQL;

query T
SELECT create_statement FROM [SHOW CREATE FUNCTION f_param_types];
----
CREATE FUNCTION public.f_param_types(IN p1 INT8, INOUT p2 INT8, INOUT p3 INT8, OUT p4 INT8)
  RETURNS RECORD
  VOLATILE
  NOT LEAKPROOF
  CALLED ON NULL INPUT
  LANGUAGE SQL
  AS $$
  SELECT p2, p3, p1;
$$

statement ok
DROP FUNCTION f_param_types;

statement ok
CREATE FUNCTION f_param_types(OUT param INT) AS $$
SELECT 1;
$$ LANGUAGE SQL;

query T
SELECT create_statement FROM [SHOW CREATE FUNCTION f_param_types];
----
CREATE FUNCTION public.f_param_types(OUT param INT8)
  RETURNS INT8
  VOLATILE
  NOT LEAKPROOF
  CALLED ON NULL INPUT
  LANGUAGE SQL
  AS $$
  SELECT 1;
$$

statement ok
DROP FUNCTION f_param_types;

statement ok
CREATE PROCEDURE p(IN p1 INT, INOUT p2 INT, IN OUT p3 INT, OUT p4 INT) AS $$
SELECT p2, p3, p1;
$$ LANGUAGE SQL;

query T
SELECT create_statement FROM [SHOW CREATE PROCEDURE p];
----
CREATE PROCEDURE public.p(IN p1 INT8, INOUT p2 INT8, INOUT p3 INT8, OUT p4 INT8)
  LANGUAGE SQL
  AS $$
  SELECT p2, p3, p1;
$$

subtest end

subtest parameter_names

# Sharing of parameter names is only allowed across two different "parameter
# namespaces" (IN vs OUT).

statement error pgcode 42P13 pq: parameter name "a" used more than once
CREATE FUNCTION f_same_name(IN a INT, IN a INT) RETURNS INT IMMUTABLE LANGUAGE SQL AS $$ SELECT 1 $$;

statement error pgcode 42P13 pq: parameter name "a" used more than once
CREATE FUNCTION f_same_name(IN a INT, INOUT a INT) IMMUTABLE LANGUAGE SQL AS $$ SELECT 1 $$;

statement error pgcode 42P13 pq: parameter name "a" used more than once
CREATE FUNCTION f_same_name(OUT a INT, INOUT a INT) IMMUTABLE LANGUAGE SQL AS $$ SELECT 1, 1 $$;

statement ok
CREATE FUNCTION f_same_name(IN a INT, OUT a INT) IMMUTABLE LANGUAGE SQL AS $$ SELECT 1 $$;

statement ok
CREATE FUNCTION f_out_int(OUT param INT) RETURNS INT AS $$ SELECT 1; $$ LANGUAGE SQL;

statement ok
CREATE FUNCTION f_in_int(IN param INT) RETURNS INT AS $$ SELECT 1; $$ LANGUAGE SQL;

statement ok
CREATE FUNCTION f_inout_int(INOUT param INT) RETURNS INT AS $$ SELECT 1; $$ LANGUAGE SQL;

# Changing OUT parameter name is ok.
statement ok
CREATE OR REPLACE FUNCTION f_out_int(OUT param_new INT) RETURNS INT AS $$ SELECT 1; $$ LANGUAGE SQL;

query T
SELECT create_statement FROM [SHOW CREATE FUNCTION f_out_int];
----
CREATE FUNCTION public.f_out_int(OUT param_new INT8)
  RETURNS INT8
  VOLATILE
  NOT LEAKPROOF
  CALLED ON NULL INPUT
  LANGUAGE SQL
  AS $$
  SELECT 1;
$$

# But changing IN or INOUT parameter name is not allowed.
statement error pgcode 42P13 pq: cannot change name of input parameter "param"
CREATE OR REPLACE FUNCTION f_in_int(IN param_new INT) RETURNS INT AS $$ SELECT 1; $$ LANGUAGE SQL;

statement error pgcode 42P13 pq: cannot change name of input parameter "param"
CREATE OR REPLACE FUNCTION f_inout_int(INOUT param_new INT) RETURNS INT AS $$ SELECT 1; $$ LANGUAGE SQL;

subtest end

subtest changing_parameters

statement ok
CREATE FUNCTION f_int(IN param INT) RETURNS INT AS $$ SELECT 1; $$ LANGUAGE SQL;

# We can change the parameter class from IN to INOUT without introducing new
# overload.
statement ok
CREATE OR REPLACE FUNCTION f_int(INOUT param INT) RETURNS INT AS $$ SELECT 1; $$ LANGUAGE SQL;

query T
SELECT create_statement FROM [SHOW CREATE FUNCTION f_int];
----
CREATE FUNCTION public.f_int(INOUT param INT8)
  RETURNS INT8
  VOLATILE
  NOT LEAKPROOF
  CALLED ON NULL INPUT
  LANGUAGE SQL
  AS $$
  SELECT 1;
$$

# We can add and remove an OUT parameter too without introducing another
# overload (but must preserve the original parameter name for IN / INOUT
# parameter).
statement error pgcode 42P13 pq: cannot change name of input parameter "param"
CREATE OR REPLACE FUNCTION f_int(IN param_in INT, OUT param_out INT) RETURNS INT AS $$ SELECT 1; $$ LANGUAGE SQL;

statement ok
CREATE OR REPLACE FUNCTION f_int(IN param INT, OUT param_out INT) RETURNS INT AS $$ SELECT 1; $$ LANGUAGE SQL;

query T
SELECT create_statement FROM [SHOW CREATE FUNCTION f_int];
----
CREATE FUNCTION public.f_int(IN param INT8, OUT param_out INT8)
  RETURNS INT8
  VOLATILE
  NOT LEAKPROOF
  CALLED ON NULL INPUT
  LANGUAGE SQL
  AS $$
  SELECT 1;
$$

statement ok
CREATE OR REPLACE FUNCTION f_int(OUT param_out INT, IN param INT) RETURNS INT AS $$ SELECT 1; $$ LANGUAGE SQL;

query T
SELECT create_statement FROM [SHOW CREATE FUNCTION f_int];
----
CREATE FUNCTION public.f_int(OUT param_out INT8, IN param INT8)
  RETURNS INT8
  VOLATILE
  NOT LEAKPROOF
  CALLED ON NULL INPUT
  LANGUAGE SQL
  AS $$
  SELECT 1;
$$

statement ok
CREATE OR REPLACE FUNCTION f_int(INOUT param INT) RETURNS INT AS $$ SELECT 1; $$ LANGUAGE SQL;

query T
SELECT create_statement FROM [SHOW CREATE FUNCTION f_int];
----
CREATE FUNCTION public.f_int(INOUT param INT8)
  RETURNS INT8
  VOLATILE
  NOT LEAKPROOF
  CALLED ON NULL INPUT
  LANGUAGE SQL
  AS $$
  SELECT 1;
$$

# We can change the order of parameters across IN and OUT "namespaces" as long
# as we preserve the right ordering within each "namespace".
statement ok
CREATE FUNCTION f_3_in_2_out(IN param1 INT, IN param2 INT, IN param3 INT, OUT param1 INT, OUT param2 INT) AS $$ SELECT (1, 1); $$ LANGUAGE SQL;

statement ok
CREATE OR REPLACE FUNCTION f_3_in_2_out(IN param1 INT, OUT param1 INT, IN param2 INT, IN param3 INT, OUT param2 INT) AS $$ SELECT (1, 1); $$ LANGUAGE SQL;

query T
SELECT create_statement FROM [SHOW CREATE FUNCTION f_3_in_2_out];
----
CREATE FUNCTION public.f_3_in_2_out(IN param1 INT8, OUT param1 INT8, IN param2 INT8, IN param3 INT8, OUT param2 INT8)
  RETURNS RECORD
  VOLATILE
  NOT LEAKPROOF
  CALLED ON NULL INPUT
  LANGUAGE SQL
  AS $$
  SELECT (1:::INT8, 1:::INT8);
$$

# We can also merge some parameters as long as they have the same names.
statement error pgcode 42P13 pq: cannot change return type of existing function
CREATE OR REPLACE FUNCTION f_3_in_2_out(INOUT param1 INT, IN param2 INT, INOUT param3 INT) AS $$ SELECT (1, 1); $$ LANGUAGE SQL;

statement ok
CREATE OR REPLACE FUNCTION f_3_in_2_out(INOUT param1 INT, INOUT param2 INT, IN param3 INT) AS $$ SELECT (1, 1); $$ LANGUAGE SQL;

query T
SELECT create_statement FROM [SHOW CREATE FUNCTION f_3_in_2_out];
----
CREATE FUNCTION public.f_3_in_2_out(INOUT param1 INT8, INOUT param2 INT8, IN param3 INT8)
  RETURNS RECORD
  VOLATILE
  NOT LEAKPROOF
  CALLED ON NULL INPUT
  LANGUAGE SQL
  AS $$
  SELECT (1:::INT8, 1:::INT8);
$$

subtest end
