statement ok
CREATE TABLE t (a INT PRIMARY KEY, b INT DEFAULT 0);

statement ok
CREATE FUNCTION f_should_err() RETURNS RECORD AS
$$
  INSERT INTO t VALUES (1,2);
$$ LANGUAGE SQL;

statement error pq: at or near "as": syntax error
CREATE FUNCTION f_err() AS
$$
  INSERT INTO t VALUES (1,2);
$$ LANGUAGE SQL;

statement error missing "a" primary key column
CREATE FUNCTION f_err(b INT) RETURNS RECORD AS
$$
  INSERT INTO t (b) VALUES (b);
  SELECT * FROM t WHERE t.a=a AND t.b=b;
$$ LANGUAGE SQL;

statement ok
CREATE FUNCTION f_insert(i INT, j INT) RETURNS RECORD AS
$$
  INSERT INTO t VALUES (i, j);
  SELECT * FROM t WHERE t.a=i AND t.b=j;
$$ LANGUAGE SQL;

query T
SELECT f_insert(1,2);
----
(1,2)

query T
SELECT f_insert(3,4);
----
(3,4)

query II
SELECT * FROM t;
----
1 2
3 4


statement ok
CREATE FUNCTION f_returning(a INT, b INT) RETURNS RECORD AS
$$
  INSERT INTO t VALUES (a, b) RETURNING a, b as foo, t.a, test.t.b;
$$ LANGUAGE SQL;

query T colnames
select f_returning(15,16);
----
f_returning
(15,16,15,16)

statement ok
CREATE FUNCTION f_returning_star(a INT, b INT) RETURNS RECORD AS
$$
  INSERT INTO t VALUES (a, b) RETURNING *;
$$ LANGUAGE SQL;

query T colnames
SELECT f_returning_star(17,18);
----
f_returning_star
(17,18)

query II colnames
SELECT * FROM f_returning_star(19,20) AS foo(a INT, b INT);
----
a b
19 20

statement ok
CREATE FUNCTION f_default(a INT) RETURNS RECORD AS
$$
  INSERT INTO t VALUES (a, DEFAULT) RETURNING *;
$$ LANGUAGE SQL;

query T
SELECT f_default(21);
----
(21,0)

subtest multi_insert

statement ok
CREATE TABLE t_multi (a INT PRIMARY KEY, b INT DEFAULT 0);

statement ok
CREATE FUNCTION f_2values(i INT, j INT, m INT, n INT) RETURNS SETOF RECORD AS
$$
  INSERT INTO t_multi VALUES (i, j), (m, n);
  SELECT * FROM t_multi WHERE t_multi.a=i OR t_multi.a=m;
$$ LANGUAGE SQL;

query T rowsort
SELECT f_2values(7,8,9,10);
----
(7,8)
(9,10)

statement ok
CREATE FUNCTION f_2inserts(i INT, j INT, m INT, n INT) RETURNS SETOF RECORD AS
$$
  INSERT INTO t_multi VALUES (i, j);
  INSERT INTO t_multi VALUES (m, n);
  SELECT * FROM t_multi WHERE t_multi.a=i OR t_multi.a=m;
$$ LANGUAGE SQL;

query T rowsort
SELECT f_2inserts(11,12,13,14);
----
(11,12)
(13,14)

subtest schema_changes

statement ok
CREATE TABLE t_alter (a INT);

statement ok
CREATE FUNCTION f_int(i INT) RETURNS INT AS
$$
  INSERT INTO t_alter VALUES (i) RETURNING *;
$$ LANGUAGE SQL;

query I
SELECT f_int(0);
----
0

statement ok
CREATE FUNCTION f_record(i INT) RETURNS RECORD AS
$$
  INSERT INTO t_alter VALUES (i) RETURNING *;
$$ LANGUAGE SQL;

query T
SELECT f_record(1)
----
(1)

statement ok
ALTER TABLE t_alter ADD COLUMN b INT DEFAULT 0;

query T
SELECT f_record(2)
----
(2)

statement ok
ALTER TABLE t_alter ADD COLUMN c INT;

query T
SELECT f_record(3)
----
(3)

query I
SELECT f_int(4);
----
4

query III
SELECT * FROM t_alter;
----
0 0 NULL
1 0 NULL
2 0 NULL
3 0 NULL
4 0 NULL

statement ok
CREATE FUNCTION f_drop(i INT, j INT, k INT) RETURNS RECORD AS
$$
  INSERT INTO t_alter VALUES (i, j, k) RETURNING *;
$$ LANGUAGE SQL;

query T
SELECT f_drop(5,100,101);
----
(5,100,101)

# TODO(102771): Expected error due to f_drop's dependency on c.
statement ok
ALTER TABLE t_alter DROP COLUMN c;

query T
SELECT f_record(6);
----
(6)

subtest constraints

statement ok
CREATE TABLE t_checkb(
  a INT PRIMARY KEY,
  b INT,
  CHECK (b > 1)
)

statement ok
CREATE FUNCTION f_checkb() RETURNS RECORD AS
$$
  INSERT INTO t_checkb VALUES (1, 0) ON CONFLICT(a) DO UPDATE SET b=0 RETURNING *;
$$ LANGUAGE SQL;

statement error pq: failed to satisfy CHECK constraint \(b > 1:::INT8\)
SELECT f_checkb();
