# LogicTest: default distsql

query I rowsort
VALUES (1), (1), (1), (2), (2) UNION VALUES (1), (3), (1)
----
1
2
3

query I rowsort
VALUES (1), (1), (1), (2), (2) UNION ALL VALUES (1), (3), (1)
----
1
1
1
1
1
2
2
3

query I rowsort
VALUES (1), (1), (1), (2), (2) INTERSECT VALUES (1), (3), (1)
----
1

query I rowsort
VALUES (1), (1), (1), (2), (2) INTERSECT ALL VALUES (1), (3), (1)
----
1
1

query I rowsort
VALUES (1), (1), (1), (2), (2) EXCEPT VALUES (1), (3), (1)
----
2

query I rowsort
VALUES (1), (1), (1), (2), (2) EXCEPT ALL VALUES (1), (3), (1)
----
1
2
2

query II rowsort
VALUES (1, 2), (1, 1), (1, 2), (2, 1), (2, 1) UNION VALUES (1, 3), (3, 4), (1, 1)
----
1 1
1 2
1 3
2 1
3 4

query I
(VALUES (1), (1), (1), (2), (2) UNION ALL VALUES (1), (3), (1)) ORDER BY 1 DESC LIMIT 2
----
3
2

# The ORDER BY and LIMIT apply to the UNION, not the last VALUES.
query I
VALUES (1), (1), (1), (2), (2) UNION ALL VALUES (1), (3), (1) ORDER BY 1 DESC LIMIT 2
----
3
2

# UNION with NULL columns in operands works.
query I
VALUES (1) UNION ALL VALUES (NULL) ORDER BY 1
----
NULL
1

query I
VALUES (NULL) UNION ALL VALUES (1) ORDER BY 1
----
NULL
1

query I
VALUES (NULL) UNION ALL VALUES (NULL)
----
NULL
NULL

query IT
SELECT x, pg_typeof(y) FROM (SELECT 1, NULL UNION ALL SELECT 2, 4) AS t(x, y)
----
1  unknown
2  int

query IT
SELECT x, pg_typeof(y) FROM (SELECT 1, 3 UNION ALL SELECT 2, NULL) AS t(x, y)
----
1  int
2  unknown

statement ok
CREATE TABLE uniontest (
  k INT,
  v INT
)

statement OK
INSERT INTO uniontest VALUES
(1, 1),
(1, 1),
(1, 1),
(1, 2),
(1, 2),
(2, 1),
(2, 3),
(2, 1)

query I rowsort
SELECT v FROM uniontest WHERE k = 1 UNION SELECT v FROM uniontest WHERE k = 2
----
1
2
3

query I rowsort
SELECT v FROM uniontest WHERE k = 1 UNION ALL SELECT v FROM uniontest WHERE k = 2
----
1
1
1
1
1
2
2
3

query I rowsort
SELECT v FROM uniontest WHERE k = 1 INTERSECT SELECT v FROM uniontest WHERE k = 2
----
1

query I rowsort
SELECT v FROM uniontest WHERE k = 1 INTERSECT ALL SELECT v FROM uniontest WHERE k = 2
----
1
1

query I rowsort
SELECT v FROM uniontest WHERE k = 1 EXCEPT SELECT v FROM uniontest WHERE k = 2
----
2

query I rowsort
SELECT v FROM uniontest WHERE k = 1 EXCEPT ALL SELECT v FROM uniontest WHERE k = 2
----
1
2
2

query I
(SELECT v FROM uniontest WHERE k = 1 UNION ALL SELECT v FROM uniontest WHERE k = 2) ORDER BY 1 DESC LIMIT 2
----
3
2

# The ORDER BY and LIMIT apply to the UNION, not the last SELECT.
query I
SELECT v FROM uniontest WHERE k = 1 UNION ALL SELECT v FROM uniontest WHERE k = 2 ORDER BY 1 DESC LIMIT 2
----
3
2

query TTT rowsort
EXPLAIN SELECT v FROM uniontest UNION SELECT k FROM uniontest
----
union           ·      ·
 ├── render     ·      ·
 │    └── scan  ·      ·
 │              table  uniontest@primary
 │              spans  ALL
 └── render     ·      ·
      └── scan  ·      ·
·               table  uniontest@primary
·               spans  ALL

query TTT rowsort
EXPLAIN SELECT v FROM uniontest UNION ALL SELECT k FROM uniontest
----
append          ·      ·
 ├── render     ·      ·
 │    └── scan  ·      ·
 │              table  uniontest@primary
 │              spans  ALL
 └── render     ·      ·
      └── scan  ·      ·
·               table  uniontest@primary
·               spans  ALL

query II
SELECT * FROM (SELECT * FROM (VALUES (1)) a LEFT JOIN (VALUES (1) UNION VALUES (2)) b on a.column1 = b.column1);
----
1 1

query II
SELECT * FROM (VALUES (1)) a LEFT JOIN (VALUES (1) UNION VALUES (2)) b on a.column1 = b.column1;
----
1 1

query error each UNION query must have the same number of columns: 2 vs 1
SELECT 1, 2 UNION SELECT 3

query error each INTERSECT query must have the same number of columns: 2 vs 1
SELECT 1, 2 INTERSECT SELECT 3

query error each EXCEPT query must have the same number of columns: 2 vs 1
SELECT 1, 2 EXCEPT SELECT 3

query error UNION types int and string cannot be matched
SELECT 1 UNION SELECT '3'

query error INTERSECT types int and string cannot be matched
SELECT 1 INTERSECT SELECT '3'

query error EXCEPT types int and string cannot be matched
SELECT 1 EXCEPT SELECT '3'

query error pgcode 42703 column \"z\" does not exist
SELECT 1 UNION SELECT 3 ORDER BY z

query error UNION types int\[] and string\[] cannot be matched
SELECT ARRAY[1] UNION ALL SELECT ARRAY['foo']

# Check that EXPLAIN properly releases memory for virtual tables.
query TTT
EXPLAIN SELECT node_id FROM crdb_internal.node_build_info UNION VALUES(123)
----
union             ·     ·
 ├── values       ·     ·
 │                size  1 column, 1 row
 └── render       ·     ·
      └── values  ·     ·
·                 size  3 columns, 6 rows
