# LogicTest: local-vec fakedist-vec fakedist-vec-disk

statement ok
CREATE TABLE tab4(pk INTEGER PRIMARY KEY, col0 INTEGER, col1 FLOAT, col2 TEXT, col3 INTEGER, col4 FLOAT, col5 TEXT);
CREATE UNIQUE INDEX idx_tab4_0 ON tab4 (col1,col3);
CREATE INDEX idx_tab4_3 ON tab4 (col4,col0);
CREATE UNIQUE INDEX idx_tab4_4 ON tab4 (col3 DESC)

statement ok
INSERT INTO tab4 VALUES
(0,293,7467.55,'jkwhh',6395,8729.72,'xmeiz'),
(1,5525,8713.7,'fnfcd',3378,4275.34,'odjrd'),
(2,8173,5958.81,'trjpb',6780,9594.81,'sggbf'),
(3,2106,4158.33,'jhbbu',1728,5864.82,'inypn'),
(4,7774,8523.9,'mddlq',8059,140.29,'nthlv'),
(5,8461,5768.10,'yyqjl',6564,6607.98,'wlups'),
(6,6531,5360.56,'dzwiy',5244,7829.16,'noujl'),
(7,9681,772.45,'zsopq',5555,5999.20,'fasei'),
(8,7190,729.20,'clawc',8660,4188.22,'ojbzs'),
(9,6169,462.25,'cwgrz',1681,7597.69,'ajocf'),
(10,7810,2954.76,'jvaeh',3945,4805.5,'esksq'),
(11,3639,192.14,'ptbsi',3237,9020.38,'sqcnh'),
(12,1763,4418.77,'plemx',2048,9331.99,'pkyie'),
(13,3120,9378.55,'nphcp',3828,1952.5,'fcxuu'),
(14,7732,1570.56,'bpsjn',9232,1478.19,'pdvwo'),
(15,952,1499.68,'mwdqx',2373,2135.20,'hyoox'),
(16,9715,4921.22,'tsurv',7070,9024.56,'sqaoe'),
(17,8788,4097.53,'swrfo',3102,9378.15,'fmkub'),
(18,7020,9042.63,'gdloq',2451,3807.81,'crjan'),
(19,3593,8776.85,'fawez',5559,7550.99,'yzxry'),
(20,4269,2570.44,'vjpkz',7574,1726.40,'odsdh'),
(21,7644,1202.20,'pvqbs',4601,4583.59,'eufrg'),
(22,1396,8202.10,'ludya',9951,2746.60,'pvszh'),
(23,8534,1105.91,'bttrp',395,2472.59,'fgnrw'),
(24,3648,2698.83,'rztcc',2407,893.45,'gqban'),
(25,9163,2275.9,'nhadl',8422,7273.44,'yuxqx'),
(26,1584,6881.63,'tlefs',3079,4255.78,'kmezc'),
(27,7748,2567.65,'pzyxj',9476,9108.34,'avizo'),
(28,1075,5636.29,'oszsl',5417,4982.20,'kgouj'),
(29,7817,3898.24,'mkcpn',9664,2157.30,'rvrgg'),
(30,3306,7912.37,'rkonc',8183,9289.8,'kamst'),
(31,8208,2245.33,'bfyej',402,4665.8,'wgsll'),
(32,4772,6717.22,'hdkrq',5452,7451.59,'csfiw'),
(33,3077,7651.16,'wzuyi',8423,8940.25,'drcrw'),
(34,7284,9126.96,'hosod',6610,3806.69,'yjwmm'),
(35,1887,4221.74,'ckvid',5769,1351.14,'spmki'),
(36,7962,6272.52,'djtwx',6359,6756.10,'zcngn'),
(37,9417,119.88,'pfhfq',9797,2330.88,'opilx'),
(38,9241,3355.57,'cgpni',4709,8763.33,'xzcac'),
(39,5757,7576.15,'xcfrv',3175,6372.37,'diaur'),
(40,8868,9634.59,'yzguz',6985,6354.68,'cemlj'),
(41,6310,2883.92,'dunav',3885,2034.29,'rkyua'),
(42,9901,8432.84,'fjpcp',3826,117.22,'qtknv'),
(43,1791,6394.34,'decyy',5219,1936.10,'anhyj'),
(44,711,7135.34,'adnhb',1180,4703.80,'dapmy'),
(45,8227,2525.32,'jasjr',5783,2759.5,'sjdfj'),
(46,4984,7189.91,'deslk',309,8825.7,'zcpul'),
(47,6961,9755.57,'zebnq',9497,5249.17,'xsotu'),
(48,1716,4105.16,'cjuxv',7789,5259.43,'eiwhe'),
(49,4643,626.59,'soswp',5590,4212.26,'linyo'),
(50,5215,7457.45,'zpigs',5507,843.8,'jywbf'),
(51,3240,1742.64,'cbeel',8607,8518.92,'uzunv'),
(52,5104,879.95,'nvtmn',662,6479.2,'vhvkr'),
(53,28,3769.76,'drvni',8403,1099.50,'bnenu'),
(54,6316,2069.60,'fzksy',5766,7130.98,'orzby'),
(55,7600,1437.80,'qizfl',147,8951.18,'cvifw'),
(56,9098,2787.12,'ccomv',8645,1821.53,'fnlvl'),
(57,3858,3536.36,'acwxg',4319,3129.87,'itucq'),
(58,9009,8857.1,'xeknc',2435,3641.98,'agfaw'),
(59,2015,2922.84,'iypmg',6714,8754.29,'whacv'),
(60,6921,162.56,'chyvy',5586,9742.44,'xgfby'),
(61,602,6510.41,'iaece',8437,5008.94,'milhh'),
(62,9017,652.83,'rnguq',1861,1335.79,'nbhss'),
(63,3458,5279.4,'ikogx',5907,5135.9,'pxhcc'),
(64,6795,8336.67,'iaczp',333,3698.70,'bdeag'),
(65,9735,4271.44,'lfoql',854,6442.81,'gbufj'),
(66,7064,5287.72,'mwjhl',5391,6168.62,'mamjv'),
(67,3900,2590.16,'iqxhz',322,300.93,'fuapn'),
(68,1944,7640.36,'cirwy',6734,2146.78,'hhuhw'),
(69,5729,3402.48,'hwhow',6668,2140.7,'weyna'),
(70,8870,5593.81,'xprdb',9374,9096.18,'tnnsy'),
(71,314,3937.48,'ldgzp',7559,1457.63,'hjnlo'),
(72,589,3407.3,'fxxwt',3636,8544.63,'rkcvv'),
(73,8057,5485.4,'itgmv',5976,1808.79,'cnogx'),
(74,5160,9404.77,'zosbj',5157,6078.70,'rosbi'),
(75,4674,3403.79,'jyqci',213,813.53,'sutab'),
(76,5954,5969.57,'yvkzf',4886,1349.73,'wrodp'),
(77,1191,7102.15,'mbrjc',3876,153.58,'djscd'),
(78,1656,9551.74,'hbhew',9087,8070.87,'clsbt'),
(79,3951,67.34,'hlpzg',5883,5574.48,'anael'),
(80,6261,658.39,'crloz',9334,4017.3,'xsfef'),
(81,4604,9836.35,'dnlwa',466,6882.52,'smcek'),
(82,9079,3865.38,'xaygm',2513,1029.92,'lewbm'),
(83,118,8014.93,'xsgjx',7167,7948.80,'fqghp'),
(84,4733,7806.38,'zosqi',825,5007.0,'msnmg'),
(85,2769,267.65,'fkwzl',842,6703.20,'dftbu'),
(86,3154,5179.83,'hsoks',1781,5913.55,'newrh'),
(87,148,6325.82,'jdcpk',1661,5142.35,'tqufw'),
(88,9592,2744.95,'kbioy',8208,7774.60,'rjnbq'),
(89,5158,9979.58,'fkshs',5104,9321.69,'bhjwy'),
(90,4603,1325.74,'ocpim',8241,8677.99,'shzhl'),
(91,6014,9082.80,'ithmj',1965,9362.45,'qqnjf'),
(92,4061,5806.0,'qiahz',5330,775.30,'bvsjy'),
(93,6244,5553.16,'ytivp',8349,9445.61,'tbchb'),
(94,9148,5135.27,'flagg',8238,280.93,'wyznr'),
(95,4689,5368.12,'zahiu',5675,7816.94,'icvoz'),
(96,6363,2322.92,'nzzhf',1040,7468.5,'vscjf'),
(97,5500,8571.93,'yenem',674,6781.2,'yhmjs'),
(98,7513,4441.7,'jpfuy',3122,6678.60,'jddsh'),
(99,8144,9264.58,'zxgyi',5389,2711.17,'vdpec'),
(100,9720,2626.62,'hbxku',9184,6311.32,'ngdqw'),
(101,7398,5615.90,'bxqke',7176,6037.52,'xgstc'),
(102,5419,2075.28,'nzedc',9239,8829.71,'aedob'),
(103,3353,9852.45,'oxsqa',8705,1254.97,'rffcy'),
(104,2355,2048.51,'vezel',8611,759.7,'hcxda'),
(105,1411,8268.60,'srlaz',7955,6919.20,'itkow'),
(106,3589,5869.56,'skhao',7938,2689.48,'hbghf'),
(107,2288,1215.50,'iarfl',8220,5652.67,'tlmsj'),
(108,7491,922.47,'jmwlj',3168,9270.77,'sjvie'),
(109,2012,3111.6,'wsgcu',8106,4134.64,'mbqkc'),
(110,7746,8655.5,'ngnow',5565,9215.60,'yegso'),
(111,1922,2434.0,'mruys',1532,3111.12,'qiwwv'),
(112,3350,4579.90,'soush',1703,5301.38,'yuygh'),
(113,8672,1726.80,'ytxgx',7729,7390.93,'badln'),
(114,8613,8265.41,'zihnz',3469,4365.30,'jljzj'),
(115,4228,7591.74,'sxcsj',1239,5840.65,'gxfxf'),
(116,3155,3351.72,'emlwk',8063,7308.36,'nmujy'),
(117,5866,696.85,'wasld',1920,1393.66,'jwyge'),
(118,1912,7532.79,'rapzh',7997,9095.30,'lgkyj'),
(119,6177,5769.98,'eddtm',4939,1044.11,'dtxtw'),
(120,5129,2571.32,'oxzik',1096,8750.67,'qdird'),
(121,3065,1602.74,'agnhv',777,5851.92,'blsyu'),
(122,8366,4287.83,'pevru',497,9363.79,'mootw'),
(123,9744,1049.51,'njzxs',5228,932.82,'gwuss'),
(124,2494,2568.60,'ewdcn',4650,8083.78,'wyarj'),
(125,4743,1026.48,'jqovv',9398,5470.30,'lzoem'),
(126,3698,1361.69,'jdxvy',7316,6125.50,'ktpfp'),
(127,1901,2513.60,'zcfmb',9705,2709.63,'bvhsd'),
(128,3474,8677.96,'vabnl',7572,8764.64,'inyjr'),
(129,371,551.60,'ixspl',7881,9958.88,'fidbw'),
(130,8630,6588.2,'ytibr',9803,5339.64,'ottnv'),
(131,4619,4244.2,'ehwgd',968,8584.88,'pqgca'),
(132,1289,1230.30,'tmloj',3710,9250.73,'qaogo'),
(133,4423,6759.14,'vjhsm',1322,4021.25,'ptoed'),
(134,8885,2800.97,'ykzol',4305,7961.93,'uzvmj'),
(135,4873,5324.5,'hkooa',6613,5763.39,'hwatu'),
(136,4165,5558.2,'uvmrz',1912,2998.1,'xexia'),
(137,6371,1231.61,'gqcri',9821,7367.50,'jblrw'),
(138,5186,7827.19,'jyjzg',2169,9949.56,'mibgl'),
(139,4634,9834.46,'alhfh',9240,6452.52,'enoai'),
(140,5321,1993.3,'hdxuo',6025,8465.93,'sdlbq'),
(141,688,550.4,'obkpu',8474,4702.21,'tmyeg'),
(142,3255,4503.83,'vsipm',9743,2260.27,'lhdrv'),
(143,875,6857.54,'nwqma',6444,7861.10,'seeuz'),
(144,2983,5868.71,'ybvht',4897,9109.47,'fnelk'),
(145,6847,6297.95,'egcyf',7380,5734.49,'mwquy'),
(146,3815,660.54,'hokae',8375,850.25,'crkyv'),
(147,5569,474.5,'mrsfu',824,2194.46,'ywtks'),
(148,372,7514.98,'draet',2376,3385.8,'zoqzu'),
(149,9319,5055.38,'anlwj',1635,5170.90,'tnsdb'),
(150,2588,9128.47,'kvmlr',4413,6677.22,'hzoue'),
(151,5688,9768.27,'bibsr',9979,6659.45,'gdsuw'),
(152,5711,2263.23,'qopvh',7309,4751.73,'evusx'),
(153,7579,8406.84,'nohwq',1337,2717.55,'jetjf'),
(154,298,7741.27,'dkaob',9203,5697.41,'jbwld'),
(155,3206,8821.98,'yvsth',6504,3464.40,'sawgi'),
(156,2222,448.37,'txhep',3544,1665.87,'ipebe'),
(157,6098,2931.37,'pqxav',1585,3081.1,'odxap'),
(158,2667,9331.9,'bqyns',9095,8869.51,'ekbsm'),
(159,5094,6714.45,'hqgrr',7998,9815.15,'ubqrn'),
(160,8128,7400.79,'gfhsi',9929,7584.48,'qmtaq'),
(161,4349,213.48,'qkdxi',2475,5971.38,'zguhv'),
(162,417,1729.58,'firbo',5434,2148.74,'cwkvm'),
(163,3326,7530.46,'ustgl',7059,7919.4,'lhxli'),
(164,6653,3452.39,'mqhhs',311,963.2,'rqbew'),
(165,6805,6833.20,'qehnw',9106,6092.25,'ztnub'),
(166,9271,7767.90,'exfid',4570,6492.82,'awrmx'),
(167,4874,351.28,'qouuq',1285,4983.91,'egake'),
(168,6018,3935.58,'eulkl',3538,5261.44,'otckv'),
(169,2938,4375.6,'yqfmw',1575,3151.70,'fltpy'),
(170,9953,5280.68,'zdyzj',7850,7858.95,'gjcya'),
(171,1711,9259.69,'lekdw',3272,3215.9,'zzwzw'),
(172,9446,9182.25,'stmyt',3457,8935.21,'wyjha'),
(173,7221,9419.9,'ozeuc',4980,1857.32,'yqojp'),
(174,8183,7094.9,'emugr',1621,7203.86,'stlzp'),
(175,809,3335.96,'kzepe',619,9822.42,'ibwzx'),
(176,5161,4525.81,'vdoii',8917,5440.30,'tzvun'),
(177,9128,3549.80,'vazbx',9418,1916.19,'xcqfr'),
(178,4686,1047.77,'usgub',7232,484.75,'sxyvw'),
(179,4142,6663.87,'gadyf',5923,7009.24,'fmvuc'),
(180,6383,295.15,'wbjoj',3764,3236.17,'vxbkv'),
(181,3129,3345.23,'txzhd',9988,8034.92,'jccsi'),
(182,5184,9967.88,'kfgux',1028,8658.33,'cijfr'),
(183,8681,8323.70,'bswmz',6781,1986.38,'dudhw'),
(184,1336,1825.68,'pcdao',6848,5777.78,'emzdy'),
(185,8699,390.89,'rlzcc',6785,9920.57,'zmnbe'),
(186,399,1689.6,'bvfyh',4360,7682.83,'ivyjf'),
(187,6399,2398.21,'pcmac',5793,6958.20,'bbswc'),
(188,3244,9446.30,'hjnqe',2014,1522.59,'lvdlj'),
(189,309,1266.82,'puimr',4910,2280.75,'cncvk'),
(190,6054,9044.46,'ixbko',3573,8512.94,'dxkci'),
(191,4270,7971.69,'zpmxq',554,9132.51,'mvxie'),
(192,328,8491.40,'vmsvv',8111,3928.56,'sqnje'),
(193,7433,7555.55,'wrtac',4458,4820.54,'izkdp'),
(194,2872,9862.74,'eihwr',16,7107.89,'zmcoe'),
(195,4265,9122.91,'xfyxf',3664,716.67,'kcqda'),
(196,5811,9292.89,'lolpv',8987,1451.16,'paqjv'),
(197,4543,5838.8,'mkquh',528,2249.53,'afppy'),
(198,6576,6979.5,'gkune',36,4423.39,'sxrpq'),
(199,3357,4934.15,'olliw',2719,8916.51,'hleba'),
(200,7915,7181.17,'ydvhu',3489,7549.36,'fsnlj'),
(201,1111,7700.96,'vpujn',3217,4273.80,'wygib'),
(202,7888,8223.2,'nazax',4982,6417.65,'qdljx'),
(203,3520,9489.17,'ofbae',317,5940.36,'cwnnb'),
(204,9865,2490.14,'qjpxy',5465,679.61,'evpci'),
(205,1611,9720.21,'vpmsr',7624,5599.94,'bmoad'),
(206,2530,6429.83,'pnwol',1200,4046.38,'qodqu'),
(207,1725,1870.27,'dbiff',4056,8995.7,'kzzkn'),
(208,9881,552.19,'iwyva',3762,4297.88,'pcyir'),
(209,5515,3481.34,'xapma',3845,5934.5,'kqdrt'),
(210,1226,9427.11,'muwwq',38,3268.80,'ddzrn'),
(211,9946,6157.20,'zyiup',6533,287.97,'ctlbi'),
(212,1187,1694.24,'isoaf',2228,6861.63,'bpapz'),
(213,7295,5565.39,'zfjsl',6978,9986.70,'crcab'),
(214,9698,50.2,'ucxbz',7844,5039.62,'xhufx'),
(215,5154,1434.25,'eipaj',5347,7024.90,'tthiv'),
(216,2006,1255.67,'kmpxf',9711,1827.82,'sbwzg'),
(217,6425,7556.89,'murxg',7121,7460.0,'xkbcs'),
(218,8669,6130.20,'mkkvl',5966,5315.5,'jwtne'),
(219,9324,1782.20,'megsd',3094,1413.20,'gajpy'),
(220,5559,9563.39,'wjvkg',59,7654.92,'eqxwz'),
(221,7377,6031.85,'jbveg',9372,3065.51,'bcdox'),
(222,3861,499.81,'dzikl',751,5055.80,'iirhd'),
(223,9426,6283.31,'aavez',7373,661.71,'eccub'),
(224,70,1951.81,'nwiya',2119,7797.88,'nygif'),
(225,9624,2577.81,'aspav',3829,6507.34,'gpznf'),
(226,5997,989.50,'wsdkz',3548,216.10,'fptua'),
(227,7434,9019.37,'nujgm',781,6974.76,'mbjec'),
(228,8762,8751.81,'rewmr',9738,714.18,'kghvl'),
(229,7637,3775.79,'jzipt',5587,2494.8,'tdtpu'),
(230,800,433.42,'dysbn',703,1754.64,'vbuup'),
(231,322,9072.64,'czmer',916,7561.19,'qknsk'),
(232,9857,5295.81,'cvqka',1765,9861.77,'xdcjs'),
(233,891,1205.31,'vpvjk',4747,732.80,'hnaxh'),
(234,8992,6661.22,'aooby',3564,5626.65,'pqame'),
(235,60,525.91,'lpfuf',375,4627.35,'qelsw'),
(236,6577,1915.69,'czhse',2047,3697.13,'puekn'),
(237,3857,1451.40,'jvkko',6405,5928.9,'dbxbv'),
(238,6296,2506.4,'cwont',8479,2789.84,'iueql'),
(239,3623,2460.45,'tcdkc',6756,5380.6,'zxmcy'),
(240,7146,3944.87,'meaux',9432,5678.20,'rxnzw'),
(241,6009,6094.58,'jixhp',659,7789.5,'zncfc'),
(242,3435,5800.55,'jtfex',6795,9201.41,'jjont'),
(243,2981,8957.4,'rlgvz',2657,2027.67,'qroel'),
(244,4786,1712.24,'oonoj',7767,4260.45,'spppi'),
(245,1818,1716.88,'tjpci',2606,1024.27,'beryf'),
(246,6131,9376.88,'lokew',4861,5818.9,'qwvww'),
(247,5109,9100.94,'kcfjw',5676,1775.1,'czbwv'),
(248,7719,553.20,'ctamh',5900,2902.85,'uolfw'),
(249,758,9900.83,'zriib',2344,5337.82,'dxhkv'),
(250,5108,1065.70,'idpgo',4023,8598.8,'mdiwz'),
(251,1979,6971.95,'pcbvl',8408,6831.42,'ixvmy'),
(252,9169,797.66,'lvdmw',7679,59.86,'oznia'),
(253,7301,7228.45,'ymkcr',4972,5437.30,'lxafb'),
(254,6086,3699.14,'owsnl',630,8498.10,'spuix'),
(255,564,1651.32,'kxinr',8454,4402.74,'wyfzf'),
(256,7357,7778.0,'jjdzu',1951,9190.45,'dmxyu'),
(257,921,5281.27,'bmqxm',586,1031.80,'saolp'),
(258,9790,5110.87,'fnftn',6030,1474.36,'telmx'),
(259,2836,7222.84,'olcgf',8411,6695.31,'reeqn'),
(260,5508,1828.14,'dnqyi',2565,8751.7,'cgaos'),
(261,6088,641.31,'hzjvg',4284,6825.90,'enatn'),
(262,1943,8130.2,'voaae',6569,8483.58,'libbu'),
(263,5768,2767.78,'fgyhd',5875,917.97,'fdajg'),
(264,1842,8277.48,'pwwtd',8367,2198.68,'pzxev'),
(265,2277,4891.10,'aqilk',6164,2527.69,'oezgn'),
(266,3265,592.26,'mtpck',3595,5484.96,'dxwit'),
(267,1332,2367.92,'aixmz',3445,9275.4,'nvqoh'),
(268,9584,7459.91,'bnnjk',3205,7990.76,'fubgp'),
(269,3960,4612.66,'fryvt',1324,2843.77,'ciqos'),
(270,9481,5327.73,'rnwcr',3458,3431.22,'rjqzp'),
(271,6501,5105.53,'ebodv',8718,8977.38,'awlab'),
(272,6955,4705.83,'gcuex',5927,9583.26,'bjnvc'),
(273,609,1387.51,'gwylo',9860,7482.21,'osovu'),
(274,1313,167.9,'mrhtx',7502,8283.57,'mppip'),
(275,3248,5063.39,'imabi',4293,2228.32,'tfgel'),
(276,7178,348.15,'oriet',381,5434.65,'txsju'),
(277,6697,1798.69,'bkrls',6872,1148.60,'erwpv'),
(278,4483,7945.47,'lotfo',2077,998.73,'ibobn'),
(279,8546,1322.77,'sctnn',7766,6237.70,'emnwv'),
(280,8476,9719.27,'swjus',5414,9001.88,'kaswt'),
(281,1697,7427.72,'dbyjo',2456,3551.4,'rzgbm'),
(282,9716,6492.54,'pbteq',8530,7531.91,'rqslp'),
(283,4367,7965.45,'xwxjy',1735,3210.85,'hqbmb'),
(284,4072,3150.8,'atoxz',4874,8739.43,'qwyvl'),
(285,82,4855.63,'hacfw',1710,9396.11,'gxuuy'),
(286,2731,8641.45,'nnfvn',3209,8840.82,'isvgr'),
(287,7684,4074.71,'efzxs',3798,355.61,'ohgxp'),
(288,2188,5974.99,'izczg',7609,8107.25,'nemgx'),
(289,1324,5664.93,'abxqa',4732,8392.90,'shdyu'),
(290,4253,2223.83,'guovf',7462,881.68,'qhdqx'),
(291,469,3730.31,'cecxl',6553,9877.32,'zlali'),
(292,6047,8522.89,'wpszt',7466,5562.82,'scvpq'),
(293,9895,6438.66,'gispv',6619,5244.0,'gjkdf'),
(294,4,70.86,'jfsje',7635,4612.19,'mslle'),
(295,9695,6017.54,'yguse',7597,8985.82,'bqraq'),
(296,3871,6127.19,'nhogd',3293,4559.8,'igxxs'),
(297,5270,8757.33,'jqirp',7469,9660.49,'pyflv'),
(298,708,16.16,'wqedi',5078,5990.57,'gxzxr'),
(299,7335,5014.17,'iidcm',9528,9886.45,'tydzj'),
(300,8884,9121.79,'ncivr',8938,3557.51,'ywhqp'),
(301,1919,9205.99,'ieayf',2380,6346.96,'airnv'),
(302,2085,4892.90,'hlvie',6136,5973.53,'tilrf'),
(303,361,9806.48,'mzrkl',9944,9786.5,'owufz'),
(304,9307,2835.9,'rqfba',3248,6013.6,'royvi'),
(305,9316,9362.14,'orrzy',1450,5011.51,'ghlmt'),
(306,4860,2527.73,'tmcpp',2159,516.29,'kveca'),
(307,747,4474.24,'zdnlr',1442,892.94,'mlnbi'),
(308,8364,7601.98,'hzyxk',70,382.21,'emkxl'),
(309,1933,5811.82,'yjpvr',9775,361.71,'mdryw'),
(310,4755,5757.79,'tcadc',9494,577.56,'awwwx'),
(311,5464,8100.73,'chemf',1619,411.97,'zgqku'),
(312,4277,8753.88,'evqun',8254,124.90,'njrxx'),
(313,9243,133.56,'xznas',7455,2102.66,'mryas'),
(314,2492,2413.74,'idyqr',9487,2113.55,'zjugc'),
(315,6486,4765.71,'lktir',3074,552.49,'cibqi'),
(316,269,6621.67,'pearp',1645,3694.61,'hifig'),
(317,5719,8912.37,'lswqw',9585,4942.95,'ndkim'),
(318,3794,5326.73,'bzvgr',8489,6081.98,'dtszj'),
(319,784,3553.48,'gzuid',3405,8519.31,'fefpg'),
(320,4563,6538.76,'krgyi',9093,4549.30,'rbben'),
(321,834,3729.78,'xjjfm',6265,8589.65,'hkrav'),
(322,9384,2329.40,'aldrd',7845,8438.5,'wwwha'),
(323,333,8544.80,'dzjgd',5208,6522.80,'kwwqn'),
(324,380,8835.5,'wlcpx',4443,1147.44,'fsrxg'),
(325,9059,1166.82,'gckul',2591,7749.37,'arwrv'),
(326,4985,6254.91,'sxtdn',3902,141.48,'afzyu'),
(327,2104,8822.94,'hxblv',6082,1766.77,'dynrm'),
(328,5945,8846.95,'ubrza',6545,6945.97,'bzcnk'),
(329,9869,2805.2,'xrtzz',8662,2129.18,'muqlf'),
(330,1318,4933.91,'eeffs',8010,7147.49,'yriey'),
(331,8069,8468.69,'jswrs',8624,6458.57,'jkybb'),
(332,4478,6901.34,'mqrcy',9246,399.38,'vzvon'),
(333,7734,5227.39,'tisvz',9575,6436.68,'wacxb'),
(334,4108,1197.55,'zrjff',6516,413.78,'oqrsh'),
(335,5203,6563.32,'pwlgx',432,7806.4,'qwoqp'),
(336,4204,8333.63,'stjjh',1393,4967.61,'pkwyp'),
(337,2129,17.47,'gtdwu',5427,377.96,'yewfb'),
(338,4076,2880.47,'fgrsz',766,5897.57,'dbgva'),
(339,5477,7191.60,'qjuzz',4103,8017.52,'wihvb'),
(340,8345,3474.73,'uoiri',6835,9105.13,'aksgf'),
(341,7525,3754.28,'ieiee',1317,8659.60,'zoczi'),
(342,6945,2812.84,'jedym',7110,4555.57,'qiwhz'),
(343,5863,9433.82,'prnfb',7236,4298.84,'ohklu'),
(344,5122,7655.3,'nqvmt',4418,6271.92,'driji'),
(345,3395,8021.34,'kjbgn',7341,990.68,'qyjhm'),
(346,3437,8826.29,'nkcpq',6895,2344.0,'ijrgk'),
(347,8336,7371.73,'gvqsr',2427,8855.34,'twxwr'),
(348,7761,1210.42,'fbntt',7991,4923.42,'qjhxm'),
(349,4213,9400.68,'josgr',8598,2076.80,'fpwvs'),
(350,9277,3755.99,'efovx',6468,221.56,'dqmob'),
(351,9867,88.63,'rftux',7274,8896.86,'wobad'),
(352,4481,9470.33,'qmpwb',6401,8515.60,'pdous'),
(353,9450,9474.83,'slbqx',5186,1624.5,'kierq'),
(354,5185,5429.57,'lnyhg',7177,4144.48,'kzokf'),
(355,2428,1664.29,'pwxhi',4376,6628.73,'ylufb'),
(356,8507,2768.63,'dzuuv',3495,5507.92,'qepnm'),
(357,3580,4824.81,'hglnb',2201,4341.1,'llllk'),
(358,6884,6681.20,'wqege',5369,5069.45,'zwqnq'),
(359,2994,1183.97,'fhslb',1330,9258.80,'lzniv'),
(360,8062,6432.74,'mefyv',8122,9355.36,'wdmcw'),
(361,6074,7033.14,'osqln',9742,9935.78,'dshgr'),
(362,5099,5343.51,'lktio',2392,8953.71,'geyeo'),
(363,3535,2727.47,'djedr',733,8992.41,'jiati'),
(364,6366,799.55,'ydpff',4129,8516.36,'wesai'),
(365,1406,2681.86,'lczlb',2907,3112.93,'qlwsn'),
(366,5550,4248.67,'tfnsw',4595,6754.95,'bihcv'),
(367,1026,5376.4,'prwqf',183,3039.38,'dxuiz'),
(368,1645,1199.47,'jmeds',364,6445.90,'uyfgx'),
(369,9048,3352.49,'jbida',1792,3580.56,'sltzr'),
(370,8961,1226.32,'wxacc',3324,4428.40,'thwoq'),
(371,7438,3214.47,'fewsi',2277,3604.6,'vvplr'),
(372,7119,7964.39,'ajonn',675,1603.43,'fqoie'),
(373,3473,5628.5,'gxxmf',1495,6045.25,'qycrf'),
(374,1054,9111.61,'hvcqr',4927,2933.76,'fklhu'),
(375,9745,5322.4,'fhttz',4614,7896.29,'wqwzt'),
(376,1012,6426.71,'thyxj',3908,7444.92,'hysgb'),
(377,4154,1089.6,'nipda',2115,214.10,'bunwv'),
(378,2552,5733.20,'dvgbo',753,8225.25,'uqhmo'),
(379,9918,5783.51,'gaonw',9792,8120.40,'himge'),
(380,6546,6917.34,'ulcek',3912,2426.84,'qyemd'),
(381,5563,6319.56,'cnrcg',8749,795.69,'hgegq'),
(382,9178,3926.22,'wgknf',7147,1261.58,'jjezs'),
(383,4931,3678.17,'mxwia',5407,1485.23,'nnvfh'),
(384,1945,4770.68,'akdtk',9534,6.13,'hkzak'),
(385,7173,2900.7,'kgzyf',1496,7495.10,'bdrwh'),
(386,1654,1521.34,'paarp',5459,7999.96,'hohym'),
(387,6755,3090.79,'pvtza',4057,196.13,'petdz'),
(388,429,316.62,'qgton',4623,8641.28,'ylqjj'),
(389,3456,7413.62,'juvst',5449,5020.93,'psdjx'),
(390,5703,1351.71,'vkzud',2036,9397.11,'kpler'),
(391,2366,3100.64,'titty',3340,1462.92,'avrzr'),
(392,223,8887.57,'nqebm',8024,1789.23,'qscnc'),
(393,3886,1441.72,'kuazf',710,3078.27,'ptewe'),
(394,2048,1247.97,'rhulv',8225,1408.24,'dkvxn'),
(395,3733,7791.50,'qkynj',5854,7489.95,'spkbh'),
(396,4549,815.43,'xqcen',3588,7905.46,'bkwzb'),
(397,2934,1565.41,'lmwuk',2377,6376.70,'ipzze'),
(398,6410,4041.27,'paiwc',376,4993.6,'gkhvv'),
(399,7830,6244.65,'llxnk',9196,5485.5,'ezjgd'),
(400,1629,1433.59,'rvqig',160,448.93,'geasg'),
(401,74,9368.21,'xrfsr',544,4620.31,'oacwp'),
(402,9514,7565.27,'smbtx',9832,6108.78,'emzgv')

query I
SELECT pk FROM tab4 WHERE col0 > 234 AND (((col0 = 3987 OR (col3 < 5405 AND col1 > 9351.41)))) AND (col4 BETWEEN 1444.94 AND 6239.10) ORDER BY 1 DESC
----
353
305
249
246
210
203
188
173
74
13

subtest regression_47203
statement ok
CREATE TABLE t1(
  a1 INTEGER,
  b1 INTEGER,
  c1 INTEGER,
  d1 INTEGER,
  e1 INTEGER,
  x1 VARCHAR(30)
);
CREATE TABLE t2(
  a2 INTEGER,
  b2 INTEGER,
  c2 INTEGER,
  d2 INTEGER,
  e2 INTEGER,
  x2 VARCHAR(30)
);
CREATE TABLE t3(
  a3 INTEGER,
  b3 INTEGER,
  c3 INTEGER,
  d3 INTEGER,
  e3 INTEGER,
  x3 VARCHAR(30)
);
CREATE TABLE t4(
  a4 INTEGER,
  b4 INTEGER,
  c4 INTEGER,
  d4 INTEGER,
  e4 INTEGER,
  x4 VARCHAR(30)
);
CREATE TABLE t5(
  a5 INTEGER,
  b5 INTEGER,
  c5 INTEGER,
  d5 INTEGER,
  e5 INTEGER,
  x5 VARCHAR(30)
);
CREATE TABLE t6(
  a6 INTEGER,
  b6 INTEGER,
  c6 INTEGER,
  d6 INTEGER,
  e6 INTEGER,
  x6 VARCHAR(30)
);
CREATE TABLE t7(
  a7 INTEGER,
  b7 INTEGER,
  c7 INTEGER,
  d7 INTEGER,
  e7 INTEGER,
  x7 VARCHAR(30)
);
CREATE TABLE t8(
  a8 INTEGER,
  b8 INTEGER,
  c8 INTEGER,
  d8 INTEGER,
  e8 INTEGER,
  x8 VARCHAR(30)
);
INSERT INTO t1 VALUES(382,414,67,992,483,'table tn1 row 1');
INSERT INTO t7 VALUES(31,30,931,886,590,'table tn7 row 1');
INSERT INTO t5 VALUES(832,186,734,114,697,'table tn5 row 1');
INSERT INTO t4 VALUES(637,907,293,264,377,'table tn4 row 1');
INSERT INTO t5 VALUES(9,998,12,841,851,'table tn5 row 2');
INSERT INTO t5 VALUES(53,975,196,856,144,'table tn5 row 3');
INSERT INTO t8 VALUES(728,984,183,499,469,'table tn8 row 1');
INSERT INTO t1 VALUES(231,468,97,414,795,'table tn1 row 2');
INSERT INTO t3 VALUES(777,827,486,368,602,'table tn3 row 1');
INSERT INTO t1 VALUES(810,355,805,274,858,'table tn1 row 3');
INSERT INTO t1 VALUES(536,956,417,418,381,'table tn1 row 4');
INSERT INTO t8 VALUES(239,725,431,116,223,'table tn8 row 2');
INSERT INTO t3 VALUES(244,376,806,314,774,'table tn3 row 2');
INSERT INTO t3 VALUES(995,632,600,508,833,'table tn3 row 3');
INSERT INTO t2 VALUES(35,729,197,292,769,'table tn2 row 1');
INSERT INTO t2 VALUES(308,60,557,416,115,'table tn2 row 2');
INSERT INTO t7 VALUES(958,892,135,996,27,'table tn7 row 2');
INSERT INTO t2 VALUES(522,640,988,577,679,'table tn2 row 3');
INSERT INTO t7 VALUES(361,913,529,916,282,'table tn7 row 3');
INSERT INTO t2 VALUES(471,805,161,513,812,'table tn2 row 4');
INSERT INTO t1 VALUES(479,43,902,294,685,'table tn1 row 5');
INSERT INTO t1 VALUES(820,242,309,492,355,'table tn1 row 6');
INSERT INTO t3 VALUES(396,70,885,683,527,'table tn3 row 4');
INSERT INTO t2 VALUES(751,489,746,328,117,'table tn2 row 5');
INSERT INTO t2 VALUES(374,376,728,14,381,'table tn2 row 6');
INSERT INTO t5 VALUES(826,79,923,117,937,'table tn5 row 4');
INSERT INTO t2 VALUES(725,857,103,838,564,'table tn2 row 7');
INSERT INTO t8 VALUES(406,934,160,815,431,'table tn8 row 3');
INSERT INTO t3 VALUES(829,595,645,607,494,'table tn3 row 5');
INSERT INTO t3 VALUES(754,827,455,437,896,'table tn3 row 6');
INSERT INTO t2 VALUES(98,779,996,539,698,'table tn2 row 8');
INSERT INTO t6 VALUES(384,92,928,192,840,'table tn6 row 1');
INSERT INTO t1 VALUES(754,808,865,972,313,'table tn1 row 7');
INSERT INTO t5 VALUES(242,822,599,742,327,'table tn5 row 5');
INSERT INTO t1 VALUES(950,822,526,310,646,'table tn1 row 8');
INSERT INTO t5 VALUES(785,951,514,818,206,'table tn5 row 6');
INSERT INTO t4 VALUES(756,749,840,249,217,'table tn4 row 2');
INSERT INTO t1 VALUES(607,711,870,223,14,'table tn1 row 9');
INSERT INTO t7 VALUES(452,175,288,131,272,'table tn7 row 4');
INSERT INTO t6 VALUES(718,989,534,147,469,'table tn6 row 2');
INSERT INTO t8 VALUES(312,397,5,738,579,'table tn8 row 4');
INSERT INTO t8 VALUES(347,665,354,439,14,'table tn8 row 5');
INSERT INTO t7 VALUES(706,634,146,956,183,'table tn7 row 5');
INSERT INTO t7 VALUES(48,867,729,687,372,'table tn7 row 6');
INSERT INTO t4 VALUES(662,884,586,364,405,'table tn4 row 3');
INSERT INTO t1 VALUES(75,387,530,529,228,'table tn1 row 10');
INSERT INTO t1 VALUES(438,726,208,748,166,'table tn1 row 11');
INSERT INTO t6 VALUES(211,463,768,500,67,'table tn6 row 3');
INSERT INTO t3 VALUES(429,617,83,503,993,'table tn3 row 7');
INSERT INTO t7 VALUES(62,660,709,781,561,'table tn7 row 7');
INSERT INTO t6 VALUES(851,875,416,993,750,'table tn6 row 4');
INSERT INTO t1 VALUES(622,853,762,172,113,'table tn1 row 12');
INSERT INTO t3 VALUES(696,386,247,231,848,'table tn3 row 8');
INSERT INTO t4 VALUES(606,532,998,574,554,'table tn4 row 4');
INSERT INTO t5 VALUES(540,380,723,729,104,'table tn5 row 7');
INSERT INTO t8 VALUES(638,287,332,833,859,'table tn8 row 6');
INSERT INTO t8 VALUES(256,870,117,192,305,'table tn8 row 7');
INSERT INTO t8 VALUES(795,673,899,112,221,'table tn8 row 8');
INSERT INTO t6 VALUES(683,882,369,66,417,'table tn6 row 5');
INSERT INTO t3 VALUES(979,701,7,782,702,'table tn3 row 9');
INSERT INTO t7 VALUES(869,868,523,177,979,'table tn7 row 8');
INSERT INTO t6 VALUES(392,217,446,867,31,'table tn6 row 6');
INSERT INTO t7 VALUES(9,42,744,278,522,'table tn7 row 9');
INSERT INTO t4 VALUES(933,387,631,905,147,'table tn4 row 5');
INSERT INTO t5 VALUES(342,858,37,811,271,'table tn5 row 8');
INSERT INTO t8 VALUES(869,540,534,523,422,'table tn8 row 9');
INSERT INTO t1 VALUES(553,762,498,467,616,'table tn1 row 13');
INSERT INTO t1 VALUES(32,486,570,394,522,'table tn1 row 14');
INSERT INTO t7 VALUES(452,808,94,52,826,'table tn7 row 10');
INSERT INTO t3 VALUES(42,505,285,109,981,'table tn3 row 10');
INSERT INTO t1 VALUES(173,523,675,86,872,'table tn1 row 15');
INSERT INTO t5 VALUES(478,506,299,412,343,'table tn5 row 9');
INSERT INTO t8 VALUES(838,102,196,554,423,'table tn8 row 10');
INSERT INTO t7 VALUES(233,726,302,507,92,'table tn7 row 11');
INSERT INTO t3 VALUES(997,998,711,399,914,'table tn3 row 11');
INSERT INTO t1 VALUES(702,645,966,820,497,'table tn1 row 16');
INSERT INTO t7 VALUES(952,362,467,199,319,'table tn7 row 12');
INSERT INTO t6 VALUES(293,876,522,367,237,'table tn6 row 7');
INSERT INTO t7 VALUES(998,202,441,722,79,'table tn7 row 13');
INSERT INTO t2 VALUES(538,714,251,749,673,'table tn2 row 9');
INSERT INTO t6 VALUES(116,230,506,355,731,'table tn6 row 8');
INSERT INTO t1 VALUES(967,128,585,581,921,'table tn1 row 17');
INSERT INTO t2 VALUES(863,311,810,743,428,'table tn2 row 10');
INSERT INTO t2 VALUES(916,585,274,86,521,'table tn2 row 11');
INSERT INTO t4 VALUES(825,921,660,777,376,'table tn4 row 6');
INSERT INTO t2 VALUES(993,903,625,198,812,'table tn2 row 12');
INSERT INTO t4 VALUES(327,323,366,511,619,'table tn4 row 7');
INSERT INTO t8 VALUES(341,878,250,715,533,'table tn8 row 11');
INSERT INTO t7 VALUES(386,820,853,795,844,'table tn7 row 14');
INSERT INTO t1 VALUES(382,270,882,619,963,'table tn1 row 18');
INSERT INTO t4 VALUES(901,389,74,429,223,'table tn4 row 8');
INSERT INTO t3 VALUES(551,813,516,641,821,'table tn3 row 12');
INSERT INTO t4 VALUES(708,167,806,277,358,'table tn4 row 9');
INSERT INTO t5 VALUES(988,554,733,649,661,'table tn5 row 10');
INSERT INTO t8 VALUES(72,359,668,805,106,'table tn8 row 12');
INSERT INTO t3 VALUES(513,914,801,495,724,'table tn3 row 13');
INSERT INTO t6 VALUES(238,923,4,807,353,'table tn6 row 9');
INSERT INTO t8 VALUES(838,454,374,108,592,'table tn8 row 13');
INSERT INTO t3 VALUES(879,355,326,184,854,'table tn3 row 14');
INSERT INTO t5 VALUES(153,306,672,858,25,'table tn5 row 11');
INSERT INTO t4 VALUES(997,286,403,223,575,'table tn4 row 10');
INSERT INTO t8 VALUES(127,975,225,737,646,'table tn8 row 14');
INSERT INTO t8 VALUES(561,1,111,2,893,'table tn8 row 15');
INSERT INTO t3 VALUES(349,542,542,658,304,'table tn3 row 15');
INSERT INTO t7 VALUES(433,323,589,134,462,'table tn7 row 15');
INSERT INTO t1 VALUES(629,584,253,504,695,'table tn1 row 19');
INSERT INTO t1 VALUES(52,132,315,25,210,'table tn1 row 20');
INSERT INTO t7 VALUES(574,670,607,212,31,'table tn7 row 16');
INSERT INTO t8 VALUES(578,891,521,711,41,'table tn8 row 16');
INSERT INTO t6 VALUES(751,549,35,446,958,'table tn6 row 10');
INSERT INTO t5 VALUES(357,548,922,470,730,'table tn5 row 12');
INSERT INTO t4 VALUES(16,721,674,628,237,'table tn4 row 11');
INSERT INTO t6 VALUES(829,606,620,974,972,'table tn6 row 11');
INSERT INTO t6 VALUES(132,905,615,467,14,'table tn6 row 12');
INSERT INTO t3 VALUES(245,816,607,538,424,'table tn3 row 16');
INSERT INTO t7 VALUES(430,627,344,892,456,'table tn7 row 17');
INSERT INTO t2 VALUES(809,811,333,833,548,'table tn2 row 13');
INSERT INTO t1 VALUES(352,523,458,87,816,'table tn1 row 21');
INSERT INTO t5 VALUES(519,703,443,69,587,'table tn5 row 13');
INSERT INTO t1 VALUES(936,857,379,942,52,'table tn1 row 22');
INSERT INTO t5 VALUES(536,26,579,570,104,'table tn5 row 14');
INSERT INTO t1 VALUES(779,446,814,323,732,'table tn1 row 23');
INSERT INTO t4 VALUES(234,68,47,877,858,'table tn4 row 12');
INSERT INTO t3 VALUES(186,927,688,599,266,'table tn3 row 17');
INSERT INTO t4 VALUES(841,76,732,917,184,'table tn4 row 13');
INSERT INTO t2 VALUES(455,681,107,225,556,'table tn2 row 14');
INSERT INTO t4 VALUES(952,966,214,728,531,'table tn4 row 14');
INSERT INTO t7 VALUES(97,579,262,527,31,'table tn7 row 18');
INSERT INTO t4 VALUES(596,175,82,85,252,'table tn4 row 15');
INSERT INTO t8 VALUES(957,459,965,608,678,'table tn8 row 17');
INSERT INTO t7 VALUES(466,750,22,787,624,'table tn7 row 19');
INSERT INTO t6 VALUES(128,461,480,186,588,'table tn6 row 13');
INSERT INTO t1 VALUES(330,556,623,828,904,'table tn1 row 24');
INSERT INTO t7 VALUES(89,422,243,805,816,'table tn7 row 20');
INSERT INTO t3 VALUES(347,17,127,307,959,'table tn3 row 18');
INSERT INTO t6 VALUES(531,290,25,729,503,'table tn6 row 14');
INSERT INTO t6 VALUES(537,984,729,489,283,'table tn6 row 15');
INSERT INTO t5 VALUES(196,91,697,401,807,'table tn5 row 15');
INSERT INTO t7 VALUES(982,510,432,828,48,'table tn7 row 21');
INSERT INTO t2 VALUES(80,820,756,8,706,'table tn2 row 15');
INSERT INTO t2 VALUES(680,674,127,914,463,'table tn2 row 16');
INSERT INTO t5 VALUES(320,759,293,738,311,'table tn5 row 16');
INSERT INTO t7 VALUES(165,426,397,91,290,'table tn7 row 22');
INSERT INTO t4 VALUES(81,924,720,212,185,'table tn4 row 16');
INSERT INTO t8 VALUES(504,205,979,124,776,'table tn8 row 18');
INSERT INTO t4 VALUES(778,587,393,317,290,'table tn4 row 17');
INSERT INTO t5 VALUES(362,193,44,805,812,'table tn5 row 17');
INSERT INTO t8 VALUES(563,259,762,761,44,'table tn8 row 19');
INSERT INTO t3 VALUES(70,685,963,1,145,'table tn3 row 19');
INSERT INTO t1 VALUES(147,253,523,432,161,'table tn1 row 25');
INSERT INTO t8 VALUES(913,182,908,474,46,'table tn8 row 20');
INSERT INTO t3 VALUES(822,665,77,483,526,'table tn3 row 20');
INSERT INTO t5 VALUES(413,499,18,24,287,'table tn5 row 18');
INSERT INTO t3 VALUES(30,382,750,737,951,'table tn3 row 21');
INSERT INTO t8 VALUES(200,640,541,682,942,'table tn8 row 21');
INSERT INTO t1 VALUES(283,981,172,899,299,'table tn1 row 26');
INSERT INTO t3 VALUES(697,835,338,647,193,'table tn3 row 22');
INSERT INTO t8 VALUES(637,228,149,269,947,'table tn8 row 22');
INSERT INTO t6 VALUES(40,63,769,790,808,'table tn6 row 16');
INSERT INTO t5 VALUES(445,934,809,752,386,'table tn5 row 19');
INSERT INTO t3 VALUES(892,616,601,554,552,'table tn3 row 23');
INSERT INTO t2 VALUES(785,90,141,886,788,'table tn2 row 17');
INSERT INTO t1 VALUES(674,346,774,297,89,'table tn1 row 27');
INSERT INTO t1 VALUES(363,280,805,141,737,'table tn1 row 28');
INSERT INTO t6 VALUES(540,601,28,269,431,'table tn6 row 17');
INSERT INTO t2 VALUES(709,605,878,448,781,'table tn2 row 18');
INSERT INTO t8 VALUES(259,705,851,326,561,'table tn8 row 23');
INSERT INTO t7 VALUES(195,221,305,296,301,'table tn7 row 23');
INSERT INTO t1 VALUES(109,295,136,678,312,'table tn1 row 29');
INSERT INTO t7 VALUES(876,655,249,590,976,'table tn7 row 24');
INSERT INTO t5 VALUES(429,530,471,132,41,'table tn5 row 20');
INSERT INTO t2 VALUES(279,846,779,351,223,'table tn2 row 19');
INSERT INTO t3 VALUES(499,665,459,429,651,'table tn3 row 24');
INSERT INTO t6 VALUES(973,421,270,151,809,'table tn6 row 18');
INSERT INTO t4 VALUES(857,260,658,657,390,'table tn4 row 18');
INSERT INTO t2 VALUES(637,519,65,373,205,'table tn2 row 20');
INSERT INTO t5 VALUES(917,424,152,437,585,'table tn5 row 21');
INSERT INTO t4 VALUES(894,551,178,910,1,'table tn4 row 19');
INSERT INTO t4 VALUES(723,660,238,349,767,'table tn4 row 20');
INSERT INTO t2 VALUES(910,418,830,547,671,'table tn2 row 21');
INSERT INTO t1 VALUES(853,993,775,213,779,'table tn1 row 30');
INSERT INTO t5 VALUES(586,930,855,238,130,'table tn5 row 22');
INSERT INTO t8 VALUES(254,964,692,48,149,'table tn8 row 24');
INSERT INTO t3 VALUES(457,876,467,355,854,'table tn3 row 25');
INSERT INTO t8 VALUES(250,761,775,339,179,'table tn8 row 25');
INSERT INTO t2 VALUES(544,113,688,351,983,'table tn2 row 22');
INSERT INTO t7 VALUES(921,424,954,974,862,'table tn7 row 25');
INSERT INTO t8 VALUES(443,642,599,781,440,'table tn8 row 26');
INSERT INTO t6 VALUES(839,774,54,393,230,'table tn6 row 19');
INSERT INTO t3 VALUES(996,713,887,520,25,'table tn3 row 26');
INSERT INTO t1 VALUES(643,435,654,586,546,'table tn1 row 31');
INSERT INTO t7 VALUES(35,764,174,594,288,'table tn7 row 26');
INSERT INTO t4 VALUES(502,563,536,626,188,'table tn4 row 21');
INSERT INTO t8 VALUES(864,624,821,667,956,'table tn8 row 27');
INSERT INTO t8 VALUES(855,852,291,446,63,'table tn8 row 28');
INSERT INTO t1 VALUES(380,255,36,990,667,'table tn1 row 32');
INSERT INTO t7 VALUES(324,583,488,666,67,'table tn7 row 27');
INSERT INTO t5 VALUES(335,897,222,343,589,'table tn5 row 23');
INSERT INTO t4 VALUES(752,271,0,665,85,'table tn4 row 22');
INSERT INTO t5 VALUES(330,860,437,555,899,'table tn5 row 24');
INSERT INTO t2 VALUES(796,819,220,306,411,'table tn2 row 23');
INSERT INTO t8 VALUES(5,405,461,330,384,'table tn8 row 29');
INSERT INTO t6 VALUES(653,954,749,956,646,'table tn6 row 20');
INSERT INTO t5 VALUES(270,113,825,780,696,'table tn5 row 25');
INSERT INTO t2 VALUES(590,270,123,389,647,'table tn2 row 24');
INSERT INTO t7 VALUES(27,495,364,709,887,'table tn7 row 28');
INSERT INTO t1 VALUES(732,42,905,175,625,'table tn1 row 33');
INSERT INTO t6 VALUES(811,629,297,689,893,'table tn6 row 21');
INSERT INTO t5 VALUES(190,69,185,910,727,'table tn5 row 26');
INSERT INTO t5 VALUES(114,260,681,835,22,'table tn5 row 27');
INSERT INTO t2 VALUES(508,170,444,723,965,'table tn2 row 25');
INSERT INTO t5 VALUES(421,731,915,152,758,'table tn5 row 28');
INSERT INTO t3 VALUES(490,73,133,423,586,'table tn3 row 27');
INSERT INTO t3 VALUES(899,240,863,825,319,'table tn3 row 28');
INSERT INTO t1 VALUES(988,639,88,130,962,'table tn1 row 34');
INSERT INTO t3 VALUES(637,549,476,645,401,'table tn3 row 29');
INSERT INTO t2 VALUES(254,754,823,334,604,'table tn2 row 26');
INSERT INTO t3 VALUES(935,58,701,2,892,'table tn3 row 30');
INSERT INTO t5 VALUES(556,159,756,269,436,'table tn5 row 29');
INSERT INTO t3 VALUES(341,677,555,363,975,'table tn3 row 31');
INSERT INTO t3 VALUES(836,454,339,737,837,'table tn3 row 32');
INSERT INTO t1 VALUES(862,682,272,949,772,'table tn1 row 35');
INSERT INTO t2 VALUES(651,725,272,365,654,'table tn2 row 27');
INSERT INTO t4 VALUES(243,402,723,680,123,'table tn4 row 23');
INSERT INTO t3 VALUES(803,360,296,501,271,'table tn3 row 33');
INSERT INTO t5 VALUES(319,685,101,1,758,'table tn5 row 30');
INSERT INTO t8 VALUES(306,162,266,769,487,'table tn8 row 30');
INSERT INTO t4 VALUES(337,917,220,658,837,'table tn4 row 24');
INSERT INTO t1 VALUES(451,525,690,346,880,'table tn1 row 36');
INSERT INTO t2 VALUES(175,897,202,516,433,'table tn2 row 28');
INSERT INTO t3 VALUES(380,932,890,364,260,'table tn3 row 34');
INSERT INTO t2 VALUES(652,414,551,60,151,'table tn2 row 29');
INSERT INTO t5 VALUES(447,629,149,360,155,'table tn5 row 31');
INSERT INTO t5 VALUES(69,623,734,806,480,'table tn5 row 32');
INSERT INTO t5 VALUES(730,989,351,667,522,'table tn5 row 33');
INSERT INTO t8 VALUES(946,951,691,811,510,'table tn8 row 31');
INSERT INTO t3 VALUES(965,977,823,168,932,'table tn3 row 35');
INSERT INTO t4 VALUES(51,765,794,498,350,'table tn4 row 25');
INSERT INTO t5 VALUES(757,412,598,521,72,'table tn5 row 34');
INSERT INTO t4 VALUES(260,707,301,653,737,'table tn4 row 26');
INSERT INTO t8 VALUES(952,269,448,14,272,'table tn8 row 32');
INSERT INTO t1 VALUES(918,681,152,416,268,'table tn1 row 37');
INSERT INTO t3 VALUES(218,701,885,17,281,'table tn3 row 36');
INSERT INTO t4 VALUES(509,434,725,31,698,'table tn4 row 27');
INSERT INTO t8 VALUES(90,656,284,494,221,'table tn8 row 33');
INSERT INTO t7 VALUES(884,129,780,108,254,'table tn7 row 29');
INSERT INTO t4 VALUES(540,608,749,706,349,'table tn4 row 28');
INSERT INTO t6 VALUES(222,834,434,172,345,'table tn6 row 22');
INSERT INTO t7 VALUES(649,813,944,765,903,'table tn7 row 30');
INSERT INTO t5 VALUES(18,782,824,938,902,'table tn5 row 35');
INSERT INTO t7 VALUES(691,409,498,114,122,'table tn7 row 31');
INSERT INTO t3 VALUES(145,482,299,743,829,'table tn3 row 37');
INSERT INTO t1 VALUES(337,462,3,407,72,'table tn1 row 38');
INSERT INTO t3 VALUES(34,166,134,541,145,'table tn3 row 38');
INSERT INTO t1 VALUES(268,594,419,265,815,'table tn1 row 39');
INSERT INTO t4 VALUES(160,220,127,246,885,'table tn4 row 29');
INSERT INTO t4 VALUES(621,538,344,661,739,'table tn4 row 30');
INSERT INTO t6 VALUES(966,276,807,911,847,'table tn6 row 23');
INSERT INTO t2 VALUES(545,35,268,621,579,'table tn2 row 30');
INSERT INTO t2 VALUES(315,532,992,265,564,'table tn2 row 31');
INSERT INTO t2 VALUES(159,414,967,19,118,'table tn2 row 32');
INSERT INTO t2 VALUES(445,279,511,404,721,'table tn2 row 33');
INSERT INTO t2 VALUES(245,329,247,860,73,'table tn2 row 34');
INSERT INTO t6 VALUES(653,290,504,129,915,'table tn6 row 24');
INSERT INTO t4 VALUES(469,829,513,568,9,'table tn4 row 31');
INSERT INTO t6 VALUES(861,906,328,197,274,'table tn6 row 25');
INSERT INTO t6 VALUES(821,507,751,35,257,'table tn6 row 26');
INSERT INTO t2 VALUES(718,357,657,241,510,'table tn2 row 35');
INSERT INTO t7 VALUES(167,340,389,436,168,'table tn7 row 32');
INSERT INTO t1 VALUES(864,75,771,47,255,'table tn1 row 40');
INSERT INTO t8 VALUES(314,8,720,883,175,'table tn8 row 34');
INSERT INTO t6 VALUES(971,710,561,463,241,'table tn6 row 27');
INSERT INTO t2 VALUES(91,73,894,682,147,'table tn2 row 36');
INSERT INTO t2 VALUES(574,776,148,931,621,'table tn2 row 37');
INSERT INTO t8 VALUES(15,313,260,179,64,'table tn8 row 35');
INSERT INTO t4 VALUES(605,826,44,442,38,'table tn4 row 32');
INSERT INTO t8 VALUES(701,253,683,456,866,'table tn8 row 36');
INSERT INTO t7 VALUES(854,924,78,939,234,'table tn7 row 33');
INSERT INTO t3 VALUES(337,407,860,115,467,'table tn3 row 39');
INSERT INTO t7 VALUES(134,804,435,442,988,'table tn7 row 34');
INSERT INTO t8 VALUES(920,803,79,511,203,'table tn8 row 37');
INSERT INTO t3 VALUES(727,57,220,711,108,'table tn3 row 40');
INSERT INTO t1 VALUES(492,26,534,712,855,'table tn1 row 41');
INSERT INTO t2 VALUES(9,501,372,153,16,'table tn2 row 38');
INSERT INTO t3 VALUES(720,295,84,635,135,'table tn3 row 41');
INSERT INTO t4 VALUES(982,627,581,988,381,'table tn4 row 33');
INSERT INTO t4 VALUES(625,35,752,376,29,'table tn4 row 34');
INSERT INTO t8 VALUES(591,992,705,542,548,'table tn8 row 38');
INSERT INTO t5 VALUES(34,82,721,309,729,'table tn5 row 36');
INSERT INTO t4 VALUES(152,40,208,950,557,'table tn4 row 35');
INSERT INTO t1 VALUES(460,633,390,679,523,'table tn1 row 42');
INSERT INTO t3 VALUES(751,350,477,238,592,'table tn3 row 42');
INSERT INTO t8 VALUES(564,244,275,631,204,'table tn8 row 39');
INSERT INTO t4 VALUES(423,635,767,409,835,'table tn4 row 36');
INSERT INTO t4 VALUES(235,982,153,583,273,'table tn4 row 37');
INSERT INTO t5 VALUES(392,234,544,883,737,'table tn5 row 37');
INSERT INTO t1 VALUES(604,788,681,121,443,'table tn1 row 43');
INSERT INTO t2 VALUES(93,177,933,209,682,'table tn2 row 39');
INSERT INTO t8 VALUES(328,963,61,845,846,'table tn8 row 40');
INSERT INTO t1 VALUES(668,303,388,412,51,'table tn1 row 44');
INSERT INTO t1 VALUES(517,670,204,654,463,'table tn1 row 45');
INSERT INTO t6 VALUES(405,350,864,931,90,'table tn6 row 28');
INSERT INTO t6 VALUES(452,226,122,924,585,'table tn6 row 29');
INSERT INTO t4 VALUES(72,603,783,309,163,'table tn4 row 38');
INSERT INTO t5 VALUES(297,390,668,782,522,'table tn5 row 38');
INSERT INTO t5 VALUES(335,143,747,769,143,'table tn5 row 39');
INSERT INTO t8 VALUES(153,696,299,494,295,'table tn8 row 41');
INSERT INTO t8 VALUES(359,145,961,96,233,'table tn8 row 42');
INSERT INTO t6 VALUES(66,449,123,734,554,'table tn6 row 30');
INSERT INTO t5 VALUES(667,320,797,495,232,'table tn5 row 40');
INSERT INTO t4 VALUES(451,735,832,25,141,'table tn4 row 39');
INSERT INTO t3 VALUES(197,273,692,102,239,'table tn3 row 43');
INSERT INTO t8 VALUES(882,219,866,651,333,'table tn8 row 43');
INSERT INTO t5 VALUES(878,774,158,282,437,'table tn5 row 41');
INSERT INTO t2 VALUES(588,90,137,723,923,'table tn2 row 40');
INSERT INTO t7 VALUES(795,878,661,457,98,'table tn7 row 35');
INSERT INTO t4 VALUES(386,903,964,736,103,'table tn4 row 40');
INSERT INTO t5 VALUES(163,292,348,321,270,'table tn5 row 42');
INSERT INTO t1 VALUES(371,49,871,275,146,'table tn1 row 46');
INSERT INTO t5 VALUES(837,433,729,787,558,'table tn5 row 43');
INSERT INTO t3 VALUES(591,41,452,403,807,'table tn3 row 44');
INSERT INTO t1 VALUES(358,278,343,655,766,'table tn1 row 47');
INSERT INTO t5 VALUES(710,393,868,792,610,'table tn5 row 44');
INSERT INTO t4 VALUES(107,708,773,820,592,'table tn4 row 41');
INSERT INTO t8 VALUES(388,175,943,862,904,'table tn8 row 44');
INSERT INTO t4 VALUES(558,442,712,136,465,'table tn4 row 42');
INSERT INTO t2 VALUES(371,635,22,669,428,'table tn2 row 41');
INSERT INTO t6 VALUES(787,967,216,581,883,'table tn6 row 31');
INSERT INTO t7 VALUES(500,220,341,671,4,'table tn7 row 36');
INSERT INTO t2 VALUES(324,585,344,260,228,'table tn2 row 42');
INSERT INTO t1 VALUES(268,563,387,571,733,'table tn1 row 48');
INSERT INTO t3 VALUES(105,122,641,133,365,'table tn3 row 45');
INSERT INTO t1 VALUES(406,266,787,955,695,'table tn1 row 49');
INSERT INTO t8 VALUES(848,386,187,683,761,'table tn8 row 45');
INSERT INTO t2 VALUES(1,968,61,10,696,'table tn2 row 43');
INSERT INTO t2 VALUES(769,168,150,806,777,'table tn2 row 44');
INSERT INTO t8 VALUES(241,773,647,767,455,'table tn8 row 46');
INSERT INTO t8 VALUES(327,308,419,482,635,'table tn8 row 47');
INSERT INTO t3 VALUES(282,411,792,428,119,'table tn3 row 46');
INSERT INTO t3 VALUES(548,874,372,988,231,'table tn3 row 47');
INSERT INTO t4 VALUES(579,961,345,794,300,'table tn4 row 43');
INSERT INTO t8 VALUES(672,211,789,580,736,'table tn8 row 48');
INSERT INTO t3 VALUES(162,266,809,944,547,'table tn3 row 48');
INSERT INTO t8 VALUES(514,603,229,512,811,'table tn8 row 49');
INSERT INTO t5 VALUES(544,878,31,779,885,'table tn5 row 45');
INSERT INTO t2 VALUES(779,938,449,836,427,'table tn2 row 45');
INSERT INTO t1 VALUES(866,48,608,922,531,'table tn1 row 50');
INSERT INTO t2 VALUES(773,275,806,977,852,'table tn2 row 46');
INSERT INTO t5 VALUES(921,657,894,557,772,'table tn5 row 46');
INSERT INTO t5 VALUES(174,526,56,479,725,'table tn5 row 47');
INSERT INTO t8 VALUES(99,647,790,463,608,'table tn8 row 50');
INSERT INTO t8 VALUES(402,542,168,735,620,'table tn8 row 51');
INSERT INTO t1 VALUES(738,569,885,105,89,'table tn1 row 51');
INSERT INTO t1 VALUES(544,233,617,55,12,'table tn1 row 52');
INSERT INTO t6 VALUES(870,575,12,974,495,'table tn6 row 32');
INSERT INTO t6 VALUES(740,0,11,271,574,'table tn6 row 33');
INSERT INTO t6 VALUES(240,158,282,256,523,'table tn6 row 34');
INSERT INTO t1 VALUES(591,94,259,349,402,'table tn1 row 53');
INSERT INTO t2 VALUES(669,796,292,790,445,'table tn2 row 47');
INSERT INTO t6 VALUES(45,390,992,667,707,'table tn6 row 35');
INSERT INTO t1 VALUES(461,652,864,750,430,'table tn1 row 54');
INSERT INTO t5 VALUES(602,391,489,271,104,'table tn5 row 48');
INSERT INTO t7 VALUES(744,938,260,572,663,'table tn7 row 37');
INSERT INTO t1 VALUES(953,254,765,902,96,'table tn1 row 55');
INSERT INTO t2 VALUES(139,799,575,263,322,'table tn2 row 48');
INSERT INTO t5 VALUES(522,971,797,263,640,'table tn5 row 49');
INSERT INTO t2 VALUES(253,676,560,233,938,'table tn2 row 49');
INSERT INTO t3 VALUES(566,146,272,582,690,'table tn3 row 49');
INSERT INTO t5 VALUES(180,26,485,33,708,'table tn5 row 50');
INSERT INTO t6 VALUES(129,350,832,929,77,'table tn6 row 36');
INSERT INTO t6 VALUES(359,0,942,376,798,'table tn6 row 37');
INSERT INTO t5 VALUES(599,661,147,4,18,'table tn5 row 51');
INSERT INTO t5 VALUES(683,98,678,965,621,'table tn5 row 52');
INSERT INTO t4 VALUES(605,184,2,507,760,'table tn4 row 44');
INSERT INTO t4 VALUES(170,58,188,449,480,'table tn4 row 45');
INSERT INTO t7 VALUES(707,503,38,177,955,'table tn7 row 38');
INSERT INTO t3 VALUES(262,810,549,950,249,'table tn3 row 50');
INSERT INTO t3 VALUES(376,860,826,273,425,'table tn3 row 51');
INSERT INTO t6 VALUES(414,993,415,846,601,'table tn6 row 38');
INSERT INTO t7 VALUES(267,837,648,397,39,'table tn7 row 39');
INSERT INTO t6 VALUES(366,583,718,869,255,'table tn6 row 39');
INSERT INTO t7 VALUES(699,813,482,902,587,'table tn7 row 40');
INSERT INTO t1 VALUES(161,754,15,947,671,'table tn1 row 56');
INSERT INTO t2 VALUES(802,812,27,541,434,'table tn2 row 50');
INSERT INTO t4 VALUES(271,810,483,491,12,'table tn4 row 46');
INSERT INTO t6 VALUES(300,267,34,277,95,'table tn6 row 40');
INSERT INTO t1 VALUES(880,593,626,900,171,'table tn1 row 57');
INSERT INTO t7 VALUES(916,460,180,702,552,'table tn7 row 41');
INSERT INTO t7 VALUES(231,66,981,620,503,'table tn7 row 42');
INSERT INTO t6 VALUES(436,880,513,613,24,'table tn6 row 41');
INSERT INTO t1 VALUES(145,579,230,818,328,'table tn1 row 58');
INSERT INTO t7 VALUES(995,541,855,276,302,'table tn7 row 43');
INSERT INTO t3 VALUES(608,211,439,46,765,'table tn3 row 52');
INSERT INTO t2 VALUES(123,592,854,598,499,'table tn2 row 51');
INSERT INTO t3 VALUES(515,566,898,515,848,'table tn3 row 53');
INSERT INTO t4 VALUES(355,267,609,306,931,'table tn4 row 47');
INSERT INTO t5 VALUES(615,326,941,155,150,'table tn5 row 53');
INSERT INTO t1 VALUES(963,879,69,457,558,'table tn1 row 59');
INSERT INTO t1 VALUES(895,803,607,643,838,'table tn1 row 60');
INSERT INTO t1 VALUES(338,115,531,427,539,'table tn1 row 61');
INSERT INTO t7 VALUES(773,798,906,772,462,'table tn7 row 44');
INSERT INTO t6 VALUES(564,974,242,2,100,'table tn6 row 42');
INSERT INTO t8 VALUES(579,352,150,756,933,'table tn8 row 52');
INSERT INTO t5 VALUES(958,205,960,919,888,'table tn5 row 54');
INSERT INTO t5 VALUES(319,544,3,745,702,'table tn5 row 55');
INSERT INTO t4 VALUES(948,888,482,60,38,'table tn4 row 48');
INSERT INTO t7 VALUES(277,896,781,192,975,'table tn7 row 45');
INSERT INTO t8 VALUES(47,366,249,93,488,'table tn8 row 53');
INSERT INTO t5 VALUES(867,861,856,565,34,'table tn5 row 56');
INSERT INTO t7 VALUES(158,949,92,265,782,'table tn7 row 46');
INSERT INTO t7 VALUES(863,276,931,28,154,'table tn7 row 47');
INSERT INTO t7 VALUES(97,396,813,399,408,'table tn7 row 48');
INSERT INTO t4 VALUES(151,860,948,356,217,'table tn4 row 49');
INSERT INTO t5 VALUES(696,336,649,369,511,'table tn5 row 57');
INSERT INTO t2 VALUES(751,317,692,398,307,'table tn2 row 52');
INSERT INTO t5 VALUES(821,771,625,810,184,'table tn5 row 58');
INSERT INTO t5 VALUES(334,772,819,806,749,'table tn5 row 59');
INSERT INTO t3 VALUES(784,246,966,336,814,'table tn3 row 54');
INSERT INTO t4 VALUES(589,979,201,781,296,'table tn4 row 50');
INSERT INTO t1 VALUES(20,696,639,717,117,'table tn1 row 62');
INSERT INTO t5 VALUES(800,502,989,855,364,'table tn5 row 60');
INSERT INTO t2 VALUES(869,966,902,377,114,'table tn2 row 53');
INSERT INTO t1 VALUES(637,404,548,376,125,'table tn1 row 63');
INSERT INTO t7 VALUES(180,52,725,831,488,'table tn7 row 49');
INSERT INTO t5 VALUES(513,716,602,520,995,'table tn5 row 61');
INSERT INTO t7 VALUES(720,781,887,673,827,'table tn7 row 50');
INSERT INTO t5 VALUES(54,717,805,772,716,'table tn5 row 62');
INSERT INTO t5 VALUES(675,705,818,276,923,'table tn5 row 63');
INSERT INTO t6 VALUES(104,905,187,974,634,'table tn6 row 43');
INSERT INTO t6 VALUES(386,243,430,196,74,'table tn6 row 44');
INSERT INTO t3 VALUES(549,381,929,149,550,'table tn3 row 55');
INSERT INTO t7 VALUES(736,717,14,885,506,'table tn7 row 51');
INSERT INTO t4 VALUES(474,678,948,968,63,'table tn4 row 51');
INSERT INTO t7 VALUES(90,306,238,139,499,'table tn7 row 52');
INSERT INTO t4 VALUES(447,653,703,983,151,'table tn4 row 52');
INSERT INTO t5 VALUES(476,531,86,514,154,'table tn5 row 64');
INSERT INTO t2 VALUES(775,545,46,750,899,'table tn2 row 54');
INSERT INTO t3 VALUES(594,814,146,650,578,'table tn3 row 56');
INSERT INTO t2 VALUES(10,278,193,317,282,'table tn2 row 55');
INSERT INTO t3 VALUES(895,456,149,895,596,'table tn3 row 57');
INSERT INTO t7 VALUES(350,923,764,524,793,'table tn7 row 53');
INSERT INTO t4 VALUES(367,498,667,236,312,'table tn4 row 53');
INSERT INTO t1 VALUES(981,440,416,187,135,'table tn1 row 64');
INSERT INTO t5 VALUES(960,846,927,542,499,'table tn5 row 65');
INSERT INTO t4 VALUES(159,94,873,881,179,'table tn4 row 54');
INSERT INTO t3 VALUES(12,203,10,720,393,'table tn3 row 58');
INSERT INTO t2 VALUES(760,820,360,86,953,'table tn2 row 56');
INSERT INTO t3 VALUES(651,710,490,841,254,'table tn3 row 59');
INSERT INTO t6 VALUES(672,604,411,2,631,'table tn6 row 45');
INSERT INTO t3 VALUES(143,145,656,826,977,'table tn3 row 60');
INSERT INTO t3 VALUES(129,340,317,74,794,'table tn3 row 61');
INSERT INTO t5 VALUES(81,855,130,369,440,'table tn5 row 66');
INSERT INTO t3 VALUES(364,159,777,850,466,'table tn3 row 62');
INSERT INTO t3 VALUES(181,577,492,708,876,'table tn3 row 63');
INSERT INTO t8 VALUES(822,677,297,422,186,'table tn8 row 54');
INSERT INTO t7 VALUES(158,506,102,506,851,'table tn7 row 54');
INSERT INTO t7 VALUES(748,263,795,226,508,'table tn7 row 55');
INSERT INTO t6 VALUES(62,223,146,457,747,'table tn6 row 46');
INSERT INTO t3 VALUES(135,437,368,118,218,'table tn3 row 64');
INSERT INTO t4 VALUES(919,700,433,524,631,'table tn4 row 55');
INSERT INTO t4 VALUES(31,938,299,943,763,'table tn4 row 56');
INSERT INTO t8 VALUES(883,52,381,391,416,'table tn8 row 55');
INSERT INTO t3 VALUES(776,534,360,560,459,'table tn3 row 65');
INSERT INTO t7 VALUES(925,720,857,526,455,'table tn7 row 56');
INSERT INTO t8 VALUES(359,487,427,610,242,'table tn8 row 56');
INSERT INTO t4 VALUES(448,295,860,522,35,'table tn4 row 57');
INSERT INTO t4 VALUES(422,593,297,197,511,'table tn4 row 58');
INSERT INTO t8 VALUES(184,906,648,370,476,'table tn8 row 57');
INSERT INTO t2 VALUES(805,818,87,315,783,'table tn2 row 57');
INSERT INTO t8 VALUES(807,806,154,161,617,'table tn8 row 58');
INSERT INTO t8 VALUES(183,563,321,690,972,'table tn8 row 59');
INSERT INTO t8 VALUES(628,493,513,541,578,'table tn8 row 60');
INSERT INTO t6 VALUES(1,351,424,729,633,'table tn6 row 47');
INSERT INTO t8 VALUES(954,741,935,814,632,'table tn8 row 61');
INSERT INTO t1 VALUES(551,662,976,381,558,'table tn1 row 65');
INSERT INTO t4 VALUES(580,243,619,146,719,'table tn4 row 59');
INSERT INTO t7 VALUES(593,407,553,485,282,'table tn7 row 57');
INSERT INTO t5 VALUES(369,403,155,789,944,'table tn5 row 67');
INSERT INTO t7 VALUES(130,120,98,395,689,'table tn7 row 58');
INSERT INTO t3 VALUES(265,302,73,913,187,'table tn3 row 66');
INSERT INTO t5 VALUES(267,665,628,419,894,'table tn5 row 68');
INSERT INTO t6 VALUES(255,541,975,674,154,'table tn6 row 48');
INSERT INTO t2 VALUES(2,326,283,23,366,'table tn2 row 58');
INSERT INTO t3 VALUES(98,317,117,247,318,'table tn3 row 67');
INSERT INTO t7 VALUES(592,280,688,539,436,'table tn7 row 59');
INSERT INTO t7 VALUES(114,191,419,777,344,'table tn7 row 60');
INSERT INTO t5 VALUES(332,161,756,492,554,'table tn5 row 69');
INSERT INTO t1 VALUES(637,282,805,874,158,'table tn1 row 66');
INSERT INTO t8 VALUES(474,958,136,936,199,'table tn8 row 62');
INSERT INTO t2 VALUES(297,226,582,404,815,'table tn2 row 59');
INSERT INTO t7 VALUES(439,360,948,801,462,'table tn7 row 61');
INSERT INTO t7 VALUES(416,308,376,183,432,'table tn7 row 62');
INSERT INTO t6 VALUES(706,739,938,797,175,'table tn6 row 49');
INSERT INTO t8 VALUES(841,702,563,344,700,'table tn8 row 63');
INSERT INTO t3 VALUES(971,236,641,967,265,'table tn3 row 68');
INSERT INTO t6 VALUES(818,490,441,405,654,'table tn6 row 50');
INSERT INTO t8 VALUES(650,34,501,630,980,'table tn8 row 64');
INSERT INTO t4 VALUES(139,294,993,44,312,'table tn4 row 60');
INSERT INTO t2 VALUES(660,353,728,215,162,'table tn2 row 60');
INSERT INTO t3 VALUES(559,649,584,283,83,'table tn3 row 69');
INSERT INTO t4 VALUES(747,849,728,328,778,'table tn4 row 61');
INSERT INTO t7 VALUES(715,612,41,325,816,'table tn7 row 63');
INSERT INTO t4 VALUES(105,319,984,482,792,'table tn4 row 62');
INSERT INTO t4 VALUES(408,982,157,546,617,'table tn4 row 63');
INSERT INTO t4 VALUES(981,607,904,55,482,'table tn4 row 64');
INSERT INTO t7 VALUES(75,517,142,118,184,'table tn7 row 64');
INSERT INTO t6 VALUES(85,214,637,560,511,'table tn6 row 51');
INSERT INTO t4 VALUES(373,276,273,997,122,'table tn4 row 65');
INSERT INTO t6 VALUES(233,229,500,855,673,'table tn6 row 52');
INSERT INTO t1 VALUES(4,738,685,618,956,'table tn1 row 67');
INSERT INTO t2 VALUES(874,504,337,158,125,'table tn2 row 61');
INSERT INTO t1 VALUES(498,944,393,17,997,'table tn1 row 68');
INSERT INTO t5 VALUES(685,609,250,855,258,'table tn5 row 70');
INSERT INTO t7 VALUES(22,979,557,296,827,'table tn7 row 65');
INSERT INTO t2 VALUES(283,784,900,790,707,'table tn2 row 62');
INSERT INTO t3 VALUES(614,113,455,270,192,'table tn3 row 70');
INSERT INTO t5 VALUES(89,230,820,413,689,'table tn5 row 71');
INSERT INTO t1 VALUES(879,37,553,519,254,'table tn1 row 69');
INSERT INTO t2 VALUES(944,93,725,488,688,'table tn2 row 63');
INSERT INTO t2 VALUES(735,161,140,873,659,'table tn2 row 64');
INSERT INTO t5 VALUES(853,26,261,98,561,'table tn5 row 72');
INSERT INTO t3 VALUES(101,983,954,809,211,'table tn3 row 71');
INSERT INTO t4 VALUES(281,288,752,549,600,'table tn4 row 66');
INSERT INTO t8 VALUES(472,397,375,835,349,'table tn8 row 65');
INSERT INTO t4 VALUES(29,480,971,366,48,'table tn4 row 67');
INSERT INTO t1 VALUES(767,447,246,798,546,'table tn1 row 70');
INSERT INTO t1 VALUES(584,828,788,726,763,'table tn1 row 71');
INSERT INTO t6 VALUES(522,511,177,822,5,'table tn6 row 53');
INSERT INTO t6 VALUES(33,262,961,458,67,'table tn6 row 54');
INSERT INTO t2 VALUES(691,543,83,854,505,'table tn2 row 65');
INSERT INTO t5 VALUES(342,744,50,937,187,'table tn5 row 73');
INSERT INTO t7 VALUES(865,159,807,988,127,'table tn7 row 66');
INSERT INTO t3 VALUES(992,202,75,164,178,'table tn3 row 72');
INSERT INTO t8 VALUES(171,155,656,761,310,'table tn8 row 66');
INSERT INTO t8 VALUES(794,98,563,916,485,'table tn8 row 67');
INSERT INTO t3 VALUES(576,434,353,135,4,'table tn3 row 73');
INSERT INTO t1 VALUES(324,447,703,232,943,'table tn1 row 72');
INSERT INTO t3 VALUES(478,716,947,764,3,'table tn3 row 74');
INSERT INTO t4 VALUES(509,139,768,481,71,'table tn4 row 68');
INSERT INTO t7 VALUES(879,305,635,328,356,'table tn7 row 67');
INSERT INTO t4 VALUES(933,261,0,231,954,'table tn4 row 69');
INSERT INTO t4 VALUES(450,23,436,973,596,'table tn4 row 70');
INSERT INTO t2 VALUES(268,292,275,704,820,'table tn2 row 66');
INSERT INTO t5 VALUES(296,789,198,255,906,'table tn5 row 74');
INSERT INTO t2 VALUES(222,380,4,235,997,'table tn2 row 67');
INSERT INTO t4 VALUES(598,901,585,260,879,'table tn4 row 71');
INSERT INTO t2 VALUES(733,549,711,803,939,'table tn2 row 68');
INSERT INTO t3 VALUES(525,566,244,889,120,'table tn3 row 75');
INSERT INTO t5 VALUES(818,495,774,960,971,'table tn5 row 75');
INSERT INTO t6 VALUES(474,281,45,73,617,'table tn6 row 55');
INSERT INTO t2 VALUES(186,173,24,345,37,'table tn2 row 69');
INSERT INTO t8 VALUES(386,300,901,210,463,'table tn8 row 68');
INSERT INTO t1 VALUES(249,259,979,661,688,'table tn1 row 73');
INSERT INTO t7 VALUES(500,832,705,367,197,'table tn7 row 68');
INSERT INTO t6 VALUES(811,963,295,60,595,'table tn6 row 56');
INSERT INTO t2 VALUES(505,888,509,546,981,'table tn2 row 70');
INSERT INTO t8 VALUES(474,9,501,291,392,'table tn8 row 69');
INSERT INTO t2 VALUES(262,823,722,843,213,'table tn2 row 71');
INSERT INTO t2 VALUES(415,546,819,332,148,'table tn2 row 72');
INSERT INTO t4 VALUES(378,589,162,509,397,'table tn4 row 72');
INSERT INTO t2 VALUES(898,501,411,216,963,'table tn2 row 73');
INSERT INTO t3 VALUES(383,837,792,38,972,'table tn3 row 76');
INSERT INTO t6 VALUES(129,696,528,991,286,'table tn6 row 57');
INSERT INTO t4 VALUES(74,2,936,229,951,'table tn4 row 73');
INSERT INTO t5 VALUES(339,234,585,361,180,'table tn5 row 76');
INSERT INTO t8 VALUES(467,807,154,627,579,'table tn8 row 70');
INSERT INTO t2 VALUES(853,864,182,654,548,'table tn2 row 74');
INSERT INTO t7 VALUES(87,735,333,225,248,'table tn7 row 69');
INSERT INTO t1 VALUES(776,149,898,217,181,'table tn1 row 74');
INSERT INTO t2 VALUES(217,217,807,897,512,'table tn2 row 75');
INSERT INTO t5 VALUES(349,84,187,480,894,'table tn5 row 77');
INSERT INTO t2 VALUES(664,72,966,256,123,'table tn2 row 76');
INSERT INTO t1 VALUES(213,619,680,837,645,'table tn1 row 75');
INSERT INTO t7 VALUES(684,166,843,842,945,'table tn7 row 70');
INSERT INTO t8 VALUES(248,369,693,989,809,'table tn8 row 71');
INSERT INTO t6 VALUES(825,392,648,424,225,'table tn6 row 58');
INSERT INTO t6 VALUES(64,296,752,786,550,'table tn6 row 59');
INSERT INTO t8 VALUES(994,370,298,384,495,'table tn8 row 72');
INSERT INTO t2 VALUES(954,527,450,249,386,'table tn2 row 77');
INSERT INTO t2 VALUES(936,985,512,838,629,'table tn2 row 78');
INSERT INTO t8 VALUES(127,564,461,486,881,'table tn8 row 73');
INSERT INTO t8 VALUES(961,511,283,81,981,'table tn8 row 74');
INSERT INTO t1 VALUES(746,942,57,38,298,'table tn1 row 76');
INSERT INTO t8 VALUES(651,461,279,743,38,'table tn8 row 75');
INSERT INTO t3 VALUES(379,103,697,624,536,'table tn3 row 77');
INSERT INTO t1 VALUES(477,896,481,75,221,'table tn1 row 77');
INSERT INTO t1 VALUES(898,556,482,319,813,'table tn1 row 78');
INSERT INTO t4 VALUES(792,107,996,100,738,'table tn4 row 74');
INSERT INTO t3 VALUES(964,888,970,444,131,'table tn3 row 78');
INSERT INTO t7 VALUES(848,859,816,391,460,'table tn7 row 71');
INSERT INTO t7 VALUES(452,24,934,599,89,'table tn7 row 72');
INSERT INTO t8 VALUES(331,503,394,101,273,'table tn8 row 76');
INSERT INTO t7 VALUES(147,506,341,724,929,'table tn7 row 73');
INSERT INTO t3 VALUES(386,788,265,548,136,'table tn3 row 79');
INSERT INTO t6 VALUES(963,537,963,72,850,'table tn6 row 60');
INSERT INTO t5 VALUES(301,640,422,685,592,'table tn5 row 78');
INSERT INTO t3 VALUES(364,318,592,173,321,'table tn3 row 80');
INSERT INTO t7 VALUES(285,250,564,500,841,'table tn7 row 74');
INSERT INTO t8 VALUES(653,364,965,731,22,'table tn8 row 77');
INSERT INTO t5 VALUES(153,587,443,691,98,'table tn5 row 79');
INSERT INTO t5 VALUES(235,874,855,856,764,'table tn5 row 80');
INSERT INTO t6 VALUES(396,461,159,711,531,'table tn6 row 61');
INSERT INTO t4 VALUES(629,331,6,907,854,'table tn4 row 75');
INSERT INTO t3 VALUES(644,740,395,482,406,'table tn3 row 81');
INSERT INTO t6 VALUES(355,997,452,647,754,'table tn6 row 62');
INSERT INTO t3 VALUES(198,124,29,726,871,'table tn3 row 82');
INSERT INTO t8 VALUES(671,105,74,636,944,'table tn8 row 78')

# Nil pointer crash is triggered with a low batch size; however, having too low
# value makes the query below quite slow, so we choose value of 3 that still
# reproduces the crash and is relatively fast.
statement ok
SET CLUSTER SETTING sql.testing.vectorize.batch_size to 3

query I
SELECT
	count(*)
FROM
	(
		SELECT
			e8, d7 + 959, b3, a5 * 693, e2, e6 * 447, b1 + 778, x4
		FROM
			t4, t1, t6, t7, t5, t8, t2, t3
		WHERE
			c5 IN (489, 250, 927, 855, 697, 130, 856)
			AND (180 = e8 OR 333 = e8 OR e8 = 38 OR e8 = 349)
			AND e7 = 462
			AND a3 = d1
			AND b2 = b1
			AND a1 IN (358, 451, 479, 382, 330, 281, 953, 732)
			AND b4 IN (434, 700, 94, 860)
			AND d6 IN (489, 911, 147)
	)
----
1728
