# LogicTest: local local-opt local-parallel-stmts fakedist fakedist-opt fakedist-metadata

statement ok
CREATE TABLE kv (
  -- don't add column "a"
  k INT PRIMARY KEY,
  v INT,
  w INT,
  f FLOAT,
  d DECIMAL,
  s STRING,
  b BOOL,
  FAMILY (k, v, w, f, b),
  FAMILY (d),
  FAMILY (s)
)

statement OK
INSERT INTO kv VALUES
(1, 2, 3, 1.0, 1, 'a', true),
(3, 4, 5, 2, 8, 'a', true),
(5, NULL, 5, 9.9, -321, NULL, false),
(6, 2, 3, 4.4, 4.4, 'b', true),
(7, 2, 2, 6, 7.9, 'b', true),
(8, 4, 2, 3, 3, 'A', false)

query error window functions are not allowed in GROUP BY
SELECT * FROM kv GROUP BY v, count(w) OVER ()

query error window functions are not allowed in GROUP BY
SELECT count(w) OVER () FROM kv GROUP BY 1

query error window functions are not allowed in RETURNING
INSERT INTO kv (k, v) VALUES (99, 100) RETURNING sum(v) OVER ()

query error window functions are not allowed in LIMIT
SELECT sum(v) FROM kv GROUP BY k LIMIT sum(v) OVER ()

query error window functions are not allowed in OFFSET
SELECT sum(v) FROM kv GROUP BY k LIMIT 1 OFFSET sum(v) OVER ()

query error window functions are not allowed in VALUES
INSERT INTO kv (k, v) VALUES (99, count(1) OVER ())

query error window functions are not allowed in WHERE
SELECT k FROM kv WHERE avg(k) OVER () > 1

query error window functions are not allowed in HAVING
SELECT 1 GROUP BY 1 HAVING sum(1) OVER (PARTITION BY 1) > 1

query R
SELECT avg(k) OVER () FROM kv ORDER BY 1
----
5
5
5
5
5
5

query R
SELECT avg(k) OVER (PARTITION BY v) FROM kv ORDER BY 1
----
4.6666666666666666667
4.6666666666666666667
4.6666666666666666667
5
5.5
5.5

query R
SELECT avg(k) OVER (PARTITION BY w) FROM kv ORDER BY 1
----
3.5
3.5
4
4
7.5
7.5

query R
SELECT avg(k) OVER (PARTITION BY b) FROM kv ORDER BY 1
----
4.25
4.25
4.25
4.25
6.5
6.5

query R
SELECT avg(k) OVER (PARTITION BY w, b) FROM kv ORDER BY 1
----
3
3.5
3.5
5
7
8

query R
SELECT avg(k) OVER (PARTITION BY kv.*) FROM kv ORDER BY 1
----
1
3
5
6
7
8

query R
SELECT avg(k) OVER (ORDER BY w) FROM kv ORDER BY 1
----
5
5
5.5
5.5
7.5
7.5

query R
SELECT avg(k) OVER (ORDER BY b) FROM kv ORDER BY 1
----
5
5
5
5
6.5
6.5

query R
SELECT avg(k) OVER (ORDER BY w, b) FROM kv ORDER BY 1
----
5
5.4
5.5
5.5
7.5
8

query R
SELECT avg(k) OVER (ORDER BY 1-w) FROM kv ORDER BY 1
----
3.75
3.75
4
4
5
5

query R
SELECT avg(k) OVER (ORDER BY kv.*) FROM kv ORDER BY 1
----
1
2
3
3.75
4.4
5

query R
SELECT avg(k) OVER (ORDER BY w DESC) FROM kv ORDER BY 1
----
3.75
3.75
4
4
5
5

query R
SELECT avg(k) OVER (PARTITION BY v ORDER BY w) FROM kv ORDER BY 1
----
4.6666666666666666667
4.6666666666666666667
5
5.5
7
8

query R
SELECT avg(k) OVER w FROM kv WINDOW w AS (PARTITION BY v ORDER BY w) ORDER BY 1
----
4.6666666666666666667
4.6666666666666666667
5
5.5
7
8

query R
SELECT avg(k) OVER (w) FROM kv WINDOW w AS (PARTITION BY v ORDER BY w) ORDER BY 1
----
4.6666666666666666667
4.6666666666666666667
5
5.5
7
8

query R
SELECT avg(k) OVER (w ORDER BY w) FROM kv WINDOW w AS (PARTITION BY v) ORDER BY 1
----
4.6666666666666666667
4.6666666666666666667
5
5.5
7
8

query IIIRRTBR colnames
SELECT *, avg(k) OVER (w ORDER BY w) FROM kv WINDOW w AS (PARTITION BY v) ORDER BY 1
----
k  v     w  f    d     s     b      avg
1  2     3  1    1     a     true   4.6666666666666666667
3  4     5  2    8     a     true   5.5
5  NULL  5  9.9  -321  NULL  false  5
6  2     3  4.4  4.4   b     true   4.6666666666666666667
7  2     2  6    7.9   b     true   7
8  4     2  3    3     A     false  8

query IIIRRTBR colnames
SELECT *, avg(k) OVER w FROM kv WINDOW w AS (PARTITION BY v ORDER BY w) ORDER BY avg(k) OVER w, k
----
k  v     w  f    d     s     b      avg
1  2     3  1    1     a     true   4.6666666666666666667
6  2     3  4.4  4.4   b     true   4.6666666666666666667
5  NULL  5  9.9  -321  NULL  false  5
3  4     5  2    8     a     true   5.5
7  2     2  6    7.9   b     true   7
8  4     2  3    3     A     false  8

query IIIRRTB colnames
SELECT * FROM kv WINDOW w AS (PARTITION BY v ORDER BY w) ORDER BY avg(k) OVER w DESC, k
----
k  v     w  f    d     s     b
8  4     2  3    3     A     false
7  2     2  6    7.9   b     true
3  4     5  2    8     a     true
5  NULL  5  9.9  -321  NULL  false
1  2     3  1    1     a     true
6  2     3  4.4  4.4   b     true

query error window "w" is already defined
SELECT avg(k) OVER w FROM kv WINDOW w AS (), w AS ()

query error window "x" does not exist
SELECT avg(k) OVER x FROM kv WINDOW w AS ()

query error window "x" does not exist
SELECT avg(k) OVER (x) FROM kv WINDOW w AS ()

query error cannot override PARTITION BY clause of window "w"
SELECT avg(k) OVER (w PARTITION BY v) FROM kv WINDOW w AS ()

query error cannot override PARTITION BY clause of window "w"
SELECT avg(k) OVER (w PARTITION BY v) FROM kv WINDOW w AS (PARTITION BY v)

query error cannot override ORDER BY clause of window "w"
SELECT avg(k) OVER (w ORDER BY v) FROM kv WINDOW w AS (ORDER BY v)

query error column "a" does not exist
SELECT avg(k) OVER (PARTITION BY a) FROM kv

query error column "a" does not exist
SELECT avg(k) OVER (ORDER BY a) FROM kv

query error pgcode 42803 aggregate function calls cannot contain window function calls
SELECT avg(avg(k) OVER ()) FROM kv ORDER BY 1

query R
SELECT avg(avg(k)) OVER () FROM kv ORDER BY 1
----
5

query error OVER specified, but now\(\) is neither a window function nor an aggregate function
SELECT now() OVER () FROM kv ORDER BY 1

query error window function rank\(\) requires an OVER clause
SELECT rank() FROM kv

query error unknown signature: rank\(int\)
SELECT rank(22) FROM kv

query error window function calls cannot be nested
SELECT avg(avg(k) OVER ()) OVER () FROM kv ORDER BY 1

query error OVER specified, but round\(\) is neither a window function nor an aggregate function
SELECT round(avg(k) OVER ()) OVER () FROM kv ORDER BY 1

query R
SELECT round(avg(k) OVER (PARTITION BY v ORDER BY w)) FROM kv ORDER BY 1
----
5
5
5
6
7
8

query R
SELECT avg(f) OVER (PARTITION BY v ORDER BY w) FROM kv ORDER BY 1
----
2.5
3
3.8000000000000003
3.8000000000000003
6
9.9

query R
SELECT avg(d) OVER (PARTITION BY v ORDER BY w) FROM kv ORDER BY 1
----
-321
   3
   4.4333333333333333333
   4.4333333333333333333
   5.5
   7.9

query R
SELECT avg(d) OVER (PARTITION BY w ORDER BY v) FROM kv ORDER BY 1
----
-321
-156.5
   2.7
   2.7
   5.45
   7.9

query R
SELECT (avg(d) OVER (PARTITION BY v ORDER BY w) + avg(d) OVER (PARTITION BY v ORDER BY w)) FROM kv ORDER BY 1
----
-642
   6
   8.8666666666666666666
   8.8666666666666666666
  11.0
  15.8

query R
SELECT (avg(d) OVER (PARTITION BY v ORDER BY w) + avg(d) OVER (PARTITION BY w ORDER BY v)) FROM kv ORDER BY 1
----
-642
-151.0
   7.1333333333333333333
   7.1333333333333333333
   8.45
  15.8

query R
SELECT avg(d) OVER (PARTITION BY v) FROM kv WHERE FALSE ORDER BY 1
----

query R
SELECT avg(d) OVER (PARTITION BY v, v, v, v, v, v, v, v, v, v) FROM kv WHERE FALSE ORDER BY 1
----

query R
SELECT avg(d) OVER (PARTITION BY v, v, v, v, v, v, v, v, v, v) FROM kv WHERE k = 3 ORDER BY 1
----
8

query IT
SELECT k, concat_agg(s) OVER (PARTITION BY k ORDER BY w) FROM kv ORDER BY 1
----
1  a
3  a
5  NULL
6  b
7  b
8  A

query IT
SELECT k, concat_agg(s) OVER (PARTITION BY v ORDER BY w, k) FROM kv ORDER BY 1
----
1  ba
3  Aa
5  NULL
6  bab
7  b
8  A

query IB
SELECT k, bool_and(b) OVER (PARTITION BY v ORDER BY w) FROM kv ORDER BY 1
----
1  true
3  false
5  false
6  true
7  true
8  false

query IB
SELECT k, bool_or(b) OVER (PARTITION BY v ORDER BY w) FROM kv ORDER BY 1
----
1  true
3  true
5  false
6  true
7  true
8  false

query II
SELECT k, count(d) OVER (PARTITION BY v ORDER BY w) FROM kv ORDER BY 1
----
1  3
3  2
5  1
6  3
7  1
8  1

query II
SELECT k, count(*) OVER (PARTITION BY v ORDER BY w) FROM kv ORDER BY 1
----
1  3
3  2
5  1
6  3
7  1
8  1

query IR
SELECT k, max(d) OVER (PARTITION BY v ORDER BY w) FROM kv ORDER BY 1
----
1  7.9
3  8
5  -321
6  7.9
7  7.9
8  3

query IR
SELECT k, min(d) OVER (PARTITION BY v ORDER BY w) FROM kv ORDER BY 1
----
1  1
3  3
5  -321
6  1
7  7.9
8  3

query IR
SELECT k, pow(max(d) OVER (PARTITION BY v), k::DECIMAL) FROM kv ORDER BY 1
----
1  7.9
3  512
5  -3408200705601
6  243087.455521
7  1920390.8986159
8  16777216

query IR
SELECT k, max(d) OVER (PARTITION BY v) FROM kv ORDER BY 1
----
1  7.9
3  8
5  -321
6  7.9
7  7.9
8  8

query IR
SELECT k, sum(d) OVER (PARTITION BY v ORDER BY w) FROM kv ORDER BY 1
----
1  13.3
3  11
5  -321
6  13.3
7  7.9
8  3

query IR
SELECT k, variance(d) OVER (PARTITION BY v ORDER BY w) FROM kv ORDER BY 1
----
1  11.903333333333333333
3  12.5
5  NULL
6  11.903333333333333333
7  NULL
8  NULL

query IR
SELECT k, stddev(d) OVER (PARTITION BY v ORDER BY w) FROM kv ORDER BY 1
----
1  3.4501207708330056852
3  3.5355339059327376220
5  NULL
6  3.4501207708330056852
7  NULL
8  NULL

query IR
SELECT k, stddev(d) OVER w FROM kv WINDOW w as (PARTITION BY v) ORDER BY variance(d) OVER w, k
----
5  NULL
1  3.4501207708330056852
6  3.4501207708330056852
7  3.4501207708330056852
3  3.5355339059327376220
8  3.5355339059327376220

query IRIR
SELECT * FROM (SELECT k, d, v, stddev(d) OVER (PARTITION BY v) FROM kv) sub ORDER BY variance(d) OVER (PARTITION BY v), k
----
5  -321  NULL  NULL
1  1     2     3.4501207708330056852
6  4.4   2     3.4501207708330056852
7  7.9   2     3.4501207708330056852
3  8     4     3.5355339059327376220
8  3     4     3.5355339059327376220

query IR
SELECT k, max(stddev) OVER (ORDER BY d) FROM (SELECT k, d, stddev(d) OVER (PARTITION BY v) as stddev FROM kv) sub ORDER BY 2, k
----
5  NULL
1  3.4501207708330056852
3  3.5355339059327376220
6  3.5355339059327376220
7  3.5355339059327376220
8  3.5355339059327376220

query IR
SELECT k, max(stddev) OVER (ORDER BY d DESC) FROM (SELECT k, d, stddev(d) OVER (PARTITION BY v) as stddev FROM kv) sub ORDER BY 2, k
----
1  3.5355339059327376220
3  3.5355339059327376220
5  3.5355339059327376220
6  3.5355339059327376220
7  3.5355339059327376220
8  3.5355339059327376220

query IRIII
SELECT k, (rank() OVER wind + avg(w) OVER wind), w, (v + row_number() OVER wind), v FROM kv WINDOW wind AS (ORDER BY k) ORDER BY 1
----
1  4                      3  3     2
3  6                      5  6     4
5  7.3333333333333333333  5  NULL  NULL
6  8                      3  6     2
7  8.6                    2  7     2
8  9.3333333333333333333  2  10    4

query TIRRI
SELECT s, w + k, (sum(w) OVER wind + avg(d) OVER wind), (min(w) OVER wind + d), v FROM kv WINDOW wind AS (ORDER BY w, k) ORDER BY k
----
a     4   10.9666666666666666667  3     2
a     8   19.86                   10    4
NULL  10  -29.45                  -319  NULL
b     9   14.075                  6.4   2
b     9   9.9                     9.9   2
A     10  9.45                    5     4

query IIII
SELECT k, v + w, round(rank() OVER wind + lead(k, 3, v) OVER wind + lag(w, 1, 2) OVER wind + f::DECIMAL + avg(d) OVER wind)::INT, round(row_number() OVER wind::FLOAT + round(f) + dense_rank() OVER wind::FLOAT)::INT FROM kv WINDOW wind as (PARTITION BY v ORDER BY k) ORDER BY k
----
1  5     7     3
3  9     17    4
5  NULL  NULL  12
6  5     14    8
7  4     18    12
8  6     20    7

query II
SELECT (rank() OVER wind + lead(k, 3, v) OVER wind + lag(w, 1, 2) OVER wind), (row_number() OVER wind + dense_rank() OVER wind) FROM kv WINDOW wind as (PARTITION BY v ORDER BY k) ORDER BY k
----
5     2
7     2
NULL  2
7     4
8     6
11    4

query RIR
SELECT (round(avg(k) OVER w1 + sum(w) OVER w2) + row_number() OVER w2 + d + min(d) OVER w3 + f::DECIMAL) AS big_sum, v + w AS v_plus_w, (rank() OVER w3 + first_value(d) OVER w1 + nth_value(k, 2) OVER w1) AS small_sum FROM kv WINDOW w1 AS (PARTITION BY b ORDER BY k), w2 AS (PARTITION BY w ORDER BY k), w3 AS (PARTITION BY v ORDER BY k) ORDER BY k
----
8       5     NULL
26      9     5
-615.1  NULL  NULL
20.8    5     6
21.9    4     7
22      6     -311

query RI
SELECT round(row_number() OVER w1 + lead(k, v, w) OVER w2 + avg(k) OVER w1), (lag(k, 1) OVER w1 + v + rank() OVER w2 + min(k) OVER w1) FROM kv WINDOW w1 AS (PARTITION BY w ORDER BY k), w2 AS (PARTITION BY b ORDER BY k) ORDER BY k
----
8     NULL
9     NULL
NULL  NULL
9     7
10    NULL
12    20

statement OK
INSERT INTO kv VALUES
(9, 2, 9, .1, DEFAULT, DEFAULT, DEFAULT),
(10, 4, 9, .2, DEFAULT, DEFAULT, DEFAULT),
(11, NULL, 9, .3, DEFAULT, DEFAULT, DEFAULT)

query II
SELECT k, row_number() OVER (ORDER BY k) FROM kv ORDER BY 1
----
1   1
3   2
5   3
6   4
7   5
8   6
9   7
10  8
11  9

query III
SELECT k, v, row_number() OVER (PARTITION BY v ORDER BY k) FROM kv ORDER BY 1
----
1   2     1
3   4     1
5   NULL  1
6   2     2
7   2     3
8   4     2
9   2     4
10  4     3
11  NULL  2

query IIII
SELECT k, v, w, row_number() OVER (PARTITION BY v ORDER BY w, k) FROM kv ORDER BY 1
----
1   2     3  2
3   4     5  2
5   NULL  5  1
6   2     3  3
7   2     2  1
8   4     2  1
9   2     9  4
10  4     9  3
11  NULL  9  2

query IIII
SELECT k, v, w, v - w + 2 + row_number() OVER (PARTITION BY v ORDER BY w, k) FROM kv ORDER BY 1
----
1   2     3  3
3   4     5  3
5   NULL  5  NULL
6   2     3  4
7   2     2  3
8   4     2  5
9   2     9  -1
10  4     9  0
11  NULL  9  NULL

query II
SELECT k, row_number() OVER (PARTITION BY k) FROM kv ORDER BY 1
----
1   1
3   1
5   1
6   1
7   1
8   1
9   1
10  1
11  1

query IIII
SELECT k, v, w, v - w + 2 + row_number() OVER (PARTITION BY v, k ORDER BY w) FROM kv ORDER BY 1
----
1   2     3  2
3   4     5  2
5   NULL  5  NULL
6   2     3  2
7   2     2  3
8   4     2  5
9   2     9  -4
10  4     9  -2
11  NULL  9  NULL

query RIII
SELECT avg(k), max(v), min(w), 2 + row_number() OVER () FROM kv ORDER BY 1
----
6.6666666666666666667  4  2  3

query II
SELECT k, rank() OVER () FROM kv ORDER BY 1
----
1   1
3   1
5   1
6   1
7   1
8   1
9   1
10  1
11  1

query III
SELECT k, v, rank() OVER (PARTITION BY v) FROM kv ORDER BY 1
----
1   2     1
3   4     1
5   NULL  1
6   2     1
7   2     1
8   4     1
9   2     1
10  4     1
11  NULL  1

query IIII
SELECT k, v, w, rank() OVER (PARTITION BY v ORDER BY w) FROM kv ORDER BY 1
----
1   2     3  2
3   4     5  2
5   NULL  5  1
6   2     3  2
7   2     2  1
8   4     2  1
9   2     9  4
10  4     9  3
11  NULL  9  2

query IRI
SELECT k, (rank() OVER w + avg(w) OVER w), k FROM kv WINDOW w AS (PARTITION BY v ORDER BY w) ORDER BY 1
----
1   4.6666666666666666667  1
3   5.5                    3
5   6                      5
6   4.6666666666666666667  6
7   3                      7
8   3                      8
9   8.25                   9
10  8.3333333333333333333  10
11  9                      11

query IRI
SELECT k, (avg(w) OVER w + rank() OVER w), k FROM kv WINDOW w AS (PARTITION BY v ORDER BY w) ORDER BY 1
----
1   4.6666666666666666667  1
3   5.5                    3
5   6                      5
6   4.6666666666666666667  6
7   3                      7
8   3                      8
9   8.25                   9
10  8.3333333333333333333  10
11  9                      11

query II
SELECT k, dense_rank() OVER () FROM kv ORDER BY 1
----
1   1
3   1
5   1
6   1
7   1
8   1
9   1
10  1
11  1

query III
SELECT k, v, dense_rank() OVER (PARTITION BY v) FROM kv ORDER BY 1
----
1   2     1
3   4     1
5   NULL  1
6   2     1
7   2     1
8   4     1
9   2     1
10  4     1
11  NULL  1

query IIII
SELECT k, v, w, dense_rank() OVER (PARTITION BY v ORDER BY w) FROM kv ORDER BY 1
----
1   2     3  2
3   4     5  2
5   NULL  5  1
6   2     3  2
7   2     2  1
8   4     2  1
9   2     9  3
10  4     9  3
11  NULL  9  2

query IR
SELECT k, percent_rank() OVER () FROM kv ORDER BY 1
----
1   0
3   0
5   0
6   0
7   0
8   0
9   0
10  0
11  0

query IIR
SELECT k, v, percent_rank() OVER (PARTITION BY v) FROM kv ORDER BY 1
----
1   2     0
3   4     0
5   NULL  0
6   2     0
7   2     0
8   4     0
9   2     0
10  4     0
11  NULL  0

query IIIR
SELECT k, v, w, percent_rank() OVER (PARTITION BY v ORDER BY w) FROM kv ORDER BY 1
----
1   2     3  0.3333333333333333
3   4     5  0.5
5   NULL  5  0
6   2     3  0.3333333333333333
7   2     2  0
8   4     2  0
9   2     9  1
10  4     9  1
11  NULL  9  1

query IR
SELECT k, cume_dist() OVER () FROM kv ORDER BY 1
----
1   1
3   1
5   1
6   1
7   1
8   1
9   1
10  1
11  1

query IIR
SELECT k, v, cume_dist() OVER (PARTITION BY v) FROM kv ORDER BY 1
----
1   2     1
3   4     1
5   NULL  1
6   2     1
7   2     1
8   4     1
9   2     1
10  4     1
11  NULL  1

query IIIR
SELECT k, v, w, cume_dist() OVER (PARTITION BY v ORDER BY w) FROM kv ORDER BY 1
----
1   2     3  0.75
3   4     5  0.6666666666666666
5   NULL  5  0.5
6   2     3  0.75
7   2     2  0.25
8   4     2  0.3333333333333333
9   2     9  1
10  4     9  1
11  NULL  9  1

query error argument of ntile\(\) must be greater than zero
SELECT k, ntile(-10) OVER () FROM kv ORDER BY 1

query error argument of ntile\(\) must be greater than zero
SELECT k, ntile(0) OVER () FROM kv ORDER BY 1

query II
SELECT k, ntile(NULL::INT) OVER () FROM kv ORDER BY 1
----
1   NULL
3   NULL
5   NULL
6   NULL
7   NULL
8   NULL
9   NULL
10  NULL
11  NULL

query II
SELECT k, ntile(1) OVER () FROM kv ORDER BY 1
----
1   1
3   1
5   1
6   1
7   1
8   1
9   1
10  1
11  1

query II
SELECT k, ntile(4) OVER (ORDER BY k) FROM kv ORDER BY 1
----
1   1
3   1
5   1
6   2
7   2
8   3
9   3
10  4
11  4

query II
SELECT k, ntile(20) OVER (ORDER BY k) FROM kv ORDER BY 1
----
1   1
3   2
5   3
6   4
7   5
8   6
9   7
10  8
11  9

# The value of 'w' in the first row will be 3.
query II
SELECT k, ntile(w) OVER (ORDER BY k) FROM kv ORDER BY 1
----
1   1
3   1
5   1
6   2
7   2
8   2
9   3
10  3
11  3

query III
SELECT k, v, ntile(3) OVER (PARTITION BY v ORDER BY k) FROM kv ORDER BY 1
----
1   2     1
3   4     1
5   NULL  1
6   2     1
7   2     2
8   4     2
9   2     3
10  4     3
11  NULL  2

query IIII
SELECT k, v, w, ntile(6) OVER (PARTITION BY v ORDER BY w, k) FROM kv ORDER BY 1
----
1   2     3  2
3   4     5  2
5   NULL  5  1
6   2     3  3
7   2     2  1
8   4     2  1
9   2     9  4
10  4     9  3
11  NULL  9  2

query II
SELECT k, ntile(w) OVER (PARTITION BY k) FROM kv ORDER BY 1
----
1   1
3   1
5   1
6   1
7   1
8   1
9   1
10  1
11  1

query III
SELECT k, v, ntile(3) OVER (PARTITION BY v, k) FROM kv ORDER BY 1
----
1   2     1
3   4     1
5   NULL  1
6   2     1
7   2     1
8   4     1
9   2     1
10  4     1
11  NULL  1

query IIII
SELECT k, v, w, ntile(6) OVER (PARTITION BY v, k ORDER BY w) FROM kv ORDER BY 1
----
1   2     3  1
3   4     5  1
5   NULL  5  1
6   2     3  1
7   2     2  1
8   4     2  1
9   2     9  1
10  4     9  1
11  NULL  9  1

query II
SELECT k, lag(9) OVER (ORDER BY k) FROM kv ORDER BY 1
----
1   NULL
3   9
5   9
6   9
7   9
8   9
9   9
10  9
11  9

query II
SELECT k, lead(9) OVER (ORDER BY k) FROM kv ORDER BY 1
----
1   9
3   9
5   9
6   9
7   9
8   9
9   9
10  9
11  NULL

query II
SELECT k, lag(k) OVER (ORDER BY k) FROM kv ORDER BY 1
----
1   NULL
3   1
5   3
6   5
7   6
8   7
9   8
10  9
11  10

query II
SELECT k, lag(k) OVER (PARTITION BY v ORDER BY w, k) FROM kv ORDER BY 1
----
1   7
3   8
5   NULL
6   1
7   NULL
8   NULL
9   6
10  3
11  5

query II
SELECT k, lead(k) OVER (ORDER BY k) FROM kv ORDER BY 1
----
1   3
3   5
5   6
6   7
7   8
8   9
9   10
10  11
11  NULL

query II
SELECT k, lead(k) OVER (PARTITION BY v ORDER BY w, k) FROM kv ORDER BY 1
----
1   6
3   10
5   11
6   9
7   1
8   3
9   NULL
10  NULL
11  NULL

query II
SELECT k, lag(k, 3) OVER (ORDER BY k) FROM kv ORDER BY 1
----
1   NULL
3   NULL
5   NULL
6   1
7   3
8   5
9   6
10  7
11  8

query II
SELECT k, lag(k, 3) OVER (PARTITION BY v ORDER BY w) FROM kv ORDER BY 1
----
1   NULL
3   NULL
5   NULL
6   NULL
7   NULL
8   NULL
9   7
10  NULL
11  NULL

query II
SELECT k, lead(k, 3) OVER (ORDER BY k) FROM kv ORDER BY 1
----
1   6
3   7
5   8
6   9
7   10
8   11
9   NULL
10  NULL
11  NULL

query II
SELECT k, lead(k, 3) OVER (PARTITION BY v ORDER BY w) FROM kv ORDER BY 1
----
1   NULL
3   NULL
5   NULL
6   NULL
7   9
8   NULL
9   NULL
10  NULL
11  NULL

query II
SELECT k, lag(k, -5) OVER (ORDER BY k) FROM kv ORDER BY 1
----
1   8
3   9
5   10
6   11
7   NULL
8   NULL
9   NULL
10  NULL
11  NULL

query II
SELECT k, lead(k, -5) OVER (ORDER BY k) FROM kv ORDER BY 1
----
1   NULL
3   NULL
5   NULL
6   NULL
7   NULL
8   1
9   3
10  5
11  6

query II
SELECT k, lag(k, 0) OVER () FROM kv ORDER BY 1
----
1   1
3   3
5   5
6   6
7   7
8   8
9   9
10  10
11  11

query II
SELECT k, lead(k, 0) OVER () FROM kv ORDER BY 1
----
1   1
3   3
5   5
6   6
7   7
8   8
9   9
10  10
11  11

query II
SELECT k, lag(k, NULL::INT) OVER () FROM kv ORDER BY 1
----
1   NULL
3   NULL
5   NULL
6   NULL
7   NULL
8   NULL
9   NULL
10  NULL
11  NULL

query II
SELECT k, lead(k, NULL::INT) OVER () FROM kv ORDER BY 1
----
1   NULL
3   NULL
5   NULL
6   NULL
7   NULL
8   NULL
9   NULL
10  NULL
11  NULL

query II
SELECT k, lag(k, w) OVER (ORDER BY k) FROM kv ORDER BY 1
----
1   NULL
3   NULL
5   NULL
6   1
7   5
8   6
9   NULL
10  NULL
11  NULL

query II
SELECT k, lag(k, w) OVER (PARTITION BY v ORDER BY w, k) FROM kv ORDER BY 1
----
1   NULL
3   NULL
5   NULL
6   NULL
7   NULL
8   NULL
9   NULL
10  NULL
11  NULL

query II
SELECT k, lead(k, w) OVER (ORDER BY k) FROM kv ORDER BY 1
----
1   6
3   9
5   10
6   9
7   9
8   10
9   NULL
10  NULL
11  NULL

query II
SELECT k, lead(k, w) OVER (PARTITION BY v ORDER BY w, k) FROM kv ORDER BY 1
----
1   NULL
3   NULL
5   NULL
6   NULL
7   6
8   10
9   NULL
10  NULL
11  NULL

query error could not parse "FOO" as type int
SELECT k, lag(k, 1, 'FOO') OVER () FROM kv ORDER BY 1

query error could not parse "FOO" as type int
SELECT k, lead(k, 1, 'FOO') OVER () FROM kv ORDER BY 1

query error unknown signature: lag\(int, int, string\)
SELECT k, lag(k, 1, s) OVER () FROM kv ORDER BY 1

query error unknown signature: lead\(int, int, string\)
SELECT k, lead(k, 1, s) OVER () FROM kv ORDER BY 1

query II
SELECT k, lag(k, 3, -99) OVER (ORDER BY k) FROM kv ORDER BY 1
----
1   -99
3   -99
5   -99
6   1
7   3
8   5
9   6
10  7
11  8

query II
SELECT k, lead(k, 3, -99) OVER (ORDER BY k) FROM kv ORDER BY 1
----
1   6
3   7
5   8
6   9
7   10
8   11
9   -99
10  -99
11  -99

query II
SELECT k, lag(k, 3, v) OVER (ORDER BY k) FROM kv ORDER BY 1
----
1   2
3   4
5   NULL
6   1
7   3
8   5
9   6
10  7
11  8

query II
SELECT k, lead(k, 3, v) OVER (ORDER BY k) FROM kv ORDER BY 1
----
1   6
3   7
5   8
6   9
7   10
8   11
9   2
10  4
11  NULL

query II
SELECT k, (lag(k, 5, w) OVER w + lead(k, 3, v) OVER w) FROM kv WINDOW w AS (ORDER BY k) ORDER BY 1
----
1   9
3   12
5   13
6   12
7   12
8   12
9   5
10  9
11  NULL

query II
SELECT k, lag(k) OVER (PARTITION BY k) FROM kv ORDER BY 1
----
1   NULL
3   NULL
5   NULL
6   NULL
7   NULL
8   NULL
9   NULL
10  NULL
11  NULL

query II
SELECT k, lead(k) OVER (PARTITION BY k) FROM kv ORDER BY 1
----
1   NULL
3   NULL
5   NULL
6   NULL
7   NULL
8   NULL
9   NULL
10  NULL
11  NULL

query II
SELECT k, lag(k, 0) OVER (PARTITION BY k) FROM kv ORDER BY 1
----
1   1
3   3
5   5
6   6
7   7
8   8
9   9
10  10
11  11

query II
SELECT k, lead(k, 0) OVER (PARTITION BY k) FROM kv ORDER BY 1
----
1   1
3   3
5   5
6   6
7   7
8   8
9   9
10  10
11  11

query II
SELECT k, lag(k, -5) OVER (PARTITION BY k) FROM kv ORDER BY 1
----
1   NULL
3   NULL
5   NULL
6   NULL
7   NULL
8   NULL
9   NULL
10  NULL
11  NULL

query II
SELECT k, lead(k, -5) OVER (PARTITION BY k) FROM kv ORDER BY 1
----
1   NULL
3   NULL
5   NULL
6   NULL
7   NULL
8   NULL
9   NULL
10  NULL
11  NULL

query II
SELECT k, lag(k, w - w) OVER (PARTITION BY k) FROM kv ORDER BY 1
----
1   1
3   3
5   5
6   6
7   7
8   8
9   9
10  10
11  11

query II
SELECT k, lead(k, w - w) OVER (PARTITION BY k) FROM kv ORDER BY 1
----
1   1
3   3
5   5
6   6
7   7
8   8
9   9
10  10
11  11

query II
SELECT k, lag(k, 3, -99) OVER (PARTITION BY k) FROM kv ORDER BY 1
----
1   -99
3   -99
5   -99
6   -99
7   -99
8   -99
9   -99
10  -99
11  -99

query II
SELECT k, lead(k, 3, -99) OVER (PARTITION BY k) FROM kv ORDER BY 1
----
1   -99
3   -99
5   -99
6   -99
7   -99
8   -99
9   -99
10  -99
11  -99

query II
SELECT k, lag(k, 3, v) OVER (PARTITION BY k) FROM kv ORDER BY 1
----
1   2
3   4
5   NULL
6   2
7   2
8   4
9   2
10  4
11  NULL

query II
SELECT k, lead(k, 3, v) OVER (PARTITION BY k) FROM kv ORDER BY 1
----
1   2
3   4
5   NULL
6   2
7   2
8   4
9   2
10  4
11  NULL

query II
SELECT k, first_value(NULL::INT) OVER () FROM kv ORDER BY 1
----
1   NULL
3   NULL
5   NULL
6   NULL
7   NULL
8   NULL
9   NULL
10  NULL
11  NULL

query II
SELECT k, first_value(1) OVER () FROM kv ORDER BY 1
----
1   1
3   1
5   1
6   1
7   1
8   1
9   1
10  1
11  1

query IR
SELECT k, first_value(199.9 * 23.3) OVER () FROM kv ORDER BY 1
----
1   4657.67
3   4657.67
5   4657.67
6   4657.67
7   4657.67
8   4657.67
9   4657.67
10  4657.67
11  4657.67

query II
SELECT k, first_value(v) OVER (ORDER BY k) FROM kv ORDER BY 1
----
1   2
3   2
5   2
6   2
7   2
8   2
9   2
10  2
11  2

query IIII
SELECT k, v, w, first_value(w) OVER (PARTITION BY v ORDER BY w) FROM kv ORDER BY 1
----
1   2     3  2
3   4     5  2
5   NULL  5  5
6   2     3  2
7   2     2  2
8   4     2  2
9   2     9  2
10  4     9  2
11  NULL  9  5

query IIII
SELECT k, v, w, first_value(w) OVER (PARTITION BY v ORDER BY w DESC) FROM kv ORDER BY 1
----
1   2     3  9
3   4     5  9
5   NULL  5  9
6   2     3  9
7   2     2  9
8   4     2  9
9   2     9  9
10  4     9  9
11  NULL  9  9

query II
SELECT k, first_value(v) OVER (PARTITION BY k) FROM kv ORDER BY 1
----
1   2
3   4
5   NULL
6   2
7   2
8   4
9   2
10  4
11  NULL

query II
SELECT k, last_value(NULL::INT) OVER () FROM kv ORDER BY 1
----
1   NULL
3   NULL
5   NULL
6   NULL
7   NULL
8   NULL
9   NULL
10  NULL
11  NULL

query II
SELECT k, last_value(1) OVER () FROM kv ORDER BY 1
----
1   1
3   1
5   1
6   1
7   1
8   1
9   1
10  1
11  1

query IR
SELECT k, last_value(199.9 * 23.3) OVER () FROM kv ORDER BY 1
----
1   4657.67
3   4657.67
5   4657.67
6   4657.67
7   4657.67
8   4657.67
9   4657.67
10  4657.67
11  4657.67

query II
SELECT k, last_value(v) OVER (ORDER BY k) FROM kv ORDER BY 1
----
1   2
3   4
5   NULL
6   2
7   2
8   4
9   2
10  4
11  NULL

query IIII
SELECT k, v, w, last_value(w) OVER (PARTITION BY v ORDER BY w) FROM kv ORDER BY 1
----
1   2     3  3
3   4     5  5
5   NULL  5  5
6   2     3  3
7   2     2  2
8   4     2  2
9   2     9  9
10  4     9  9
11  NULL  9  9

query IIII
SELECT k, v, w, last_value(w) OVER (PARTITION BY v ORDER BY w DESC) FROM kv ORDER BY 1
----
1   2     3  3
3   4     5  5
5   NULL  5  5
6   2     3  3
7   2     2  2
8   4     2  2
9   2     9  9
10  4     9  9
11  NULL  9  9

query II
SELECT k, last_value(v) OVER (PARTITION BY k) FROM kv ORDER BY 1
----
1   2
3   4
5   NULL
6   2
7   2
8   4
9   2
10  4
11  NULL

query error could not parse "FOO" as type int
SELECT k, nth_value(v, 'FOO') OVER () FROM kv ORDER BY 1

query error argument of nth_value\(\) must be greater than zero
SELECT k, nth_value(v, -99) OVER () FROM kv ORDER BY 1

query error argument of nth_value\(\) must be greater than zero
SELECT k, nth_value(v, 0) OVER () FROM kv ORDER BY 1

query II
SELECT k, nth_value(NULL::INT, 5) OVER () FROM kv ORDER BY 1
----
1   NULL
3   NULL
5   NULL
6   NULL
7   NULL
8   NULL
9   NULL
10  NULL
11  NULL

query II
SELECT k, nth_value(1, 3) OVER () FROM kv ORDER BY 1
----
1   1
3   1
5   1
6   1
7   1
8   1
9   1
10  1
11  1

query II
SELECT k, nth_value(1, 33) OVER () FROM kv ORDER BY 1
----
1   NULL
3   NULL
5   NULL
6   NULL
7   NULL
8   NULL
9   NULL
10  NULL
11  NULL

query IR
SELECT k, nth_value(199.9 * 23.3, 7) OVER () FROM kv ORDER BY 1
----
1   4657.67
3   4657.67
5   4657.67
6   4657.67
7   4657.67
8   4657.67
9   4657.67
10  4657.67
11  4657.67

query II
SELECT k, nth_value(v, 8) OVER (ORDER BY k) FROM kv ORDER BY 1
----
1  NULL
3  NULL
5  NULL
6  NULL
7  NULL
8  NULL
9  NULL
10 4
11 4

query IIII
SELECT k, v, w, nth_value(w, 2) OVER (PARTITION BY v ORDER BY w) FROM kv ORDER BY 1
----
1   2     3  3
3   4     5  5
5   NULL  5  NULL
6   2     3  3
7   2     2  NULL
8   4     2  NULL
9   2     9  3
10  4     9  5
11  NULL  9  9

query IIII
SELECT k, v, w, nth_value(w, 2) OVER (PARTITION BY v ORDER BY w DESC) FROM kv ORDER BY 1
----
1   2     3  3
3   4     5  5
5   NULL  5  5
6   2     3  3
7   2     2  3
8   4     2  5
9   2     9  NULL
10  4     9  NULL
11  NULL  9  NULL

query II
SELECT k, nth_value(v, k) OVER (ORDER BY k) FROM kv ORDER BY 1
----
1   2
3   NULL
5   NULL
6   NULL
7   NULL
8   NULL
9   NULL
10  NULL
11  NULL

query II
SELECT k, nth_value(v, v) OVER (ORDER BY k) FROM kv ORDER BY 1
----
1   NULL
3   NULL
5   NULL
6   4
7   4
8   2
9   4
10  2
11  NULL

query II
SELECT k, nth_value(v, 1) OVER (PARTITION BY k) FROM kv ORDER BY 1
----
1   2
3   4
5   NULL
6   2
7   2
8   4
9   2
10  4
11  NULL

query II
SELECT k, nth_value(v, v) OVER (PARTITION BY k) FROM kv ORDER BY 1
----
1   NULL
3   NULL
5   NULL
6   NULL
7   NULL
8   NULL
9   NULL
10  NULL
11  NULL


statement ok
INSERT INTO kv VALUES (12, -1, DEFAULT, DEFAULT, DEFAULT, DEFAULT)

query error argument of nth_value\(\) must be greater than zero
SELECT k, nth_value(v, v) OVER () FROM kv ORDER BY 1

statement ok
DELETE FROM kv WHERE k = 12

query error FILTER within a window function call is not yet supported
SELECT k, rank() FILTER (WHERE k=1) OVER () FROM kv

# Issue #14606: correctly handle aggregation functions above the windowing level
query I
SELECT max(i) * (row_number() OVER (ORDER BY max(i))) FROM (SELECT 1 AS i, 2 AS j) GROUP BY j
----
1

query R
SELECT (1/j) * max(i) * (row_number() OVER (ORDER BY max(i))) FROM (SELECT 1 AS i, 2 AS j) GROUP BY j
----
0.5

query R
SELECT max(i) * (1/j) * (row_number() OVER (ORDER BY max(i))) FROM (SELECT 1 AS i, 2 AS j) GROUP BY j
----
0.5

# regression test for #23798 until #10495 is fixed.
statement error function reserved for internal use
SELECT final_variance(1.2, 1.2, 123) OVER (PARTITION BY k) FROM kv


statement ok
CREATE TABLE products (
  group_id serial PRIMARY KEY,
  group_name VARCHAR (255) NOT NULL,
  product_name VARCHAR (255) NOT NULL,
  price DECIMAL (11, 2),
  priceInt INT,
  priceFloat FLOAT
)

statement ok
INSERT INTO products (group_name, product_name, price, priceInt, priceFloat) VALUES
('Smartphone', 'Microsoft Lumia', 200, 200, 200),
('Smartphone', 'HTC One', 400, 400, 400),
('Smartphone', 'Nexus', 500, 500, 500),
('Smartphone', 'iPhone', 900, 900, 900),
('Laptop', 'HP Elite', 1200, 1200, 1200),
('Laptop', 'Lenovo Thinkpad', 700, 700, 700),
('Laptop', 'Sony VAIO', 700, 700, 700),
('Laptop', 'Dell', 800, 800, 800),
('Tablet', 'iPad', 700, 700, 700),
('Tablet', 'Kindle Fire', 150, 150, 150),
('Tablet', 'Samsung', 200, 200, 200)

statement error cannot copy window "w" because it has a frame clause
SELECT price, max(price) OVER (w ORDER BY price) AS max_price FROM products WINDOW w AS (PARTITION BY price ROWS UNBOUNDED PRECEDING)

statement error frame starting offset must not be negative
SELECT price, avg(price) OVER (PARTITION BY price ROWS -1 PRECEDING) AS avg_price FROM products

statement error frame ending offset must not be negative
SELECT price, avg(price) OVER (PARTITION BY price ROWS BETWEEN 1 FOLLOWING AND -1 FOLLOWING) AS avg_price FROM products

statement error frame ending offset must not be negative
SELECT product_name, price, min(price) OVER (PARTITION BY group_name ROWS BETWEEN 1 PRECEDING AND 1 FOLLOWING) AS min_over_three, max(price) OVER (PARTITION BY group_name ROWS BETWEEN UNBOUNDED PRECEDING AND -1 FOLLOWING) AS max_over_partition FROM products ORDER BY group_id

statement error incompatible window frame start type: decimal
SELECT avg(price) OVER (PARTITION BY group_name ROWS 1.5 PRECEDING) AS avg_price FROM products

statement error incompatible window frame start type: decimal
SELECT avg(price) OVER (PARTITION BY group_name ROWS BETWEEN 1.5 PRECEDING AND UNBOUNDED FOLLOWING) AS avg_price FROM products

statement error incompatible window frame end type: decimal
SELECT avg(price) OVER (PARTITION BY group_name ROWS BETWEEN UNBOUNDED PRECEDING AND 1.5 FOLLOWING) AS avg_price FROM products

query TRT
SELECT product_name, price, first_value(product_name) OVER w AS first FROM products WHERE price = 200 OR price = 700 WINDOW w as (PARTITION BY price ORDER BY product_name RANGE BETWEEN UNBOUNDED PRECEDING AND UNBOUNDED FOLLOWING) ORDER BY price, product_name
----
Microsoft Lumia  200.00  Microsoft Lumia
Samsung          200.00  Microsoft Lumia
Lenovo Thinkpad  700.00  Lenovo Thinkpad
Sony VAIO        700.00  Lenovo Thinkpad
iPad             700.00  Lenovo Thinkpad

query TRT
SELECT product_name, price, last_value(product_name) OVER w AS last FROM products WHERE price = 200 OR price = 700 WINDOW w as (PARTITION BY price ORDER BY product_name RANGE BETWEEN UNBOUNDED PRECEDING AND UNBOUNDED FOLLOWING) ORDER BY price, product_name
----
Microsoft Lumia  200.00  Samsung
Samsung          200.00  Samsung
Lenovo Thinkpad  700.00  iPad
Sony VAIO        700.00  iPad
iPad             700.00  iPad

query TRT
SELECT product_name, price, nth_value(product_name, 2) OVER w AS second FROM products WHERE price = 200 OR price = 700 WINDOW w as (PARTITION BY price ORDER BY product_name RANGE BETWEEN CURRENT ROW AND UNBOUNDED FOLLOWING) ORDER BY price, product_name
----
Microsoft Lumia  200.00  Samsung
Samsung          200.00  NULL
Lenovo Thinkpad  700.00  Sony VAIO
Sony VAIO        700.00  iPad
iPad             700.00  NULL

query TTRR
SELECT product_name, group_name, price, avg(price) OVER (PARTITION BY group_name ORDER BY price, product_name ROWS BETWEEN 1 PRECEDING AND 1 FOLLOWING) AS avg_of_three FROM products ORDER BY group_name, price, product_name
----
Lenovo Thinkpad  Laptop       700.00                 700.00
Sony VAIO        Laptop       700.00  733.33333333333333333
Dell             Laptop       800.00                 900.00
HP Elite         Laptop      1200.00                1000.00
Microsoft Lumia  Smartphone   200.00                 300.00
HTC One          Smartphone   400.00  366.66666666666666667
Nexus            Smartphone   500.00                 600.00
iPhone           Smartphone   900.00                 700.00
Kindle Fire      Tablet       150.00                 175.00
Samsung          Tablet       200.00                 350.00
iPad             Tablet       700.00                 450.00

query TTRR
SELECT product_name, group_name, price, avg(priceFloat) OVER (PARTITION BY group_name ORDER BY price, product_name ROWS BETWEEN 1 PRECEDING AND 1 FOLLOWING) AS avg_of_three_floats FROM products ORDER BY group_name, price, product_name
----
Lenovo Thinkpad  Laptop      700.00   700
Sony VAIO        Laptop      700.00   733.3333333333334
Dell             Laptop      800.00   900
HP Elite         Laptop      1200.00  1000
Microsoft Lumia  Smartphone  200.00   300
HTC One          Smartphone  400.00   366.6666666666667
Nexus            Smartphone  500.00   600
iPhone           Smartphone  900.00   700
Kindle Fire      Tablet      150.00   175
Samsung          Tablet      200.00   350
iPad             Tablet      700.00   450

query TTRR
SELECT product_name, group_name, price, avg(priceInt) OVER (PARTITION BY group_name ORDER BY price, product_name ROWS BETWEEN 1 PRECEDING AND 1 FOLLOWING) AS avg_of_three_ints FROM products ORDER BY group_name, price, product_name
----
Lenovo Thinkpad  Laptop      700.00   700
Sony VAIO        Laptop      700.00   733.33333333333333333
Dell             Laptop      800.00   900
HP Elite         Laptop      1200.00  1000
Microsoft Lumia  Smartphone  200.00   300
HTC One          Smartphone  400.00   366.66666666666666667
Nexus            Smartphone  500.00   600
iPhone           Smartphone  900.00   700
Kindle Fire      Tablet      150.00   175
Samsung          Tablet      200.00   350
iPad             Tablet      700.00   450

query TTRR
SELECT group_name, product_name, price, avg(price) OVER (PARTITION BY group_name ROWS (SELECT count(*) FROM PRODUCTS WHERE price = 200) PRECEDING) AS running_avg_of_three FROM products ORDER BY group_id
----
Smartphone  Microsoft Lumia  200.00   200.00
Smartphone  HTC One          400.00   300.00
Smartphone  Nexus            500.00   366.66666666666666667
Smartphone  iPhone           900.00   600.00
Laptop      HP Elite         1200.00  1200.00
Laptop      Lenovo Thinkpad  700.00   950.00
Laptop      Sony VAIO        700.00   866.66666666666666667
Laptop      Dell             800.00   733.33333333333333333
Tablet      iPad             700.00   700.00
Tablet      Kindle Fire      150.00   425.00
Tablet      Samsung          200.00   350.00

query TTRR
SELECT group_name, product_name, price, sum(price) OVER (PARTITION BY group_name ORDER BY group_id ROWS 2 PRECEDING) AS running_sum FROM products ORDER BY group_id
----
Smartphone  Microsoft Lumia  200.00   200.00
Smartphone  HTC One          400.00   600.00
Smartphone  Nexus            500.00   1100.00
Smartphone  iPhone           900.00   1800.00
Laptop      HP Elite         1200.00  1200.00
Laptop      Lenovo Thinkpad  700.00   1900.00
Laptop      Sony VAIO        700.00   2600.00
Laptop      Dell             800.00   2200.00
Tablet      iPad             700.00   700.00
Tablet      Kindle Fire      150.00   850.00
Tablet      Samsung          200.00   1050.00

query TTRT
SELECT group_name, product_name, price, array_agg(price) OVER (PARTITION BY group_name ORDER BY group_id ROWS BETWEEN 1 PRECEDING AND 2 FOLLOWING) AS array_agg_price FROM products ORDER BY group_id
----
Smartphone  Microsoft Lumia  200.00   {200.00,400.00,500.00}
Smartphone  HTC One          400.00   {200.00,400.00,500.00,900.00}
Smartphone  Nexus            500.00   {400.00,500.00,900.00}
Smartphone  iPhone           900.00   {500.00,900.00}
Laptop      HP Elite         1200.00  {1200.00,700.00,700.00}
Laptop      Lenovo Thinkpad  700.00   {1200.00,700.00,700.00,800.00}
Laptop      Sony VAIO        700.00   {700.00,700.00,800.00}
Laptop      Dell             800.00   {700.00,800.00}
Tablet      iPad             700.00   {700.00,150.00,200.00}
Tablet      Kindle Fire      150.00   {700.00,150.00,200.00}
Tablet      Samsung          200.00   {150.00,200.00}

query TTRR
SELECT group_name, product_name, price, avg(price) OVER (PARTITION BY group_name RANGE UNBOUNDED PRECEDING) AS avg_price FROM products ORDER BY group_id
----
Smartphone  Microsoft Lumia  200.00   500.00
Smartphone  HTC One          400.00   500.00
Smartphone  Nexus            500.00   500.00
Smartphone  iPhone           900.00   500.00
Laptop      HP Elite         1200.00  850.00
Laptop      Lenovo Thinkpad  700.00   850.00
Laptop      Sony VAIO        700.00   850.00
Laptop      Dell             800.00   850.00
Tablet      iPad             700.00   350.00
Tablet      Kindle Fire      150.00   350.00
Tablet      Samsung          200.00   350.00

query TTRT
SELECT group_name, product_name, price, min(price) OVER (PARTITION BY group_name ROWS BETWEEN 1 PRECEDING AND 2 PRECEDING) AS min_over_empty_frame FROM products ORDER BY group_id
----
Smartphone  Microsoft Lumia   200.00  NULL
Smartphone  HTC One           400.00  NULL
Smartphone  Nexus             500.00  NULL
Smartphone  iPhone            900.00  NULL
Laptop      HP Elite         1200.00  NULL
Laptop      Lenovo Thinkpad   700.00  NULL
Laptop      Sony VAIO         700.00  NULL
Laptop      Dell              800.00  NULL
Tablet      iPad              700.00  NULL
Tablet      Kindle Fire       150.00  NULL
Tablet      Samsung           200.00  NULL

query TRRR
SELECT product_name, price, min(price) OVER (PARTITION BY group_name ORDER BY group_id ROWS BETWEEN 1 PRECEDING AND 1 FOLLOWING) AS min_over_three, max(price) OVER (PARTITION BY group_name ROWS BETWEEN UNBOUNDED PRECEDING AND UNBOUNDED FOLLOWING) AS max_over_partition FROM products ORDER BY group_id
----
Microsoft Lumia  200.00   200.00  900.00
HTC One          400.00   200.00  900.00
Nexus            500.00   400.00  900.00
iPhone           900.00   500.00  900.00
HP Elite         1200.00  700.00  1200.00
Lenovo Thinkpad  700.00   700.00  1200.00
Sony VAIO        700.00   700.00  1200.00
Dell             800.00   700.00  1200.00
iPad             700.00   150.00  700.00
Kindle Fire      150.00   150.00  700.00
Samsung          200.00   150.00  700.00

query TTRT
SELECT group_name, product_name, price, min(price) OVER (PARTITION BY group_name ROWS CURRENT ROW) AS min_over_single_row FROM products ORDER BY group_id
----
Smartphone  Microsoft Lumia   200.00               200.00
Smartphone  HTC One           400.00               400.00
Smartphone  Nexus             500.00               500.00
Smartphone  iPhone            900.00               900.00
Laptop      HP Elite         1200.00              1200.00
Laptop      Lenovo Thinkpad   700.00               700.00
Laptop      Sony VAIO         700.00               700.00
Laptop      Dell              800.00               800.00
Tablet      iPad              700.00               700.00
Tablet      Kindle Fire       150.00               150.00
Tablet      Samsung           200.00               200.00

query TTRR
SELECT group_name, product_name, price, avg(price) OVER (PARTITION BY group_name ORDER BY group_id ROWS BETWEEN 1 FOLLOWING AND UNBOUNDED FOLLOWING) AS running_avg FROM products ORDER BY group_id
----
Smartphone  Microsoft Lumia   200.00  600.00
Smartphone  HTC One           400.00  700.00
Smartphone  Nexus             500.00  900.00
Smartphone  iPhone            900.00  NULL
Laptop      HP Elite         1200.00  733.33333333333333333
Laptop      Lenovo Thinkpad   700.00  750.00
Laptop      Sony VAIO         700.00  800.00
Laptop      Dell              800.00  NULL
Tablet      iPad              700.00  175.00
Tablet      Kindle Fire       150.00  200.00
Tablet      Samsung           200.00  NULL

query TRRRRR
SELECT product_name, price, min(price) OVER (PARTITION BY group_name ORDER BY group_id ROWS UNBOUNDED PRECEDING), max(price) OVER (PARTITION BY group_name ORDER BY group_id ROWS BETWEEN UNBOUNDED PRECEDING AND 1 FOLLOWING), sum(price) OVER (PARTITION BY group_name ORDER BY group_id ROWS BETWEEN 1 PRECEDING AND UNBOUNDED FOLLOWING), avg(price) OVER (PARTITION BY group_name ROWS CURRENT ROW) FROM products ORDER BY group_id
----
Microsoft Lumia  200.00   200.00   400.00   2000.00  200.00
HTC One          400.00   200.00   500.00   2000.00  400.00
Nexus            500.00   200.00   900.00   1800.00  500.00
iPhone           900.00   200.00   900.00   1400.00  900.00
HP Elite         1200.00  1200.00  1200.00  3400.00  1200.00
Lenovo Thinkpad  700.00   700.00   1200.00  3400.00  700.00
Sony VAIO        700.00   700.00   1200.00  2200.00  700.00
Dell             800.00   700.00   1200.00  1500.00  800.00
iPad             700.00   700.00   700.00   1050.00  700.00
Kindle Fire      150.00   150.00   700.00   1050.00  150.00
Samsung          200.00   150.00   700.00   350.00   200.00
