# LogicTest: !local-mixed-23.1

statement ok
CREATE TABLE t (
  k INT PRIMARY KEY,
  i INT,
  s STRING
)

statement ok
CREATE PROCEDURE my_upsert(arg_k INT, new_i INT, new_s STRING) AS $$
  DECLARE
    c INT;
  BEGIN
    SELECT count(*) INTO c FROM t WHERE k = arg_k;
    IF c > 0 THEN
      UPDATE t SET i = new_i, s = new_s WHERE k = arg_k;
    ELSE
      INSERT INTO t VALUES (arg_k, new_i, new_s);
    END IF;
  END
$$ LANGUAGE PLpgSQL

statement ok
CALL my_upsert(1, 10, 'foo')

statement ok
CALL my_upsert(2, 20, 'bar')

query IIT rowsort
SELECT * FROM t
----
1  10  foo
2  20  bar

statement ok
CALL my_upsert(1, 100, 'baz')

query IIT rowsort
SELECT * FROM t
----
1  100  baz
2  20   bar

subtest composite_into

# Regression test for #114683 - if the target of a SELECT INTO statement is a
# single composite-typed variable, the columns will be wrapped with a tuple,
# which will be assigned to the variable.
statement ok
CREATE TABLE t114683 (x INT, y INT);
INSERT INTO t114683 (SELECT t, t%6 FROM generate_series(1, 13) g(t));

statement ok
CREATE OR REPLACE PROCEDURE get_rows(n INT) LANGUAGE PLpgSQL AS $$
  DECLARE
    v t114683;
    count INT;
    i INT := 0;
  BEGIN
    count := (SELECT count(*) FROM t114683);
    WHILE i < count LOOP
      IF n = 0 THEN
        SELECT x, y INTO v FROM t114683 ORDER BY y, x OFFSET i;
      ELSIF n = 1 THEN
        SELECT ROW(x, y) INTO v FROM t114683 ORDER BY y, x OFFSET i;
      ELSIF n = 2 THEN
        SELECT ROW(x, y) INTO v FROM t114683 ORDER BY y, x OFFSET i;
        RAISE NOTICE 'v: %', v::TEXT::t114683;
      ELSIF n = 3 THEN
        SELECT x, y, x+y INTO v FROM t114683 ORDER BY y, x OFFSET i;
      ELSE
        SELECT x INTO v FROM t114683 ORDER BY y, x OFFSET i;
      END IF;
      RAISE NOTICE 'v: %', v;
      i := i + 1;
    END LOOP;
  END
$$;

query T noticetrace
CALL get_rows(0);
----
NOTICE: v: (6,0)
NOTICE: v: (12,0)
NOTICE: v: (1,1)
NOTICE: v: (7,1)
NOTICE: v: (13,1)
NOTICE: v: (2,2)
NOTICE: v: (8,2)
NOTICE: v: (3,3)
NOTICE: v: (9,3)
NOTICE: v: (4,4)
NOTICE: v: (10,4)
NOTICE: v: (5,5)
NOTICE: v: (11,5)

statement error pgcode 22P02 could not parse
CALL get_rows(1);

# Casting to text and then to "t114683" shows the error that should occur in
# the previous test case.
statement error pgcode 22P02 could not parse
CALL get_rows(2);

# The number of columns exceeds the length of the INTO variable.
query T noticetrace
CALL get_rows(3);
----
NOTICE: v: (6,0)
NOTICE: v: (12,0)
NOTICE: v: (1,1)
NOTICE: v: (7,1)
NOTICE: v: (13,1)
NOTICE: v: (2,2)
NOTICE: v: (8,2)
NOTICE: v: (3,3)
NOTICE: v: (9,3)
NOTICE: v: (4,4)
NOTICE: v: (10,4)
NOTICE: v: (5,5)
NOTICE: v: (11,5)

# The number of columns is less than the length of the INTO variable.
query T noticetrace
CALL get_rows(4);
----
NOTICE: v: (6,)
NOTICE: v: (12,)
NOTICE: v: (1,)
NOTICE: v: (7,)
NOTICE: v: (13,)
NOTICE: v: (2,)
NOTICE: v: (8,)
NOTICE: v: (3,)
NOTICE: v: (9,)
NOTICE: v: (4,)
NOTICE: v: (10,)
NOTICE: v: (5,)
NOTICE: v: (11,)

# The target of a FETCH statement has the same behavior as above.
statement ok
CREATE OR REPLACE PROCEDURE get_rows(n INT) LANGUAGE PLpgSQL AS $$
  DECLARE
    curs REFCURSOR;
    v t114683;
  BEGIN
    IF n = 0 THEN
      OPEN curs FOR SELECT 1, 2;
    ELSIF n = 1 THEN
      OPEN curs FOR SELECT ROW(1, 2);
    ELSIF n = 2 THEN
      OPEN curs FOR SELECT 1, 2, 3;
    ELSE
      OPEN curs FOR SELECT 1;
    END IF;
    FETCH curs INTO v;
    RAISE NOTICE '%', v;
  END
$$;

query T noticetrace
CALL get_rows(0);
----
NOTICE: (1,2)

statement error pgcode 42846 invalid cast
CALL get_rows(1);

query T noticetrace
CALL get_rows(2);
----
NOTICE: (1,2)

query T noticetrace
CALL get_rows(3);
----
NOTICE: (1,)

# Regression test for #120439 - maintain the execution ordering of PL/pgSQL
# subroutines.
subtest regression_120439

statement ok
CREATE PROCEDURE p(x INT) LANGUAGE PLpgSQL AS $$
  BEGIN
    IF pg_sleep(0.1) IS NOT NULL THEN
      RAISE NOTICE 'foo %', x;
    ELSE
      SELECT x;
    END IF;
  END
$$;

query T noticetrace
CALL p(1);
----
NOTICE: foo 1

subtest exit_continue_cond

statement ok
DROP PROCEDURE p;
CREATE PROCEDURE p(a INT, b INT, c INT) AS $$
  DECLARE
    i INT := 0;
  BEGIN
    LOOP
      RAISE NOTICE 'iteration %', i;
      i := i + 1;
      CONTINUE WHEN i = a;
      RAISE NOTICE 'new value of i: %', i;
      EXIT WHEN i >= b;
      CONTINUE WHEN i <> c;
      RAISE NOTICE 'returning';
      RETURN;
    END LOOP;
    RAISE NOTICE 'exited loop';
  END
$$ LANGUAGE PLpgSQL;

query T noticetrace
CALL p(2, 1, 4);
----
NOTICE: iteration 0
NOTICE: new value of i: 1
NOTICE: exited loop

query T noticetrace
CALL p(2, 3, 4);
----
NOTICE: iteration 0
NOTICE: new value of i: 1
NOTICE: iteration 1
NOTICE: iteration 2
NOTICE: new value of i: 3
NOTICE: exited loop

query T noticetrace
CALL p(2, 4, 4);
----
NOTICE: iteration 0
NOTICE: new value of i: 1
NOTICE: iteration 1
NOTICE: iteration 2
NOTICE: new value of i: 3
NOTICE: iteration 3
NOTICE: new value of i: 4
NOTICE: exited loop

query T noticetrace
CALL p(2, 5, 4);
----
NOTICE: iteration 0
NOTICE: new value of i: 1
NOTICE: iteration 1
NOTICE: iteration 2
NOTICE: new value of i: 3
NOTICE: iteration 3
NOTICE: new value of i: 4
NOTICE: returning

subtest end

statement ok
CREATE TABLE temp (k INT PRIMARY KEY);

statement ok
CREATE PROCEDURE p(INOUT param INT) AS $$
BEGIN
  INSERT INTO temp VALUES(param);
  COMMIT;
END; $$ LANGUAGE PLpgSQL;

query I colnames
CALL p(17);
----
param
17

query I
SELECT * FROM temp;
----
17

statement ok
DROP PROCEDURE p(INOUT int);

statement ok
DROP TABLE temp;

# TODO(120818): uncomment these tests.
# statement ok
# CREATE PROCEDURE p_inner(OUT p_param INT) AS $$ SELECT 1; $$ LANGUAGE SQL;
#
# statement ok
# CREATE FUNCTION f(OUT f_param INT) AS $$ BEGIN CALL p_inner(NULL); END; $$ LANGUAGE PLpgSQL;
#
# statement error pgcode 42601 procedure parameter "param" is an output parameter but corresponding argument is not writable
# SELECT f();
#
# statement ok
# CREATE OR REPLACE FUNCTION f(OUT f_param INT) AS $$ BEGIN CALL p_inner(f_param); END; $$ LANGUAGE PLpgSQL;
#
# query I colnames
# SELECT f();
# ----
# f
# 1
#
# query I colnames
# SELECT * FROM f();
# ----
# f_param
# 1
#
# statement ok
# CREATE OR REPLACE FUNCTION f() RETURNS INT AS $$
# DECLARE
#   v INT;
# BEGIN
#   CALL p_inner(v);
#   RETURN v;
# END; $$ LANGUAGE PLpgSQL;
#
# query I colnames
# SELECT f();
# ----
# f
# 1
#
# query I colnames
# SELECT * FROM f();
# ----
# f
# 1
#
# statement ok
# DROP FUNCTION f;
#
# statement ok
# CREATE PROCEDURE p_outer(OUT p_outer_param INT) AS $$ BEGIN CALL p_inner(p_outer_param); END; $$ LANGUAGE PLpgSQL;
#
# query I colnames
# CALL p_outer(NULL);
# ----
# p_outer_param
# 1
#
# statement ok
# CREATE OR REPLACE PROCEDURE p_outer(OUT p_outer_param INT) AS $$
# DECLARE
#   v INT;
# BEGIN
#   CALL p_inner(v);
# END; $$ LANGUAGE PLpgSQL;
#
# query I colnames
# CALL p_outer(NULL);
# ----
# p_outer_param
# NULL
#
# statement ok
# CREATE OR REPLACE PROCEDURE p_outer(OUT p_outer_param INT) AS $$
# DECLARE
#   v INT;
# BEGIN
#   CALL p_inner(v);
#   SELECT v INTO p_outer_param;
# END; $$ LANGUAGE PLpgSQL;
#
# query I colnames
# CALL p_outer(NULL);
# ----
# p_outer_param
# 1
#
# statement ok
# DROP PROCEDURE p_outer;
#
# statement ok
# DROP PROCEDURE p_inner;
