# array construction

query error cannot determine type of empty array
SELECT ARRAY[]

query T
SELECT ARRAY[1, 2, 3]
----
{1,2,3}

query error expected true to be of type string, found type bool
SELECT ARRAY['a', true, 1]

query T
SELECT ARRAY['a', 'b', 'c']
----
{'a','b','c'}

# array construction from subqueries

query T
SELECT ARRAY(SELECT 3)
----
{3}

query T
SELECT ARRAY(VALUES (1),(2),(1))
----
{1,2,1}

query I
SELECT (ARRAY(VALUES (1),(2),(1)))[2]
----
2

query T
SELECT ARRAY(VALUES ('a'),('b'),('c'))
----
{'a','b','c'}

query error subquery must return only one column, found 2
SELECT ARRAY(SELECT 1, 2)

# TODO(nvanbenschoten) Uncomment when int[] is added as a column type.
# query T
# SELECT ARRAY[]:::int[]
# ----
# {}

# decimal arrays are unsupported

query error unsupported result type: decimal\[\]
SELECT ARRAY[1.2]

query error unhandled parameterized array type parser.tDecimal
SELECT ARRAY(VALUES(1.2))

# array subscript access

query T
SELECT (ARRAY['a', 'b', 'c'])[-1]
----
NULL

query T
SELECT (ARRAY['a', 'b', 'c'])[0]
----
NULL

query T
SELECT (ARRAY['a', 'b', 'c'])[2]
----
b

query T
SELECT (ARRAY['a', 'b', 'c'])[4]
----
NULL

query T
SELECT ((SELECT ARRAY['a', 'b', 'c']))[3]
----
c

query T
SELECT (ARRAY['a', 'b', 'c'])[1.5 + 1.5]
----
c

query I
SELECT (ARRAY[1, 2, 3])[-1]
----
NULL

query I
SELECT (ARRAY[1, 2, 3])[0]
----
NULL

query I
SELECT (ARRAY[1, 2, 3])[2]
----
2

query I
SELECT (ARRAY[1, 2, 3])[4]
----
NULL

query I
SELECT ((SELECT ARRAY[1, 2, 3]))[3]
----
3

query I
SELECT (ARRAY[1, 2, 3])[1.5 + 1.5]
----
3


query error unimplemented: multidimensional ARRAY
SELECT (ARRAY['a', 'b', 'c'])[4][2]

query error incompatible ARRAY subscript type: decimal
SELECT (ARRAY['a', 'b', 'c'])[3.5]

query error incompatible ARRAY subscript type: string
SELECT (ARRAY['a', 'b', 'c'])['abc']

query error cannot subscript type int because it is not an array
SELECT (123)[2]

# array slicing

query error unimplemented: ARRAY slicing
SELECT (ARRAY['a', 'b', 'c'])[:]

query error unimplemented: ARRAY slicing
SELECT (ARRAY['a', 'b', 'c'])[1:]

query error unimplemented: ARRAY slicing
SELECT (ARRAY['a', 'b', 'c'])[1:2]

query error unimplemented: ARRAY slicing
SELECT (ARRAY['a', 'b', 'c'])[:2]

query error unimplemented: ARRAY slicing
SELECT (ARRAY['a', 'b', 'c'])[2:1]

# other forms of indirection

query error syntax not yet supported: name
SELECT (ARRAY['a', 'b', 'c']).name

query error syntax not yet supported: *
SELECT (ARRAY['a', 'b', 'c']).*
