query error user root does not have DROP privilege on database crdb_internal
ALTER DATABASE crdb_internal RENAME TO not_crdb_internal

statement error user root does not have CREATE privilege on database crdb_internal
CREATE TABLE crdb_internal.t (x INT)

query error user root does not have DROP privilege on database crdb_internal
DROP DATABASE crdb_internal

statement ok
CREATE DATABASE testdb; CREATE TABLE testdb.foo(x INT)

query TIT
SELECT t.name, t.version, t.state FROM crdb_internal.tables AS t JOIN system.namespace AS n ON (n.id = t.parent_id and n.name = 'testdb');
----
foo 1 PUBLIC

# Ensure there is a lease taken on foo.
query I
SELECT * FROM testdb.foo
----

# Check the lease.
query T
SELECT l.name FROM crdb_internal.leases AS l JOIN system.namespace AS n ON (n.id = l.table_id and n.name = 'foo');
----
foo

# We merely check the column list for schema_changes.
query IITTITTT colnames
SELECT * FROM crdb_internal.schema_changes
----
TABLE_ID PARENT_ID NAME TYPE TARGET_ID TARGET_NAME STATE DIRECTION

query IITTITRTTTTTTT colnames
SELECT * FROM crdb_internal.tables WHERE NAME = 'namespace'
----
TABLE_ID  PARENT_ID  NAME       DATABASE_NAME  VERSION  MOD_TIME                         MOD_TIME_LOGICAL  FORMAT_VERSION            STATE   SC_LEASE_NODE_ID  SC_LEASE_EXPIRATION_TIME  START_KEY  END_KEY  CREATE_TABLE
2         1          namespace  system         1        1970-01-01 00:00:00 +0000 +0000  0.0000000000      InterleavedFormatVersion  PUBLIC  NULL              NULL                      [138]      [139]    CREATE TABLE namespace (
          parentID INT NOT NULL,
          name STRING NOT NULL,
          id INT NULL,
          CONSTRAINT "primary" PRIMARY KEY (parentID ASC, name ASC),
          FAMILY "primary" (parentID, name),
          FAMILY fam_3_id (id)
)

# Test that start and end keys are correct for system tables with small IDs.
# The encoding for a table ID less than 8 is: 0x80+0x8+TABLE_ID = 136+TABLE_ID
query ITT colnames
SELECT TABLE_ID, START_KEY, END_KEY FROM crdb_internal.tables WHERE TABLE_ID < 8
----
TABLE_ID  START_KEY  END_KEY
2         [138]      [139]
3         [139]      [140]
4         [140]      [141]
5         [141]      [142]

# Verify that table names are not double escaped.

statement ok
CREATE TABLE testdb." ""\'" (i int)

query T
SELECT NAME from crdb_internal.tables WHERE DATABASE_NAME = 'testdb'
----
foo
"\'

# Check that app_stats report per application

statement ok
SET APPLICATION_NAME = hello; SELECT 1

statement ok
SET APPLICATION_NAME = world; SELECT 2

query B
SELECT statement_count > 0 FROM crdb_internal.app_stats WHERE APPLICATION_NAME IN ('hello', 'world')
----
true
true

# reset for other tests.
statement ok
SET APPLICATION_NAME = ''

query TT colnames
SELECT * FROM crdb_internal.build_info WHERE field ILIKE 'name'
----
FIELD VALUE
Name CockroachDB

query T
SELECT field FROM crdb_internal.build_info
----
Name
GoVersion
Tag
Time
Revision
CgoCompiler
Platform
Distribution
Type
