statement ok
CREATE TABLE t (
  a TIMESTAMP PRIMARY KEY,
  b DATE,
  c INTERVAL,
  UNIQUE (b),
  UNIQUE (c),
  FAMILY (a),
  FAMILY (b),
  FAMILY (c)
)

statement ok
INSERT INTO t VALUES
  ('2015-08-30 03:34:45.34567', '2015-08-30', '34h2s'),
  ('2015-08-25 04:45:45.53453', '2015-08-25', '2h45m2s234ms'),
  ('2015-08-29 23:10:09.98763', '2015-08-29', '234h45m2s234ms')

query TTT
SELECT * FROM t WHERE a = '2015-08-25 05:45:45.53453+01:00'::timestamp
----
2015-08-25 04:45:45.53453 +0000 +0000   2015-08-25 00:00:00 +0000 +0000   2h45m2.234s

query ITTT
EXPLAIN (DEBUG) SELECT * FROM t WHERE a = '2015-08-25 06:45:45.53453+02:00'::timestamp
----
0 /t/primary/'2015-08-25 04:45:45.53453+00:00'   NULL          PARTIAL
0 /t/primary/'2015-08-25 04:45:45.53453+00:00'/b '2015-08-25'  PARTIAL
0 /t/primary/'2015-08-25 04:45:45.53453+00:00'/c '2h45m2.234s' ROW

query ITTT
EXPLAIN (DEBUG) SELECT b FROM t WHERE b < '2015-08-29'::date
----
0 /t/t_b_key/'2015-08-25' /'2015-08-25 04:45:45.53453+00:00' ROW

query ITTT
EXPLAIN (DEBUG) SELECT c FROM t WHERE c < '234h45m2s234ms'::interval
----
0 /t/t_c_key/'2h45m2.234s' /'2015-08-25 04:45:45.53453+00:00' ROW
1 /t/t_c_key/'34h0m2s'     /'2015-08-30 03:34:45.34567+00:00' ROW

# insert duplicate value with different time zone offset
statement error duplicate key value \(a\)=\('2015-08-30 03:34:45\.34567\+00:00'\) violates unique constraint "primary"
INSERT INTO t VALUES
  ('2015-08-29 20:34:45.34567-07:00', '2015-08-31', '35h2s')

# Check that time/date/interval representations outside of the index are okay.
statement ok
CREATE TABLE u (
  a BIGINT PRIMARY KEY,
  b TIMESTAMP,
  c TIMESTAMP WITH TIME ZONE,
  d DATE,
  e INTERVAL
)

statement ok
INSERT INTO u VALUES
  (123, '2015-08-30 03:34:45.34567', '2015-08-30 03:34:45.34567', '2015-08-30', '34h2s'),
  (234, '2015-08-25 04:45:45.53453-02:00', '2015-08-25 04:45:45.53453-02:00', '2015-08-25', '2h45m2s234ms')

statement ok
SET TIME ZONE -5

statement ok
INSERT INTO u VALUES
  (345, '2015-08-29 23:10:09.98763', '2015-08-29 23:10:09.98763', '2015-08-29', '234h45m2s234ms'),
  (456, '2015-08-29 23:10:09.98763 UTC', '2015-08-29 23:10:09.98763 UTC', '2015-08-29', '234h45m2s234ms')

query ITTTT valuesort
SELECT * FROM u
----
123  2015-08-30 03:34:45.34567 +0000 +0000  2015-08-29 22:34:45.34567 -0500 -0500  2015-08-30 00:00:00 +0000 +0000  34h0m2s
234  2015-08-25 06:45:45.53453 +0000 +0000  2015-08-25 01:45:45.53453 -0500 -0500  2015-08-25 00:00:00 +0000 +0000  2h45m2.234s
345  2015-08-29 23:10:09.98763 +0000 +0000  2015-08-29 23:10:09.98763 -0500 -0500  2015-08-28 00:00:00 +0000 +0000  234h45m2.234s
456  2015-08-29 23:10:09.98763 +0000 +0000  2015-08-29 18:10:09.98763 -0500 -0500  2015-08-28 00:00:00 +0000 +0000  234h45m2.234s

statement ok
SET TIME ZONE UTC

query ITTTT valuesort
SELECT * FROM u
----
123  2015-08-30 03:34:45.34567 +0000 +0000  2015-08-30 03:34:45.34567 +0000 +0000  2015-08-30 00:00:00 +0000 +0000  34h0m2s
234  2015-08-25 06:45:45.53453 +0000 +0000  2015-08-25 06:45:45.53453 +0000 +0000  2015-08-25 00:00:00 +0000 +0000  2h45m2.234s
345  2015-08-29 23:10:09.98763 +0000 +0000  2015-08-30 04:10:09.98763 +0000 +0000  2015-08-28 00:00:00 +0000 +0000  234h45m2.234s
456  2015-08-29 23:10:09.98763 +0000 +0000  2015-08-29 23:10:09.98763 +0000 +0000  2015-08-28 00:00:00 +0000 +0000  234h45m2.234s

statement ok
SET TIME ZONE -5

query TTTT
SELECT MAX(b), MAX(c), MAX(d), MAX(e) FROM u
----
2015-08-30 03:34:45.34567 +0000 +0000  2015-08-29 23:10:09.98763 -0500 -0500  2015-08-30 00:00:00 +0000 +0000  234h45m2.234s

query TTTT
SELECT MIN(b), MIN(c), MIN(d), MIN(e) FROM u
----
2015-08-25 06:45:45.53453 +0000 +0000  2015-08-25 01:45:45.53453 -0500 -0500  2015-08-25 00:00:00 +0000 +0000  2h45m2.234s

query BB
SELECT now() < now() + '1m'::interval, now() <= now() + '1m'::interval
----
true true

query BB
SELECT now() + '1m'::interval > now(), now() + '1m'::interval >= now()
----
true true

# TIMESTAMP/DATE builtins.

query T
SELECT age('2001-04-10 22:06:45', '1957-06-13')
----
384190h6m45s

query B
SELECT age('1957-06-13') - age(now(), '1957-06-13') = interval '0s'
----
true

query B
SELECT now() - timestamp '2015-06-13' > interval '100h'
----
true

query B
SELECT now() - current_date()::timestamptz < interval '24h10s'
----
true

query TT
SELECT now()::timestamp - now(), now() - now()::timestamp
----
0s  0s

query BB
SELECT now() = now()::timestamp, now()::timestamp = now()
----
true true

query BB
SELECT now()::timestamp < now(), now() < now()::timestamp
----
false false

query BB
SELECT now()::timestamp <= now(), now() <= now()::timestamp
----
true true

query B
SELECT current_date - current_date() = 0
----
true

query B
SELECT now() - current_timestamp() = interval '0s'
----
true

query B
SELECT now() - current_timestamp = interval '0s'
----
true

query B
SELECT now() - statement_timestamp() < interval '10s'
----
true

query B
SELECT clock_timestamp() - statement_timestamp() < interval '10s'
----
true

query B
SELECT now() - transaction_timestamp() = interval '0s'
----
true

statement ok
BEGIN TRANSACTION

statement ok
CREATE TABLE kv (
  k CHAR PRIMARY KEY,
  v TIMESTAMP WITH TIME ZONE
)

statement ok
INSERT INTO kv (k,v) VALUES ('a', transaction_timestamp())

query T
SELECT k FROM kv
----
a

query T
SELECT k FROM kv where v = transaction_timestamp()
----
a

statement ok
COMMIT TRANSACTION

# Check that the current_timestamp, now and transaction_timestamp are the same.
# Test that the transaction_timestamp can differ from the statement_timestamp.
# Check that the transaction_timestamp changes with each transaction.
# We use, SELECT * FROM kv, to insert delays of more than a microsecond.
statement ok
BEGIN;
INSERT INTO kv (k,v) VALUES ('b', transaction_timestamp());
SELECT * FROM kv;
INSERT INTO kv (k,v) VALUES ('c', transaction_timestamp());
SELECT * FROM kv;
INSERT INTO kv (k,v) VALUES ('d', current_timestamp());
SELECT * FROM kv;
INSERT INTO kv (k,v) VALUES ('e', current_timestamp());
SELECT * FROM kv;
INSERT INTO kv (k,v) VALUES ('f', now());
SELECT * FROM kv;
INSERT INTO kv (k,v) VALUES ('g', now());
SELECT * FROM kv;
INSERT INTO kv (k,v) VALUES ('h', statement_timestamp());
SELECT * FROM kv;
COMMIT;
SELECT * FROM kv;
BEGIN;
SELECT * FROM KV;
INSERT INTO kv (k,v) VALUES ('i', transaction_timestamp());
COMMIT

query I
SELECT COUNT(DISTINCT (v)) FROM kv
----
4

# Test that transaction_timestamp() is consistent in transaction
# spanning multiple batches of statements.
statement ok
DELETE FROM kv

statement ok
BEGIN;
INSERT INTO kv (k,v) VALUES ('a', transaction_timestamp());
SELECT * FROM kv

statement ok
INSERT INTO kv (k,v) VALUES ('b', transaction_timestamp());
SELECT * FROM kv;
COMMIT

statement ok
BEGIN;
SELECT * FROM KV;
INSERT INTO kv (k,v) VALUES ('c', transaction_timestamp());
COMMIT

query I
SELECT COUNT(DISTINCT (v)) FROM kv
----
2

statement ok
DROP TABLE kv

statement ok
CREATE TABLE kv (
   k INT PRIMARY KEY,
   v DECIMAL
)

# Test that cluster_logical_timestamp() is consistent in transactions
# spanning multiple batches of statements.
statement ok
BEGIN;
INSERT INTO kv (k,v) VALUES (1, cluster_logical_timestamp());
SELECT * FROM kv

statement ok
INSERT INTO kv (k,v) VALUES (2, cluster_logical_timestamp());
SELECT * FROM kv;
COMMIT

statement ok
BEGIN;
SELECT * FROM kv;
INSERT INTO kv (k,v) VALUES (3, cluster_logical_timestamp());
COMMIT

query I
SELECT COUNT(DISTINCT (v)) FROM kv
----
2

statement ok
DELETE FROM kv

statement ok
CREATE TABLE m (mints DECIMAL)

statement ok
INSERT INTO m VALUES (cluster_logical_timestamp())

# Test that cluster_logical_timestamp() is monotonic in transaction order
statement ok
INSERT INTO kv (k,v) VALUES (1, cluster_logical_timestamp()-(select mints from m));
SELECT * FROM kv

statement ok
INSERT INTO kv (k,v) VALUES (2, cluster_logical_timestamp()-(select mints from m));
SELECT * FROM kv

statement ok
INSERT INTO kv (k,v) VALUES (3, cluster_logical_timestamp()-(select mints from m));
SELECT * FROM kv

statement ok
INSERT INTO kv (k,v) VALUES (4, cluster_logical_timestamp()-(select mints from m));
SELECT * FROM kv

statement ok
INSERT INTO kv (k,v) VALUES (5, cluster_logical_timestamp()-(select mints from m));
SELECT * FROM kv

statement ok
INSERT INTO kv (k,v) VALUES (6, cluster_logical_timestamp()-(select mints from m));
SELECT * FROM kv

query I
SELECT k FROM kv ORDER BY v
----
1
2
3
4
5
6

query I
SELECT extract(year from '2001-04-10 12:04:59'::timestamp)
----
2001

query I
SELECT extract(quarter from '2001-04-10 12:04:59'::timestamp)
----
2

query I
SELECT extract(month from '2001-04-10 12:04:59'::timestamp)
----
4

query I
SELECT extract(week from '2001-04-10 12:04:59'::timestamp)
----
15

query I
SELECT extract(day from '2001-04-10 12:04:59'::timestamp)
----
10

query I
SELECT extract(dayofweek from '2001-04-10 12:04:59'::timestamp)
----
2

query I
SELECT extract(dow from '2001-04-12 12:04:59'::timestamp)
----
4

query I
SELECT extract(dayofyear from '2001-04-10 12:04:59'::timestamp)
----
100

query I
SELECT extract(doy from '2001-04-12 12:04:59'::timestamp)
----
102

query I
SELECT extract(epoch from '2001-04-10 12:04:59'::timestamp)
----
986904299

query I
SELECT extract(hour from '2001-04-10 12:04:59'::timestamp)
----
12

query I
SELECT extract(minute from '2001-04-10 12:04:59'::timestamp)
----
4

query I
SELECT extract(second from '2001-04-10 12:04:59.234'::timestamp)
----
59

query I
SELECT extract(millisecond from '2001-04-10 12:04:59.234567'::timestamp)
----
234

query I
SELECT extract(microsecond from '2001-04-10 12:04:59.34565423'::timestamp)
----
345654

query error extract\(\): unsupported timespan: nansecond
SELECT extract(nansecond from '2001-04-10 12:04:59.34565423'::timestamp)

# Test SET TIME ZONE

# default time zone of UTC
query T
SELECT '2015-08-25 05:45:45.53453'::timestamp
----
2015-08-25 05:45:45.53453 +0000 +0000

query T
SELECT '2015-08-25 05:45:45.53453'::timestamp
----
2015-08-25 05:45:45.53453 +0000 +0000

statement ok
SET TIME ZONE 'Europe/Rome'

query T
SELECT '2015-08-25 05:45:45.53453 CET'::timestamptz WHERE false
----

statement ok
SET TIME ZONE +1

query error unknown zone "CET"
SELECT '2015-08-25 05:45:45.53453 CET'::timestamptz WHERE false

query T
SELECT '2015-08-25 05:45:45.53453'::timestamp
----
2015-08-25 05:45:45.53453 +0000 +0000

query T
SELECT '2015-08-25 05:45:45.53453'::timestamptz
----
2015-08-25 05:45:45.53453 +0100 +0100

query T
SELECT '2015-08-25 05:45:45-01:00'::timestamp
----
2015-08-25 06:45:45 +0000 +0000

query T
SELECT '2015-08-25 05:45:45-01:00'::timestamptz
----
2015-08-25 07:45:45 +0100 +0100

statement ok
SET TIME ZONE -5

query T
SELECT '2015-08-24 23:45:45.53453'::timestamp
----
2015-08-24 23:45:45.53453 +0000 +0000

query T
SELECT '2015-08-24 23:45:45.53453'::timestamptz
----
2015-08-24 23:45:45.53453 -0500 -0500

query T
SELECT '2015-08-24 23:45:45.53453 UTC'::timestamp
----
2015-08-24 23:45:45.53453 +0000 +0000

query T
SELECT '2015-08-24 23:45:45.53453 UTC'::timestamptz
----
2015-08-24 18:45:45.53453 -0500 -0500

query T
SELECT '2015-08-24 23:45:45.53453-02:00'::timestamp
----
2015-08-25 01:45:45.53453 +0000 +0000

query T
SELECT '2015-08-24 23:45:45.53453-02:00'::timestamptz
----
2015-08-24 20:45:45.53453 -0500 -0500

query T
SELECT '2015-08-24 23:45:45.53453-05:00'::timestamptz
----
2015-08-24 23:45:45.53453 -0500 -0500

query T
SELECT '2015-08-24 23:45:45.534 -02:00'::timestamp
----
2015-08-25 01:45:45.534 +0000 +0000

query T
SELECT '2015-08-24 23:45:45.534 -02:00'::timestamptz
----
2015-08-24 20:45:45.534 -0500 -0500

statement error cannot find time zone "foobar": timezone data cannot be found
SET TIME ZONE 'foobar'

statement ok
SET TIME ZONE default

query T
SELECT '2015-08-24 21:45:45.53453'::timestamptz
----
2015-08-24 21:45:45.53453 +0000 +0000

statement ok
SET TIME ZONE local

query T
SELECT '2015-08-24 21:45:45.53453'::timestamptz
----
2015-08-24 21:45:45.53453 +0000 +0000

statement ok
SET TIME ZONE 'DEFAULT'

query T
SELECT '2015-08-24 21:45:45.53453'::timestamptz
----
2015-08-24 21:45:45.53453 +0000 +0000

statement ok
SET TIME ZONE ''

query T
SELECT '2015-08-24 21:45:45.53453'::timestamptz
----
2015-08-24 21:45:45.53453 +0000 +0000


statement ok
SET TIME ZONE INTERVAL '-7h'

query T
SELECT '2015-08-24 21:45:45.53453'::timestamp
----
2015-08-24 21:45:45.53453 +0000 +0000

query T
SELECT '2015-08-24 21:45:45.53453'::timestamptz
----
2015-08-24 21:45:45.53453 -0700 -0700

statement ok
SET TIME ZONE -7.5

query T
SELECT '2015-08-24 21:45:45.53453'::timestamp
----
2015-08-24 21:45:45.53453 +0000 +0000

query T
SELECT '2015-08-24 21:45:45.53453'::timestamptz
----
2015-08-24 21:45:45.53453 -0730 -0730

query T
SELECT '2015-08-24 21:45:45.53453 UTC'::timestamptz
----
2015-08-24 14:15:45.53453 -0730 -0730

statement ok
SET TIME ZONE LOCAL

query T
SELECT '2015-08-25 04:45:45.53453'::timestamp
----
2015-08-25 04:45:45.53453 +0000 +0000

statement ok
SET TIME ZONE DEFAULT

query T
SELECT '2015-08-25 04:45:45.53453'::timestamp
----
2015-08-25 04:45:45.53453 +0000 +0000

# reset for what follows.
statement ok
SET TIME ZONE 'UTC'

# Check that casting from a timestamp to a date and vice versa
# uses the time zone.
query TTTT
SELECT b, b::date, c, c::date FROM u WHERE a = 123
----
2015-08-30 03:34:45.34567 +0000 +0000  2015-08-30 00:00:00 +0000 +0000  2015-08-30 03:34:45.34567 +0000 +0000  2015-08-30 00:00:00 +0000 +0000

query T
SELECT d::timestamp FROM u WHERE a = 123
----
2015-08-30 00:00:00 +0000 +0000

statement ok
SET TIME ZONE -5

query TTTT
SELECT b, b::date, c, c::date FROM u WHERE a = 123
----
2015-08-30 03:34:45.34567 +0000 +0000  2015-08-30 00:00:00 +0000 +0000  2015-08-29 22:34:45.34567 -0500 -0500  2015-08-29 00:00:00 +0000 +0000

query T
SELECT d::timestamp FROM u WHERE a = 123
----
2015-08-30 00:00:00 +0000 +0000

statement ok
SET TIME ZONE UTC

statement ok
CREATE TABLE tz (
  a INT PRIMARY KEY,
  b TIMESTAMP,
  c TIMESTAMP WITH TIME ZONE,
  d TIMESTAMPTZ
)

query TTBTT
SHOW COLUMNS FROM tz
----
a     INT                       false     NULL {primary}
b     TIMESTAMP                 true      NULL {}
c     TIMESTAMP WITH TIME ZONE  true      NULL {}
d     TIMESTAMP WITH TIME ZONE  true      NULL {}

statement ok
INSERT INTO tz VALUES
  (1, timestamp '2015-08-30 03:34:45', timestamptz '2015-08-30 03:34:45',  timestamptz '2015-08-30 03:34:45'),
  (2, timestamp '2015-08-30 03:34:45+01:00', timestamptz '2015-08-30 03:34:45+01:00',  timestamptz '2015-08-30 03:34:45')

statement ok
SET TIME ZONE -2

query ITT valuesort
SELECT a, b, c FROM tz
----
1   2015-08-30 03:34:45 +0000 +0000     2015-08-30 01:34:45 -0200 -0200
2   2015-08-30 02:34:45 +0000 +0000     2015-08-30 00:34:45 -0200 -0200

query TTTT
SELECT b + interval '1m', interval '1m' + b, c + interval '1m', interval '1m' + c FROM tz WHERE a = 1
----
2015-08-30 03:35:45 +0000 +0000		2015-08-30 03:35:45 +0000 +0000		2015-08-30 01:35:45 -0200 -0200		2015-08-30 01:35:45 -0200 -0200

query I
SELECT a FROM tz WHERE c = d
----
1

query I rowsort
SELECT a FROM tz WHERE c <= d
----
1
2

query I
SELECT a FROM tz WHERE c < d
----
2

query I rowsort
SELECT a FROM tz WHERE b = c::timestamp
----
1
2

# reset for what follows.
statement ok
SET TIME ZONE 'UTC'

statement ok
SET TIME ZONE -5

query T
SHOW TIME ZONE
----
-5

statement ok
SET TIME ZONE INTERVAL '+04:00' HOUR TO MINUTE

query T
SELECT '2015-08-24 21:45:45.53453'::timestamptz
----
2015-08-24 21:45:45.53453 +0400 +0400

statement ok
SET TIME ZONE INTERVAL '-04:00' MINUTE TO SECOND

query T
SELECT '2015-08-24 21:45:45.53453'::timestamptz
----
2015-08-24 21:45:45.53453 -0400 -0400

statement ok
SET TIME ZONE 0

query T
SHOW TIME ZONE
----
0

query T
SELECT DATE '1999-01-01' + INTERVAL '4 minutes'
----
1999-01-01 00:04:00 +0000 +0000

query T
SELECT INTERVAL '4 minutes' + DATE '1999-01-01'
----
1999-01-01 00:04:00 +0000 +0000

query T
SELECT DATE '1999-01-01' - INTERVAL '4 minutes'
----
1998-12-31 23:56:00 +0000 +0000

query B
SELECT DATE '1999-01-02' < TIMESTAMPTZ '1999-01-01'
----
false

query B
SELECT DATE '1999-01-02' < TIMESTAMP '1999-01-01'
----
false

query B
SELECT DATE '1999-01-02' <= TIMESTAMPTZ '1999-01-01'
----
false

query B
SELECT DATE '1999-01-02' <= TIMESTAMP '1999-01-01'
----
false

query B
SELECT DATE '1999-01-02' <= TIMESTAMPTZ '1999-01-02'
----
true

query B
SELECT DATE '1999-01-02' <= TIMESTAMP '1999-01-02'
----
true

query B
SELECT DATE '1999-01-02' > TIMESTAMPTZ '1999-01-01'
----
true

query B
SELECT DATE '1999-01-02' > TIMESTAMP '1999-01-01'
----
true

query B
SELECT DATE '1999-01-02' >= TIMESTAMPTZ '1999-01-01'
----
true

query B
SELECT DATE '1999-01-02' >= TIMESTAMP '1999-01-01'
----
true

query B
SELECT DATE '1999-01-02' = TIMESTAMPTZ '1999-01-01'
----
false

query B
SELECT DATE '1999-01-01' = TIMESTAMP '1999-01-01'
----
true
