statement ok
CREATE TABLE t (
  k INT PRIMARY KEY,
  v INT
)

query ITTT
EXPLAIN INSERT INTO t VALUES (1, 2)
----
0      insert
1      values 2 columns, 1 row

statement ok
INSERT INTO t VALUES (1, 2)

query ITTT
EXPLAIN SELECT * FROM t
----
0      scan  t@primary

query ITTTTT
EXPLAIN (VERBOSE) SELECT * FROM t
----
0      select                                   (k, v)  +k,unique
1      render/filter from (test.t.k, test.t.v)  (k, v)  +k,unique
2      scan          t@primary                  (k, v)  +k,unique

query ITTT
EXPLAIN SELECT * FROM t WHERE k = 1 OR k = 3
----
0      scan  t@primary /1-/2 /3-/4

query ITTT
EXPLAIN VALUES (1, 2, 3), (4, 5, 6)
----
0      values  3 columns, 2 rows

query ITTT
EXPLAIN VALUES (1)
----
0      values  1 column, 1 row

query ITTT
EXPLAIN SELECT * FROM t WITH ORDINALITY LIMIT 1 OFFSET 1
----
0      limit   count: 1, offset:  1
1      ordinality
2      scan    t@primary (max 2 rows)

query ITTT
EXPLAIN SELECT DISTINCT * FROM t
----
0      distinct k
1      scan     t@primary

query ITTT
EXPLAIN SELECT DISTINCT * FROM t LIMIT 1 OFFSET 1
----
0      limit    count: 1, offset:  1
1      distinct k
2      scan     t@primary

statement ok
CREATE TABLE tc (a INT, b INT, INDEX c(a))

query ITTTTT
EXPLAIN(VERBOSE) SELECT * FROM tc WHERE a = 10 ORDER BY b
----
0      select                                                      (a, b)                          +b
1      sort           +b                                           (a, b)                          +b
2      render/filter  from (test.tc.a, test.tc.b, *test.tc.rowid)  (a, b)                          =a
3      index-join                                                  (a, b, rowid[hidden,omitted])   =a,+rowid,unique
4      scan           tc@c /10-/11                                 (a, b[omitted], rowid[hidden])  =a,+rowid,unique
4      scan           tc@primary                                   (a, b, rowid[hidden,omitted])   +rowid,unique
