query I colnames
SELECT * FROM GENERATE_SERIES(1, 3)
----
GENERATE_SERIES
1
2
3

query II colnames
SELECT * FROM GENERATE_SERIES(1, 2), GENERATE_SERIES(1, 2)
----
GENERATE_SERIES  GENERATE_SERIES
1                1
1                2
2                1
2                2

query I
SELECT * FROM GENERATE_SERIES(3, 1, -1)
----
3
2
1

query I
SELECT * FROM GENERATE_SERIES(3, 1)
----

query error step cannot be 0
SELECT * FROM GENERATE_SERIES(1, 3, 0)

query I
SELECT * FROM PG_CATALOG.GENERATE_SERIES(1, 3)
----
1
2
3

query I colnames
SELECT * FROM GENERATE_SERIES(1, 1) AS c(x)
----
x
1

query II colnames
SELECT * FROM GENERATE_SERIES(1, 1) WITH ORDINALITY
----
GENERATE_SERIES ordinality
1 1

query II colnames
SELECT * FROM GENERATE_SERIES(1, 1) WITH ORDINALITY AS c(x, y)
----
x y
1 1

query error argument of LIMIT must be type int, not type setof
SELECT * FROM (VALUES (1)) LIMIT GENERATE_SERIES(1, 3)

query I colnames
SELECT GENERATE_SERIES(1, 2)
----
pg_catalog.generate_series
1
2

query II colnames
SELECT GENERATE_SERIES(1, 2), GENERATE_SERIES(3, 4)
----
pg_catalog.generate_series  pg_catalog.generate_series
1                           3
1                           4
2                           3
2                           4
