statement ok
CREATE TABLE t (
  a INT PRIMARY KEY,
  b INT,
  c INT,
  d INT,
  INDEX b_idx (b) STORING (c, d),
  UNIQUE INDEX c_idx (c) STORING (a, b, d)
)

query TTBITTBB colnames
SHOW INDEXES FROM t
----
Table  Name     Unique  Seq  Column  Direction  Storing  Implicit
t      primary  true    1    a       ASC        false    false
t      b_idx    false   1    b       ASC        false    false
t      b_idx    false   2    c       N/A        true     false
t      b_idx    false   3    d       N/A        true     false
t      b_idx    false   4    a       ASC        false    true
t      c_idx    true    1    c       ASC        false    false
t      c_idx    true    2    a       N/A        true     false
t      c_idx    true    3    b       N/A        true     false
t      c_idx    true    4    d       N/A        true     false

statement ok
INSERT INTO t VALUES (1, 2, 3, 4)

query ITTT
EXPLAIN (DEBUG) SELECT * FROM t@b_idx
----
0 /t/b_idx/2/1/3/4 NULL ROW

query IIII
SELECT a, b, c, d FROM t@b_idx
----
1 2 3 4

query ITTT
EXPLAIN (DEBUG) SELECT * FROM t@c_idx
----
0 /t/c_idx/3 /1/2/4 ROW

query IIII
SELECT a, b, c, d FROM t@c_idx
----
1 2 3 4

statement ok
CREATE INDEX d_idx ON t (d) STORING (a, b)

query ITTT
EXPLAIN (DEBUG) SELECT a, b, d FROM t@d_idx
----
0 /t/d_idx/4/1/2 NULL ROW

query III
SELECT a, b, d FROM t@d_idx
----
1 2 4

statement error index "error" already contains column "d"
CREATE INDEX error ON t (d) STORING (d)
