statement ok
CREATE TABLE t (a INT PRIMARY KEY, b INT)

statement ok
INSERT INTO t VALUES (1, 99), (2, 98), (3, 97)

statement ok
CREATE VIEW v1 AS select a, b from t

statement error pgcode 42P07 relation \"v1\" already exists
CREATE VIEW v1 AS select a, b from t

statement error pgcode 42P07 relation \"t\" already exists
CREATE VIEW t AS select a, b from t

statement ok
CREATE VIEW v2 (x, y) AS select a, b from t;

statement error pgcode 42601 CREATE VIEW specifies 1 column name, but data source has 2 columns
CREATE VIEW v3 (x) AS select a, b from t;

statement error pgcode 42601 CREATE VIEW specifies 3 column names, but data source has 2 columns
CREATE VIEW v4 (x, y, z) AS select a, b from t;

statement error pgcode 42P01 table "dne" does not exist
CREATE VIEW v5 AS select a, b from dne;

statement ok
CREATE VIEW v6 (x, y) AS select a, b from v1;

query II colnames
SELECT * FROM v1;
----
a b
1 99
2 98
3 97

query II colnames
SELECT * FROM v2;
----
x y
1 99
2 98
3 97

query II colnames
SELECT * FROM v6;
----
x y
1 99
2 98
3 97

query II
SELECT * FROM v2 ORDER BY x DESC LIMIT 1;
----
3 97

query I
SELECT x FROM v2;
----
1
2
3

query I
SELECT y FROM v2;
----
99
98
97

query IIII
SELECT * FROM v1 AS v1 INNER JOIN v2 AS v2 ON v1.a = v2.x;
----
1 99 1 99
2 98 2 98
3 97 3 97

statement ok
CREATE DATABASE test2;

statement ok
SET DATABASE = test2;

query II colnames
SELECT * FROM test.v1;
----
a b
1 99
2 98
3 97

query II colnames
SELECT * FROM test.v2;
----
x y
1 99
2 98
3 97

query II colnames
SELECT * FROM test.v6;
----
x y
1 99
2 98
3 97

statement ok
CREATE VIEW v1 AS SELECT x, y FROM test.v2;

statement ok
SET DATABASE = test;

query II colnames
SELECT * FROM test2.v1
----
x y
1 99
2 98
3 97

query TT
SHOW CREATE VIEW v1;
----
v1 CREATE VIEW v1 AS SELECT a, b FROM test.t

query TT
SHOW CREATE VIEW v2;
----
v2 CREATE VIEW v2 (x, y) AS SELECT a, b FROM test.t

query TT
SHOW CREATE VIEW v6;
----
v6 CREATE VIEW v6 (x, y) AS SELECT a, b FROM test.v1

query TT
SHOW CREATE VIEW test2.v1;
----
test2.v1 CREATE VIEW "test2.v1" AS SELECT x, y FROM test.v2

statement error pgcode 42809 "v1" is not a table
DROP TABLE v1;

statement error pgcode 42809 "t" is not a view
DROP VIEW t;

statement error cannot drop view "v1" because it is depended on by view "test.v6"
DROP VIEW v1;

statement error cannot drop view "v2" because it is depended on by view "test2.v1"
DROP VIEW v2;

statement ok
DROP VIEW test2.v1;

statement ok
DROP VIEW v6;

statement ok
DROP VIEW v2;

statement ok
DROP VIEW v1;

statement error pgcode 42P01 view "v1" does not exist
DROP VIEW v1;

# Verify correct rejection of star expressions
# TODO(a-robinson): Support star expressions as soon as we can (#10028)

statement error views do not currently support \* expressions
create view s1 AS SELECT * FROM t

statement error views do not currently support \* expressions
create view s1 AS SELECT t.* FROM t

statement error views do not currently support \* expressions
create view s1 AS SELECT alias.* FROM t AS alias

statement error views do not currently support \* expressions
create view s1 AS TABLE t

statement error views do not currently support \* expressions
create view s1 AS SELECT a FROM (SELECT * FROM t)

statement error views do not currently support \* expressions
create view s1 AS SELECT a FROM t WHERE NOT a IN (SELECT a FROM (SELECT * FROM t))

statement error views do not currently support \* expressions
create view s1 AS SELECT a FROM t GROUP BY a HAVING a IN (SELECT a FROM (SELECT * FROM t))

statement error views do not currently support \* expressions
create view s1 AS SELECT t1.*, t2.a FROM t AS t1 JOIN t AS t2 ON t1.a = t2.a

statement error views do not currently support \* expressions
create view s1 AS SELECT t1.a, t2.* FROM t AS t1 JOIN t AS t2 ON t1.a = t2.a

statement error views do not currently support \* expressions
create view s1 AS SELECT t1.*, t2.* FROM t AS t1 JOIN t AS t2 ON t1.a = t2.a

statement error views do not currently support \* expressions
create view s1 AS SELECT * FROM t AS t1 JOIN t AS t2 ON t1.a = t2.a

statement error views do not currently support \* expressions
create view s1 AS SELECT t1.a, t2.a FROM (SELECT * FROM t) AS t1 JOIN t AS t2 ON t1.a = t2.a

statement error views do not currently support \* expressions
create view s1 AS SELECT t1.a, t2.a FROM t AS t1 JOIN (SELECT * FROM t) AS t2 ON t1.a = t2.a

statement error views do not currently support \* expressions
create view s1 AS SELECT t1.a, t2.a FROM t AS t1 JOIN t AS t2 ON t1.a IN (SELECT a FROM (SELECT * FROM t))

statement ok
create view s1 AS SELECT COUNT(*) FROM t

statement ok
create view s2 AS SELECT a FROM t WHERE a IN (SELECT COUNT(*) FROM t)

statement ok
create view s3 AS SELECT a, COUNT(*) FROM t GROUP BY a

statement ok
create view s4 AS SELECT a, COUNT(*) FROM t GROUP BY a HAVING a > (SELECT COUNT(*) FROM t)

statement ok
DROP VIEW s4;

statement ok
DROP VIEW s3;

statement ok
DROP VIEW s2;

statement ok
DROP VIEW s1;

statement ok
DROP TABLE t;
