statement ok
CREATE TABLE t (a INT PRIMARY KEY)

statement ok
INSERT INTO t VALUES (1)

query ITTT colnames
EXPLAIN (DEBUG) SELECT * FROM t
----
RowIdx Key          Value Disposition
0      /t/primary/1 NULL  ROW

user testuser

statement error user testuser does not have CREATE privilege on table t
ALTER TABLE t ADD b INT

user root

statement ok
ALTER TABLE t ADD b INT

query TTBT colnames
SHOW COLUMNS FROM t
----
Field Type Null  Default
a     INT  false NULL
b     INT  true  NULL

statement ok
ALTER TABLE t ADD CONSTRAINT foo UNIQUE (b)

query ITTT
EXPLAIN (DEBUG) SELECT * FROM t@foo
----
0 /t/foo/NULL /1 ROW

statement error duplicate index name: "foo"
ALTER TABLE t ADD CONSTRAINT foo UNIQUE (b)

statement error multiple primary keys for table "t" are not allowed
ALTER TABLE t ADD CONSTRAINT bar PRIMARY KEY (b)

query TTBITTB colnames
SHOW INDEX FROM t
----
Table  Name     Unique  Seq  Column  Direction  Storing
t      primary  true    1    a       ASC        false
t      foo      true    1    b       ASC        false

query II
SELECT * FROM t
----
1 NULL

statement ok
ALTER TABLE t ADD c INT

statement ok
INSERT INTO t VALUES (2, 1, 1), (3, 2, 1)

statement error duplicate key value \(c\)=\(1\) violates unique constraint "bar"
ALTER TABLE t ADD CONSTRAINT bar UNIQUE (c)

query III colnames
SELECT * FROM t
----
a b    c
1 NULL NULL
2 1    1
3 2    1

statement error column "d" does not exist
ALTER TABLE t DROP d

statement ok
ALTER TABLE t DROP IF EXISTS d

statement error column "a" is referenced by the primary key
ALTER TABLE t DROP a

statement error column "b" is referenced by existing index "foo"
ALTER TABLE t DROP b

statement error index "bar" does not exist
ALTER TABLE t DROP CONSTRAINT bar

statement ok
ALTER TABLE t DROP CONSTRAINT IF EXISTS bar

statement ok
ALTER TABLE t DROP CONSTRAINT foo

query TTBITTB colnames
SHOW INDEX FROM t
----
Table  Name     Unique  Seq  Column  Direction  Storing
t      primary  true    1    a       ASC        false

query ITTT colnames
EXPLAIN (DEBUG) SELECT * FROM t
----
RowIdx  Key             Value  Disposition
0       /t/primary/1    NULL   ROW
1       /t/primary/2    NULL   PARTIAL
1       /t/primary/2/b  1      PARTIAL
1       /t/primary/2/c  1      ROW
2       /t/primary/3    NULL   PARTIAL
2       /t/primary/3/b  2      PARTIAL
2       /t/primary/3/c  1      ROW

statement ok
ALTER TABLE t DROP b, DROP c

query ITTT colnames
EXPLAIN (DEBUG) SELECT * FROM t
----
RowIdx  Key             Value  Disposition
0       /t/primary/1    NULL   ROW
1       /t/primary/2    NULL   ROW
2       /t/primary/3    NULL   ROW

statement ok
ALTER TABLE t ADD d INT UNIQUE

statement ok
INSERT INTO t VALUES (4, 1)

statement error duplicate key value \(d\)=\(1\) violates unique constraint \"t_d_key\"
INSERT INTO t VALUES (5, 1)
