query T
SHOW DATABASES
----
system
test

query TTT
SHOW GRANTS ON DATABASE test
----
test        root      ALL

statement ok
CREATE TABLE kv (
  k INT PRIMARY KEY,
  v INT
)

statement ok
INSERT INTO kv VALUES (1, 2), (3, 4), (5, 6), (7, 8)

query II
SELECT * FROM kv
----
1 2
3 4
5 6
7 8

statement ok
ALTER DATABASE test RENAME TO u

statement error database "test" does not exist
SELECT * FROM kv
----

statement error database "test" does not exist
SHOW GRANTS ON DATABASE test

query T
SHOW DATABASES
----
system
u

# check the name in descriptor is also changed
query TTT
SHOW GRANTS ON DATABASE u
----
u        root      ALL

statement ok
SET DATABASE = u

query II
SELECT * FROM kv
----
1 2
3 4
5 6
7 8

statement error empty database name
ALTER DATABASE "" RENAME TO u

statement error empty database name
ALTER DATABASE u RENAME TO ""

statement ok
ALTER DATABASE u RENAME TO u

statement ok
CREATE DATABASE t

statement error the new database name "u" already exists
ALTER DATABASE t RENAME TO u

statement ok
GRANT ALL ON DATABASE t TO testuser

user testuser

statement error only root is allowed to rename databases
ALTER DATABASE t RENAME TO v

query T
SHOW DATABASES
----
system
t
u
