statement ok
CREATE TABLE kv (
  k INT PRIMARY KEY,
  v INT
)

statement ok
INSERT INTO kv VALUES (1, 2), (3, 4), (5, 6), (7, 8)

query II
SELECT * FROM kv
----
1 2
3 4
5 6
7 8

statement ok
TRUNCATE TABLE kv

query II
SELECT * FROM kv
----
