statement ok
CREATE TABLE kv (
  k INT PRIMARY KEY,
  v INT
)

statement ok
INSERT INTO kv VALUES (1, 2)

query II
SELECT k, v FROM kv WHERE (k, v) = (1, 100)
----

query II
SELECT k, v FROM kv WHERE (k, v) IN ((1, 100))
----
