diff -U3 --label=/mnt/data1/postgres/src/test/regress/expected/delete.out --label=/mnt/data1/postgres/src/test/regress/results/delete.out /mnt/data1/postgres/src/test/regress/expected/delete.out /mnt/data1/postgres/src/test/regress/results/delete.out
--- /mnt/data1/postgres/src/test/regress/expected/delete.out
+++ /mnt/data1/postgres/src/test/regress/results/delete.out
@@ -1,8 +1,11 @@
+CREATE SEQUENCE id_seq;
+ERROR:  relation "root.public.id_seq" already exists
 CREATE TABLE delete_test (
-    id SERIAL PRIMARY KEY,
+    id INT PRIMARY KEY DEFAULT nextval('id_seq'),
     a INT,
     b text
 );
+NOTICE:  using sequential values in a primary key does not perform as well as using random UUIDs. See https://www.cockroachlabs.com/docs/_version_/serial.html
 INSERT INTO delete_test (a) VALUES (10);
 INSERT INTO delete_test (a, b) VALUES (50, repeat('x', 10000));
 INSERT INTO delete_test (a) VALUES (100);
@@ -11,15 +14,12 @@
 -- if an alias is specified, don't allow the original table name
 -- to be referenced
 DELETE FROM delete_test dt WHERE delete_test.a > 25;
-ERROR:  invalid reference to FROM-clause entry for table "delete_test"
-LINE 1: DELETE FROM delete_test dt WHERE delete_test.a > 25;
-                                         ^
-HINT:  Perhaps you meant to reference the table alias "dt".
+ERROR:  no data source matches prefix: delete_test in this context
 SELECT id, a, char_length(b) FROM delete_test;
  id | a  | char_length 
 ----+----+-------------
-  1 | 10 |            
-  2 | 50 |       10000
+ 19 | 10 |            
+ 20 | 50 |       10000
 (2 rows)
 
 -- delete a row with a TOASTed value
@@ -27,7 +27,7 @@
 SELECT id, a, char_length(b) FROM delete_test;
  id | a  | char_length 
 ----+----+-------------
-  1 | 10 |            
+ 19 | 10 |            
 (1 row)
 
 DROP TABLE delete_test;
