diff -U3 --label=/mnt/data1/postgres/src/test/regress/expected/int2.out --label=/mnt/data1/postgres/src/test/regress/results/int2.out /mnt/data1/postgres/src/test/regress/expected/int2.out /mnt/data1/postgres/src/test/regress/results/int2.out
--- /mnt/data1/postgres/src/test/regress/expected/int2.out
+++ /mnt/data1/postgres/src/test/regress/results/int2.out
@@ -4,37 +4,21 @@
 -- int2_tbl was already created and filled in test_setup.sql.
 -- Here we just try to insert bad values.
 INSERT INTO INT2_TBL(f1) VALUES ('34.5');
-ERROR:  invalid input syntax for type smallint: "34.5"
-LINE 1: INSERT INTO INT2_TBL(f1) VALUES ('34.5');
-                                         ^
+ERROR:  could not parse "34.5" as type int: strconv.ParseInt: parsing "34.5": invalid syntax
 INSERT INTO INT2_TBL(f1) VALUES ('100000');
-ERROR:  value "100000" is out of range for type smallint
-LINE 1: INSERT INTO INT2_TBL(f1) VALUES ('100000');
-                                         ^
+ERROR:  integer out of range for type int2
 INSERT INTO INT2_TBL(f1) VALUES ('asdf');
-ERROR:  invalid input syntax for type smallint: "asdf"
-LINE 1: INSERT INTO INT2_TBL(f1) VALUES ('asdf');
-                                         ^
+ERROR:  could not parse "asdf" as type int: strconv.ParseInt: parsing "asdf": invalid syntax
 INSERT INTO INT2_TBL(f1) VALUES ('    ');
-ERROR:  invalid input syntax for type smallint: "    "
-LINE 1: INSERT INTO INT2_TBL(f1) VALUES ('    ');
-                                         ^
+ERROR:  could not parse "" as type int: strconv.ParseInt: parsing "": invalid syntax
 INSERT INTO INT2_TBL(f1) VALUES ('- 1234');
-ERROR:  invalid input syntax for type smallint: "- 1234"
-LINE 1: INSERT INTO INT2_TBL(f1) VALUES ('- 1234');
-                                         ^
+ERROR:  could not parse "- 1234" as type int: strconv.ParseInt: parsing "- 1234": invalid syntax
 INSERT INTO INT2_TBL(f1) VALUES ('4 444');
-ERROR:  invalid input syntax for type smallint: "4 444"
-LINE 1: INSERT INTO INT2_TBL(f1) VALUES ('4 444');
-                                         ^
+ERROR:  could not parse "4 444" as type int: strconv.ParseInt: parsing "4 444": invalid syntax
 INSERT INTO INT2_TBL(f1) VALUES ('123 dt');
-ERROR:  invalid input syntax for type smallint: "123 dt"
-LINE 1: INSERT INTO INT2_TBL(f1) VALUES ('123 dt');
-                                         ^
+ERROR:  could not parse "123 dt" as type int: strconv.ParseInt: parsing "123 dt": invalid syntax
 INSERT INTO INT2_TBL(f1) VALUES ('');
-ERROR:  invalid input syntax for type smallint: ""
-LINE 1: INSERT INTO INT2_TBL(f1) VALUES ('');
-                                         ^
+ERROR:  could not parse "" as type int: strconv.ParseInt: parsing "": invalid syntax
 SELECT * FROM INT2_TBL;
    f1   
 --------
@@ -47,52 +31,24 @@
 
 -- Also try it with non-error-throwing API
 SELECT pg_input_is_valid('34', 'int2');
- pg_input_is_valid 
--------------------
- t
-(1 row)
-
+ERROR:  unknown function: pg_input_is_valid()
 SELECT pg_input_is_valid('asdf', 'int2');
- pg_input_is_valid 
--------------------
- f
-(1 row)
-
+ERROR:  unknown function: pg_input_is_valid()
 SELECT pg_input_is_valid('50000', 'int2');
- pg_input_is_valid 
--------------------
- f
-(1 row)
-
+ERROR:  unknown function: pg_input_is_valid()
 SELECT * FROM pg_input_error_info('50000', 'int2');
-                     message                     | detail | hint | sql_error_code 
--------------------------------------------------+--------+------+----------------
- value "50000" is out of range for type smallint |        |      | 22003
-(1 row)
-
+ERROR:  unknown function: pg_input_error_info()
 -- While we're here, check int2vector as well
 SELECT pg_input_is_valid(' 1 3  5 ', 'int2vector');
- pg_input_is_valid 
--------------------
- t
-(1 row)
-
+ERROR:  unknown function: pg_input_is_valid()
 SELECT * FROM pg_input_error_info('1 asdf', 'int2vector');
-                    message                     | detail | hint | sql_error_code 
-------------------------------------------------+--------+------+----------------
- invalid input syntax for type smallint: "asdf" |        |      | 22P02
-(1 row)
-
+ERROR:  unknown function: pg_input_error_info()
 SELECT * FROM pg_input_error_info('50000', 'int2vector');
-                     message                     | detail | hint | sql_error_code 
--------------------------------------------------+--------+------+----------------
- value "50000" is out of range for type smallint |        |      | 22003
-(1 row)
-
+ERROR:  unknown function: pg_input_error_info()
 SELECT * FROM INT2_TBL AS f(a, b);
-ERROR:  table "f" has 1 columns available but 2 columns specified
+ERROR:  source "f" has 1 columns available but 2 columns specified
 SELECT * FROM (TABLE int2_tbl) AS s (a, b);
-ERROR:  table "s" has 1 columns available but 2 columns specified
+ERROR:  source "s" has 1 columns available but 2 columns specified
 SELECT i.* FROM INT2_TBL i WHERE i.f1 <> int2 '0';
    f1   
 --------
@@ -200,7 +156,15 @@
 (3 rows)
 
 SELECT i.f1, i.f1 * int2 '2' AS x FROM INT2_TBL i;
-ERROR:  smallint out of range
+   f1   |   x    
+--------+--------
+      0 |      0
+   1234 |   2468
+  -1234 |  -2468
+  32767 |  65534
+ -32767 | -65534
+(5 rows)
+
 SELECT i.f1, i.f1 * int2 '2' AS x FROM INT2_TBL i
 WHERE abs(f1) < 16384;
   f1   |   x   
@@ -221,7 +185,15 @@
 (5 rows)
 
 SELECT i.f1, i.f1 + int2 '2' AS x FROM INT2_TBL i;
-ERROR:  smallint out of range
+   f1   |   x    
+--------+--------
+      0 |      2
+   1234 |   1236
+  -1234 |  -1232
+  32767 |  32769
+ -32767 | -32765
+(5 rows)
+
 SELECT i.f1, i.f1 + int2 '2' AS x FROM INT2_TBL i
 WHERE f1 < 32766;
    f1   |   x    
@@ -243,7 +215,15 @@
 (5 rows)
 
 SELECT i.f1, i.f1 - int2 '2' AS x FROM INT2_TBL i;
-ERROR:  smallint out of range
+   f1   |   x    
+--------+--------
+      0 |     -2
+   1234 |   1232
+  -1234 |  -1236
+  32767 |  32765
+ -32767 | -32769
+(5 rows)
+
 SELECT i.f1, i.f1 - int2 '2' AS x FROM INT2_TBL i
 WHERE f1 > -32767;
   f1   |   x   
@@ -265,23 +245,23 @@
 (5 rows)
 
 SELECT i.f1, i.f1 / int2 '2' AS x FROM INT2_TBL i;
-   f1   |   x    
---------+--------
-      0 |      0
-   1234 |    617
-  -1234 |   -617
-  32767 |  16383
- -32767 | -16383
+   f1   |           x            
+--------+------------------------
+      0 |                      0
+   1234 |  617.00000000000000000
+  -1234 | -617.00000000000000000
+  32767 |  16383.500000000000000
+ -32767 | -16383.500000000000000
 (5 rows)
 
 SELECT i.f1, i.f1 / int4 '2' AS x FROM INT2_TBL i;
-   f1   |   x    
---------+--------
-      0 |      0
-   1234 |    617
-  -1234 |   -617
-  32767 |  16383
- -32767 | -16383
+   f1   |           x            
+--------+------------------------
+      0 |                      0
+   1234 |  617.00000000000000000
+  -1234 | -617.00000000000000000
+  32767 |  16383.500000000000000
+ -32767 | -16383.500000000000000
 (5 rows)
 
 -- corner cases
@@ -299,9 +279,17 @@
 
 -- check sane handling of INT16_MIN overflow cases
 SELECT (-32768)::int2 * (-1)::int2;
-ERROR:  smallint out of range
+ ?column? 
+----------
+    32768
+(1 row)
+
 SELECT (-32768)::int2 / (-1)::int2;
-ERROR:  smallint out of range
+       ?column?        
+-----------------------
+ 32768.000000000000000
+(1 row)
+
 SELECT (-32768)::int2 % (-1)::int2;
  ?column? 
 ----------
@@ -368,17 +356,11 @@
 (1 row)
 
 SELECT int2 '0b';
-ERROR:  invalid input syntax for type smallint: "0b"
-LINE 1: SELECT int2 '0b';
-                    ^
+ERROR:  could not parse "0b" as type int: strconv.ParseInt: parsing "0b": invalid syntax
 SELECT int2 '0o';
-ERROR:  invalid input syntax for type smallint: "0o"
-LINE 1: SELECT int2 '0o';
-                    ^
+ERROR:  could not parse "0o" as type int: strconv.ParseInt: parsing "0o": invalid syntax
 SELECT int2 '0x';
-ERROR:  invalid input syntax for type smallint: "0x"
-LINE 1: SELECT int2 '0x';
-                    ^
+ERROR:  could not parse "0x" as type int: strconv.ParseInt: parsing "0x": invalid syntax
 -- cases near overflow
 SELECT int2 '0b111111111111111';
  int2  
@@ -387,9 +369,7 @@
 (1 row)
 
 SELECT int2 '0b1000000000000000';
-ERROR:  value "0b1000000000000000" is out of range for type smallint
-LINE 1: SELECT int2 '0b1000000000000000';
-                    ^
+ERROR:  integer out of range for type int2
 SELECT int2 '0o77777';
  int2  
 -------
@@ -397,9 +377,7 @@
 (1 row)
 
 SELECT int2 '0o100000';
-ERROR:  value "0o100000" is out of range for type smallint
-LINE 1: SELECT int2 '0o100000';
-                    ^
+ERROR:  integer out of range for type int2
 SELECT int2 '0x7FFF';
  int2  
 -------
@@ -407,9 +385,7 @@
 (1 row)
 
 SELECT int2 '0x8000';
-ERROR:  value "0x8000" is out of range for type smallint
-LINE 1: SELECT int2 '0x8000';
-                    ^
+ERROR:  integer out of range for type int2
 SELECT int2 '-0b1000000000000000';
   int2  
 --------
@@ -417,9 +393,7 @@
 (1 row)
 
 SELECT int2 '-0b1000000000000001';
-ERROR:  value "-0b1000000000000001" is out of range for type smallint
-LINE 1: SELECT int2 '-0b1000000000000001';
-                    ^
+ERROR:  integer out of range for type int2
 SELECT int2 '-0o100000';
   int2  
 --------
@@ -427,9 +401,7 @@
 (1 row)
 
 SELECT int2 '-0o100001';
-ERROR:  value "-0o100001" is out of range for type smallint
-LINE 1: SELECT int2 '-0o100001';
-                    ^
+ERROR:  integer out of range for type int2
 SELECT int2 '-0x8000';
   int2  
 --------
@@ -437,9 +409,7 @@
 (1 row)
 
 SELECT int2 '-0x8001';
-ERROR:  value "-0x8001" is out of range for type smallint
-LINE 1: SELECT int2 '-0x8001';
-                    ^
+ERROR:  integer out of range for type int2
 -- underscores
 SELECT int2 '1_000';
  int2 
@@ -473,14 +443,8 @@
 
 -- error cases
 SELECT int2 '_100';
-ERROR:  invalid input syntax for type smallint: "_100"
-LINE 1: SELECT int2 '_100';
-                    ^
+ERROR:  could not parse "_100" as type int: strconv.ParseInt: parsing "_100": invalid syntax
 SELECT int2 '100_';
-ERROR:  invalid input syntax for type smallint: "100_"
-LINE 1: SELECT int2 '100_';
-                    ^
+ERROR:  could not parse "100_" as type int: strconv.ParseInt: parsing "100_": invalid syntax
 SELECT int2 '10__000';
-ERROR:  invalid input syntax for type smallint: "10__000"
-LINE 1: SELECT int2 '10__000';
-                    ^
+ERROR:  could not parse "10__000" as type int: strconv.ParseInt: parsing "10__000": invalid syntax
