# LogicTest: opt

statement ok
CREATE TABLE xy (x INT PRIMARY KEY, y INT)

query TTT colnames
EXPLAIN SELECT * FROM xy
----
Tree  Field  Description
scan  ·      ·
·     table  xy@primary
·     spans  ALL

query TTTTT colnames
EXPLAIN (TYPES) SELECT * FROM xy
----
Tree  Field  Description  Columns         Ordering
scan  ·      ·            (x int, y int)  ·
·     table  xy@primary   ·               ·
·     spans  ALL          ·               ·

query TTTTT colnames
EXPLAIN (VERBOSE) SELECT * FROM xy
----
Tree  Field  Description  Columns  Ordering
scan  ·      ·            (x, y)   ·
·     table  xy@primary   ·        ·
·     spans  ALL          ·        ·

query TTTTT
EXPLAIN (VERBOSE) SELECT x, x, y FROM xy
----
render       ·             ·                   (x, x, y)       ·
 │           render 0      x                   ·               ·
 │           render 1      x                   ·               ·
 │           render 2      y                   ·               ·
 └── scan    ·             ·                   (x, y)          ·
·            table         xy@primary          ·               ·
·            spans         ALL                 ·               ·

query TTTTT
EXPLAIN (VERBOSE) SELECT * FROM xy ORDER BY y
----
sort         ·             ·                   (x, y)          +y
 │           order         +y                  ·               ·
 └── scan    ·             ·                   (x, y)          ·
·            table         xy@primary          ·               ·
·            spans         ALL                 ·               ·

query TTTTT
EXPLAIN (VERBOSE) SELECT x, x, y FROM xy ORDER BY y
----
render          ·             ·                   (x, x, y)       ·
 │              render 0      x                   ·               ·
 │              render 1      x                   ·               ·
 │              render 2      y                   ·               ·
 └── sort       ·             ·                   (x, y)          +y
      │         order         +y                  ·               ·
      └── scan  ·             ·                   (x, y)          ·
·               table         xy@primary          ·               ·
·               spans         ALL                 ·               ·

query TTTTT
EXPLAIN (VERBOSE) SELECT * FROM xy INNER JOIN (VALUES (1, 2), (3, 4)) AS t(u,v) ON x=u
----
join         ·              ·                   (x, y, u, v)        ·
 │           type           inner               ·                   ·
 │           equality       (x) = (column1)     ·                   ·
 ├── scan    ·              ·                   (x, y)              ·
 │           table          xy@primary          ·                   ·
 │           spans          ALL                 ·                   ·
 └── values  ·              ·                   (column1, column2)  ·
·            size           2 columns, 2 rows   ·                   ·
·            row 0, expr 0  1                   ·                   ·
·            row 0, expr 1  2                   ·                   ·
·            row 1, expr 0  3                   ·                   ·
·            row 1, expr 1  4                   ·                   ·

query TT
SELECT "Tree", "Columns" FROM [ EXPLAIN (VERBOSE) SELECT * FROM xy ORDER BY y ]
----
sort         (x, y)
 │           ·
 └── scan    (x, y)
·            ·
·            ·

query IT
SELECT "Level", "Type" FROM [ EXPLAIN (VERBOSE) SELECT * FROM xy ORDER BY y ]
----
0          sort
0          ·
1          scan
1          ·
1          ·
