# LogicTest: local

statement ok
CREATE TABLE x (
  a INT PRIMARY KEY,
  b INT,
  INDEX (b)
)

statement ok
ALTER TABLE x INJECT STATISTICS '[
  {
    "columns": ["a"],
    "created_at": "2018-01-01 1:00:00.00000+00:00",
    "row_count": 123123,
    "distinct_count": 100,
    "histo_buckets": []
  },
  {
    "columns": ["b"],
    "created_at": "2018-01-01 1:00:00.00000+00:00",
    "row_count": 123123,
    "distinct_count": 123123,
    "histo_buckets": []
  }
]'

statement ok
CREATE TABLE y (
  u INT PRIMARY KEY,
  v INT REFERENCES x,
  INDEX (v)
)

query T
EXPLAIN (OPT, ENV) SELECT * FROM x WHERE b = 3
----
https://cockroachdb.github.io/text/decode.html#eJy0ksFum0AQhs_Zp_jFJbiFeDGXCKtSCdmotBhbsE1jWRZa1khBJWDB0hJVlfIQfkI_SQVxXY69hMNIM_98o_8Xe5_VTV6VDrxKfq8rIR9vb5B1mUzbvNhlNVTWKPx43SLEi5jLGbh7EzB00MmFgB_ya4RLjvBrEBjkIj1NXjtvGcY8cv2QQ9vX-ZOonzWsIn_hRmt8YWvoAm7sTQxy4Ye37AFdkib5roOe_p3fuQs_WI9wXRhIJ2QyJ8QNOItOfnqrV_s2LXJ51cEPPzOPI-Yu92PuezEuNwQAfg21_zRZFe1T2WgONufhIAjt3G-N0X6dCZXtEqE0B9qMWtcmtUxqgVoOpQ6l74eqjZBd3qi8lCqRVVv2mEXpSH7MG1UlsioS9bzP-qtjuGyL4gyOsbr6-e_gzLZm9qD9Nv47YfqGCQdDbxeSbC_nhLCHVeD6IfTlihtg4f0EMQv6X_4Od9FygQ7fPrGIIcUH2HNimqZJGilKdB9Pb4zgeDgcDy_HwwtkVTaqFnmpHExnU8vBZmrDxNTekj8BAAD__6-iy5g=

statement error ENV only supported with \(OPT\) option
EXPLAIN (ENV) SELECT * FROM x WHERE b = 3

query T
EXPLAIN (OPT, ENV) SELECT * FROM x WHERE b = 3
----
https://cockroachdb.github.io/text/decode.html#eJy0ksFum0AQhs_Zp_jFJbiFeDGXCKtSCdmotBhbsE1jWRZa1khBJWDB0hJVlfIQfkI_SQVxXY69hMNIM_98o_8Xe5_VTV6VDrxKfq8rIR9vb5B1mUzbvNhlNVTWKPx43SLEi5jLGbh7EzB00MmFgB_ya4RLjvBrEBjkIj1NXjtvGcY8cv2QQ9vX-ZOonzWsIn_hRmt8YWvoAm7sTQxy4Ye37AFdkib5roOe_p3fuQs_WI9wXRhIJ2QyJ8QNOItOfnqrV_s2LXJ51cEPPzOPI-Yu92PuezEuNwQAfg21_zRZFe1T2WgONufhIAjt3G-N0X6dCZXtEqE0B9qMWtcmtUxqgVoOpQ6l74eqjZBd3qi8lCqRVVv2mEXpSH7MG1UlsioS9bzP-qtjuGyL4gyOsbr6-e_gzLZm9qD9Nv47YfqGCQdDbxeSbC_nhLCHVeD6IfTlihtg4f0EMQv6X_4Od9FygQ7fPrGIIcUH2HNimqZJGilKdB9Pb4zgeDgcDy_HwwtkVTaqFnmpHExnU8vBZmrDxNTekj8BAAD__6-iy5g=

#
# Multiple Tables.
#

query T
EXPLAIN (OPT, ENV) SELECT * FROM x, y WHERE b = 3
----
https://cockroachdb.github.io/text/decode.html#eJy0k8Fum0wUhdeZpzhiE_h_iMHeRESVSsi4pSU4ApomiiIEmMjTEIiGgYKqSlGfwcs-nZ-kwnYc1LRVuwiLkebec67uEd-cZ7xiZWHCLtNbXsbp4uQYWZulSc3yecYhskqg2agIsX1qhRShdexStJDJXgzHCw_hzUJ4H1xXJXvJtrK52TMvCH3L8UJI95zdxbyTcOY7p5Z_iff0EnIMK7AVlew53gm9QBslEZu3kJPH-tQ6ddzLgV2OVSQKUY4IsdyQ-tt9-lUP7uskZ-lBC8d7R-0QQWiFThA6doD9KwIAX9Zn_0lpmdd3RSWZuNoV141Y2t2v1YGeZ7HI5lEsJBPSWDcONd3QdAO6Yeq6qev_r09pYJmzSrAiFVFa1kVvM3R90F6wSpRRWuaR6O6zfurQXNR5vjMObbz8_DRwPDHGk3Xvq_rXCZMXTLhe6OVCkuv9o59Q7HoU62coNv-IYv2I3EB6cxs1Ec9uohbTmU-dN95G2yjw6ZT61LNpgFaOnxDuomaDcPN7hGsVzZ8R7n6J8Do7vThzLceDPDsLVVDvXEFA3V77H6b-7BStig4f31KfIsErTI6IpmkaYUWRce1TyQrIi7haKASr5ffV8mG1fECVxgW6Z5X29fZF9p1v_Q9YLZdbQVoWleAxK4SJ0XhkmLgaTaBhNLkmA9kNy0XGK8iC15lCfgQAAP__Ye8zdQ==

#
# Same table twice should only show up once.
#

query T
EXPLAIN (OPT, ENV) SELECT * FROM x one, x two
----
https://cockroachdb.github.io/text/decode.html#eJy0kcFum0AQQM_erxhxCbQQLc4lsk8bspFoMbZgG8WKIrTgrbwt2bWWpSaqKuUjfOzX-UsqbNdF6iWXcBgxb-aNZrT3wjRSqwlEuvpuNK_WtzcgOlGVraxXwoAVjYUfxy6EoowSRoGRm4RCBy4acYhTdg3pnEH6JUl8NCpP5JhF8zRnGYlTBs7GyGduXhxYZPGMZEv4TJfgciB55PloFKe39AG6oizkqgO3_MvvyCxOlgPd5T6UHvKmCJGE0ey0T7_q5aYta1lddhCnn2jEIGeExTmLoxwuHhEAwM9D7D-n0nX7rBpnAo9neChw55w_-YN-I7gVq4JbZwLOGIfXAQ4DHAIOJxhPMP54iM5AWcnGSlXZotKt6rUQ40F5LRuri0rXhX3ZiH7qUFZtXZ_FoWb09t_A8VU4vjrUfvlvvrB8xwsPC73fkejpYooQfVgkJE7BnS-YDzS99yCnSf_kH-Aum8-gA5KDVsI__tmtnqIgCAIklRIm-KalAnfNm7WHYL_7vd-97nev0FRc9dZ_zG51z3Yn9lXWVpgGXGta4aE_AQAA__9eYt7E

#
# Set a relevant session variable to a non-default value and ensure it shows up
# in the environment dump.
#

statement ok
SET reorder_joins_limit = 100

query T
EXPLAIN (OPT, ENV) SELECT * FROM y WHERE u = 3
----
https://cockroachdb.github.io/text/decode.html#eJxUj89O20AQh8_sU_zEBbuKCSiXKhGHxUzabZ11tLulRAhZxlnULcFG6z-ybzyEnzBPUkVJpfY4o2--0Xdvfe2qco64Kl59lRe_7m5he1s8t263tR6NrRt0R4qxWBE3BMNvE8KAgJ21ENJ8hkwN5I8kmbCz7rQ5TnEqtVFcSIPzd-_ecj-cY63EiqsNvtMGQQuu4_B_9OU16zJvX7Iey1SR-CKPbBdC0ZIUyZg0-iA_3Al5Rw8Ysi5z2x5B99e35CuRbP55G7QTdCELF4zxxJA6dRwSL9_b550rLgcI-Y1iA224EdqIWOPi8eliwZgmA28rv7U--125ss527s01uMH11dWCMXpYJ1xIBOnaTEDyPoSm5OD6hKVKVxjw8yspQosbzBYsiqKI1UVeYmDYj-N-_NiPHyiqsm587spmjun1HI_TGSJMZ0_sTwAAAP__tV18Lw==

statement ok
SET enable_zigzag_join = false

query T
EXPLAIN (OPT, ENV) SELECT * FROM y WHERE u = 3
----
https://cockroachdb.github.io/text/decode.html#eJxUj81O20AUhdfMUxyxwa5iAsqmSpTFYG7aaZ1xNJ5SIoQsx5nQKcFG4x_FrHgIP2GepEqTSmV57_3uOfrujKtsWYwRlvmzK7P81-0NzM7kq8Zu18ahNlWN9kgxFirimqD5TUTo4LGzBkLqz5CxhvwRRQN21p42xymMZaIVF1Lj_NXZl8x151goMedqie-0hNeAJ6H_Ed08p23qzCbdYRYrEl_kkW19KJqRIhlSgp2XHf6EvKV7dGmb2vUOXvsvb8bnIlr-V-s1A7Q-8yeM8UiTOnkcFC9fm9XW5pcdhPxGoUaiuRaJFmGCi4fHiwljCWk4U7q1cenv0hZVurUvtsYU11dXp7spstXWpG_26S17-kthinKzmTBG94uICwkvXugBSN75SCg6VH3CTMVzdPj5lRShwRSjCQuCIGBVnhXoGPZ9v-_f9_078rKoapfZoh5jeD3Gw3CEAMPRI_sTAAD___ayhqM=

statement ok
SET experimental_optimizer_foreign_keys = true

query T
EXPLAIN (OPT, ENV) SELECT * FROM y WHERE u = 3
----
https://cockroachdb.github.io/text/decode.html#eJxUj8tu2kAUhteZp_iVTewqDonYVCAWjjO005oxGk_ToCgaGTOmU4yNxhfZrPIQPCFPUlGI1C7P-b9z-Z61rUxZjBCU6caWSfrr6RG60-myMflKW9S6qtGeKUICQX1JIf3HkKKHQ64aMC4_g0cS_EcY3pKr9tI5V0HEYyl8xiWud9ZsE9tfYy7YzBcLfKcLOA38OHD_R7ONapXVmeowjQRlX_iZbV0IOqWC8oDG6JzkNMf4E31Br1plVh2c9mPf1J-xcPHPWae5ResSd0yIH0oqLh4nxbtds8xNeteD8W80kIilL1ksWRDj5vXtZkxITCWsLu1KW_W7NEWlcrM1NSZ4uL-_5LpIlrlWe7PeJ-u_FCYos-wj7nbamq0u6iRX5a42W7PXVmWl1WZdqI3uqxNfjAmhL_PQZxxONJe3oPzZRUzD02efMBXRDD1-fqWCosEEwzHxPM8jVZoU6AmOh8Px8H48vCMti6q2iSnqEQYPI7wOhvAwGL6RPwEAAP__x3qYDA==

statement ok
RESET reorder_joins_limit

statement ok
RESET enable_zigzag_join

statement ok
RESET experimental_optimizer_foreign_keys

#
# Test sequences.
#

statement ok
CREATE SEQUENCE seq

query T
EXPLAIN (OPT, ENV) SELECT * FROM seq
----
https://cockroachdb.github.io/text/decode.html#eJwkjcFKxDAYBu95iu-oYmDbumZ1TzH-QqHJrmm27FXjDxZLS5tWfHwpvQ3MwDQ8pXbon2GG-DMNH_H79QX8x_FzabsvnjBzmvG7VUIYTzoQanq_kDOExCNs6RpdXQgZrL5u-JTnRaHyXfF42D8otT_sFEpnPFlyARnqoH1AdhSCrudKlw43p3O4B7nmFjVVZALu8OZPdl0chZRSisTjwn1kmbjjOK9G_AcAAP__7QE3fg==

#
# Test views.
#

statement ok
CREATE VIEW v AS SELECT a, b, u, v FROM x, y WHERE b = 3

query T
EXPLAIN (OPT, ENV) SELECT * FROM v
----
https://cockroachdb.github.io/text/decode.html#eJy0U91um0wUvM4-xYib4O-DGExTu7YqlZB1S4txChsnURQhwESmcSDlr1hVpajP4Ms-nZ-kwjgOSduovYgvVt5zZmbPiDmTIEnDOOpDi_2rJHb92eEBgjLwvTycT4MEWZBmKGoUIZpFVUZh04_H1NQo0uAzRro5UY1jChkj9bT--6rTUZRuR1Je9vZfdLv7PakL3dQsOqImgwybqRaDPNgqMvXAoCjBkx0Xusl6MMcM5rFhCGTH21TqmzY2bWapusnA3SThtZssOBxZ-ki1zvCBnoF3odpaSyA7unlIT1E6nhNOS_DeXX2ojnTjrEHnXQFei7QGhKgGo9Zmnsr83k3uzUN_r4Ruvqcaq2Znus10zcbuOQGAr-uz-nF-PM-vo5Tr43xbXDdcbnu_EBr4JHCzYOq4GdcH15HknijJoiRDkvuS1Jek_9cn16BMwzQLIz9z_DiPKposSY32LEyz2PHjuZMtboJKtUmO8vl8S2zSkvjLvWBHkTvKuvdN-GuH3jM6XA_0fCbJxe7jKC6qKOa_RLH4xyjmd5FrQC-vnMJJgkunxHBsUf2tWWOLFiw6pFa1WTZK3r2P8MIp6ggXf45wLqB4OsKL30a46X2i0xMU9ToIWCtCtWFTo6LdVzG0xqOH6yE8eurkHbUoPLyGMiCEnh4Zqm6CHx8xAdSctO5E_6u1igERRVEkYRQFifgpDiPwMzedtQhWyx-r5e1qeYvUd6OHzzzZLd9sVr9Cfa--9Gq53ID9OEqzxA2jrI92py33cd5WIKKtXJAG7DKcZ0GSgs-SPGiRnwEAAP__wUhoXw==
