# LogicTest: 5node

statement ok
CREATE TABLE j1 (
  k INT PRIMARY KEY,
  j JSON
)

# Insert many types of JSON values.
statement ok
INSERT INTO j1 VALUES
  (1, '{"a": "b"}'),
  (2, '[1,2,3,4, "foo"]'),
  (3, '{"a": {"b": "c"}}'),
  (4, '{"a": {"b": [1]}}'),
  (5, '{"a": {"b": [1, [2]]}}'),
  (6, '{"a": {"b": [[2]]}}'),
  (7, '{"a": "b", "c": "d"}'),
  (8, '{"a": {"b":true}}'),
  (9, '{"a": {"b":false}}'),
  (10, '"a"'),
  (11, 'null'),
  (12, 'true'),
  (13, 'false'),
  (14, '1'),
  (15, '1.23'),
  (16, '[{"a": {"b": [1, [2]]}}, "d"]'),
  (17, '{}'),
  (18, '[]'),
  (19, '["a", "a"]'),
  (20, '[{"a": "a"}, {"a": "a"}]'),
  (21, '[[[["a"]]], [[["a"]]]]'),
  (22, '[1,2,3,1]'),
  (23, '{"a": 123.123}'),
  (24, '{"a": 123.123000}'),
  (25, '{"a": [{}]}'),
  (26, '[[], {}]'),
  (27, '[true, false, null, 1.23, "a"]'),
  (28, '{"a": {}}'),
  (29, NULL),
  (30, '{"a": []}'),
  (31, '{"a": {"b": "c", "d": "e"}, "f": "g"}'),
  (32, '{"a": [1]}'),
  (33, '[1, "bar"]'),
  (34, '{"a": 1}'),
  (35, '[1]'),
  (36, '[2]'),
  (37, '[[1]]'),
  (38, '[[2]]'),
  (39, '["a"]'),
  (40, '{"a": [[]]}'),
  (41, '[[1, 2]]'),
  (42, '[[1], [2]]'),
  (43, '[{"a": "b", "c": "d"}]'),
  (44, '[{"a": "b"}, {"c": "d"}]')

statement ok
CREATE TABLE j2 (
  k INT PRIMARY KEY,
  i INT,
  j JSON,
  INVERTED INDEX ij_idx (i, j)
)

# Insert combinations of i and j. The first 3 primes after 44 are used to avoid
# primary key collisions.
statement ok
INSERT INTO j2 (
  SELECT k * i, i, j FROM j1
  CROSS JOIN (VALUES (47), (53), (59)) t1(i)
)

statement ok
ALTER TABLE j2 SPLIT AT VALUES (44), (88)

statement ok
ALTER TABLE j2 EXPERIMENTAL_RELOCATE VALUES (ARRAY[1], 1), (ARRAY[2], 44), (ARRAY[3], 88)

query TTTI colnames
SELECT start_key, end_key, replicas, lease_holder
FROM [SHOW EXPERIMENTAL_RANGES FROM TABLE j2] ORDER BY lease_holder
----
start_key  end_key  replicas  lease_holder
NULL       /44      {1}       1
/44        /88      {2}       2
/88        NULL     {3}       3

# This query performs an inverted join.
query T
EXPLAIN (DISTSQL)
SELECT * FROM j2@ij_idx, j1 WHERE i IN (2, 3) AND j2.j @> j1.j ORDER BY j1.k, j2.k
----
distribution: local
vectorized: true
·
• sort
│ order: +k,+k
│
└── • lookup join
    │ table: j2@j2_pkey
    │ equality: (k) = (k)
    │ equality cols are key
    │ pred: j @> j
    │
    └── • inverted join
        │ table: j2@ij_idx
        │
        └── • cross join
            │
            ├── • scan
            │     missing stats
            │     table: j1@j1_pkey
            │     spans: FULL SCAN
            │
            └── • values
                  size: 1 column, 2 rows
·
Diagram: https://cockroachdb.github.io/distsqlplan/decode.html#eJyUk91um0wQhs-_qxjNkf1lG8MCicTRJjFVXLl2iq3-qEUVNaMEjHfpLlSuLN97BU7j2A20Ppzdefw-hpcNmu85-hh8vBtfjSbQG45m89m7cR9mwTi4mcP_8DqcvoWMizT7miZrBpkNH26DMIBeCjXBGTj9PlxNhtDL-HkG4ktlWQ5BZp9nfZiGwyCE60_1uGSQ8fMlMpQqoUm8IoP-Z7QxYlhotSBjlK6PNs3CKFmjbzFMZVGV9XHEcKE0ob_BMi1zQh_n8becQooT0gMLGSZUxmne_Gxmi0Knq1j_RIY3Kq9W0vhQOyDDWRHX0yuMtgxVVe4TTBnfE_r2lv27xfs4r8gM7EMBF66hx2HxUMml6bcmWa1J-4BKKp2QpuQgIarJv628oHsbm4c3KpWkB_xQeVqVPgibCc6E02rMT3k2I_mDdEnJY6Bz9JJ-FwvZ02awLjSIi6ciiVryuZnLhNcq55wiV0s9tsf9Q2zfnrFSy6qATKUSlPRB1P9iOgFx-ZKkx8QFE5essW31dE_xnCldkh54h47CPWPCPmuN8E6JCMkUSho6blhLZyOGlNzTrqZGVXpBd1otmpjdOG245iAhU-5u-W4Yyeaq-ciew_YJMD-GeSfsHMDWMex0wm437HbCXjfsdcIXR3C0_e9XAAAA__87tdGD

statement ok
CREATE TABLE a1 (
  k INT PRIMARY KEY,
  a INT[]
)

statement ok
INSERT INTO a1 VALUES
  (1, '{}'),
  (2, '{1}'),
  (3, '{2}'),
  (4, '{1, 2}'),
  (5, '{1, 3}'),
  (6, '{1, 2, 3, 4}'),
  (7, ARRAY[NULL]::INT[]),
  (8, NULL)

statement ok
CREATE TABLE a2 (
  k INT PRIMARY KEY,
  i INT,
  a INT[],
  INVERTED INDEX ia_idx (i, a)
)

# Insert combinations of i and a. The first 3 primes after 44 are used to avoid
# primary key collisions.
statement ok
INSERT INTO a2 (
  SELECT k*i, i, a FROM a1
  CROSS JOIN (VALUES (47), (53), (59)) t1(i)
)

statement ok
ALTER TABLE a2 SPLIT AT VALUES (8), (16)

statement ok
ALTER TABLE a2 EXPERIMENTAL_RELOCATE VALUES (ARRAY[1], 1), (ARRAY[2], 8), (ARRAY[3], 16)

query TTTI colnames
SELECT start_key, end_key, replicas, lease_holder
FROM [SHOW EXPERIMENTAL_RANGES FROM TABLE a2] ORDER BY lease_holder
----
start_key  end_key  replicas  lease_holder
NULL       /8       {1}       1
/8         /16      {2}       2
/16        NULL     {3}       3

# This query performs an inverted join.
query T
EXPLAIN (DISTSQL)
SELECT * FROM a2@ia_idx, a1 WHERE i IN (2, 3) AND a2.a @> a1.a ORDER BY a1.k, a2.k
----
distribution: local
vectorized: true
·
• sort
│ order: +k,+k
│
└── • lookup join
    │ table: a2@a2_pkey
    │ equality: (k) = (k)
    │ equality cols are key
    │ pred: a @> a
    │
    └── • inverted join
        │ table: a2@ia_idx
        │
        └── • cross join
            │
            ├── • scan
            │     missing stats
            │     table: a1@a1_pkey
            │     spans: FULL SCAN
            │
            └── • values
                  size: 1 column, 2 rows
·
Diagram: https://cockroachdb.github.io/distsqlplan/decode.html#eJyUk11v2jAUhu_3K47OFaxeSZyklXLlfmQqE4MuoH1oiyaPHLUZwc7sZGJC_PcpoSuFNdm4PPZ5eB-SN2u0P3IMMfp4O7oYjqF3PZzOpu9GfZhGo-hqBi_hdTx5C5KLTH7N0hUD6cKHmyiOoJdBTXAGXr8PF-Nr6El-KkF8qRzHI5DuqezDJL6OYrj8VI8LBpKfLpCh0imN5ZIshp_RxYRhYfScrNWmPlo3C8N0haHDMFNFVdbHCcO5NoThGsuszAlDnMlvOcUkUzIDBxmmVMosb35WuqIw2VKaX8jwSufVUtkQagdkOC1kPb3CZMNQV-UuwZbyjjB0N-z_Ld7LvCI7cPcFfLiEHof5faUWtt-a5LQm7QIqpU1KhtK9hKQm_7XyjO6NtPdvdKbIDPi-8qQqQxAuE5wJr9WYH_NshuonmZLSh0Dv4CX9KRayx81oVRgQZ49FErXkUzOfiaBVzjtGrpZ6aI__l9iuPSOtF1UB33WmQKsQRP0vJmMQ589JBkycMXHOGttWT_8Yz6k2JZlBsO8o_BMm3JPWiOCYiJhsoZWlw4a1dDZhSOkdbWtqdWXmdGv0vInZjpOGaw5SsuX2lm-HoWqumo_sKeweAfNDmHfC3h7sHMJeJ-x3w34nHHTDQSd8dgAnmxe_AwAA___eotEF
