# LogicTest: 5node

statement ok
CREATE TABLE j1 (
  k INT PRIMARY KEY,
  j JSON
)

# Insert many types of JSON values.
statement ok
INSERT INTO j1 VALUES
  (1, '{"a": "b"}'),
  (2, '[1,2,3,4, "foo"]'),
  (3, '{"a": {"b": "c"}}'),
  (4, '{"a": {"b": [1]}}'),
  (5, '{"a": {"b": [1, [2]]}}'),
  (6, '{"a": {"b": [[2]]}}'),
  (7, '{"a": "b", "c": "d"}'),
  (8, '{"a": {"b":true}}'),
  (9, '{"a": {"b":false}}'),
  (10, '"a"'),
  (11, 'null'),
  (12, 'true'),
  (13, 'false'),
  (14, '1'),
  (15, '1.23'),
  (16, '[{"a": {"b": [1, [2]]}}, "d"]'),
  (17, '{}'),
  (18, '[]'),
  (19, '["a", "a"]'),
  (20, '[{"a": "a"}, {"a": "a"}]'),
  (21, '[[[["a"]]], [[["a"]]]]'),
  (22, '[1,2,3,1]'),
  (23, '{"a": 123.123}'),
  (24, '{"a": 123.123000}'),
  (25, '{"a": [{}]}'),
  (26, '[[], {}]'),
  (27, '[true, false, null, 1.23, "a"]'),
  (28, '{"a": {}}'),
  (29, NULL),
  (30, '{"a": []}'),
  (31, '{"a": {"b": "c", "d": "e"}, "f": "g"}'),
  (32, '{"a": [1]}'),
  (33, '[1, "bar"]'),
  (34, '{"a": 1}'),
  (35, '[1]'),
  (36, '[2]'),
  (37, '[[1]]'),
  (38, '[[2]]'),
  (39, '["a"]'),
  (40, '{"a": [[]]}'),
  (41, '[[1, 2]]'),
  (42, '[[1], [2]]'),
  (43, '[{"a": "b", "c": "d"}]'),
  (44, '[{"a": "b"}, {"c": "d"}]')

statement ok
CREATE TABLE j2 (
  k INT PRIMARY KEY,
  i INT,
  j JSON,
  INVERTED INDEX ij_idx (i, j)
)

# Insert combinations of i and j. The first 3 primes after 44 are used to avoid
# primary key collisions.
statement ok
INSERT INTO j2 (
  SELECT k * i, i, j FROM j1
  CROSS JOIN (VALUES (47), (53), (59)) t1(i)
)

statement ok
ALTER TABLE j2 SPLIT AT VALUES (44), (88)

statement ok
ALTER TABLE j2 EXPERIMENTAL_RELOCATE VALUES (ARRAY[1], 1), (ARRAY[2], 44), (ARRAY[3], 88)

query TTTI colnames
SELECT start_key, end_key, replicas, lease_holder
FROM [SHOW EXPERIMENTAL_RANGES FROM TABLE j2] ORDER BY lease_holder
----
start_key  end_key  replicas  lease_holder
NULL       /44      {1}       1
/44        /88      {2}       2
/88        NULL     {3}       3

# This query performs an inverted join.
query T
EXPLAIN (DISTSQL)
SELECT * FROM j2@ij_idx, j1 WHERE i IN (2, 3) AND j2.j @> j1.j ORDER BY j1.k, j2.k
----
distribution: local
vectorized: true
·
• sort
│ order: +k,+k
│
└── • lookup join
    │ table: j2@j2_pkey
    │ equality: (k) = (k)
    │ equality cols are key
    │ pred: j @> j
    │
    └── • inverted join
        │ table: j2@ij_idx
        │
        └── • cross join
            │
            ├── • scan
            │     missing stats
            │     table: j1@j1_pkey
            │     spans: FULL SCAN
            │
            └── • values
                  size: 1 column, 2 rows
·
Diagram: https://cockroachdb.github.io/distsqlplan/decode.html#eJyUk11v2jAUhu_3K47OFaxeyWcr5cptyVQmBl1A-9AWVRk5ahOCndnJxIT475ND1xbWZOPy2OfhfUjebFD_KDDA8PPN-GI0gd5wNJvPPoz7MAvH4dUcXsPbaPoecodn-W2WrhnkNny6DqMQehkYwmHg9vtwMRlCL3dOc-DfastyCXL7NO_DNBqGEVx-MeOSQe6cLpGhkClNkhVpDL6ijTHDUskFaS2VOdo0C6N0jYHFMBNlXZnjmOFCKsJgg1VWFYQBzpPvBUWUpKQGFjJMqUqyovnZ3Oa5fVsu6RcyvJJFvRI6AOOADGdlYqY3GG8Zyrp6StBVckcY2Fv2_xYfk6ImPbD3BTy4hJ4Di_taLHW_NclqTXoKqIVUKSlK9xJiQ_5r5QXd60Tfv5OZIDVw9pWndRUAtxl3GHdbjZ1jns1I_CRVUfoQ6B68pD_FQva4Ga5LBfzssUjcSD438xj3W-XcY-SM1EN7vL_ESpWtEmXaM5ZyWZeQy0yAFAFw8y-mE-DnL0n6jJ8xfs4a21ZP7xjPmVQVqYG_78i9E8btk9YI_5iIiHQphabDhrV0NmZI6R3taqplrRZ0o-SiidmN04ZrDlLS1e7W2Q0j0Vw1H9lz2D4Cdg5hpxN292DrEHY7Ya8b9jphvxv2O-GzAzjevvodAAD__7RG0TI=

statement ok
CREATE TABLE a1 (
  k INT PRIMARY KEY,
  a INT[]
)

statement ok
INSERT INTO a1 VALUES
  (1, '{}'),
  (2, '{1}'),
  (3, '{2}'),
  (4, '{1, 2}'),
  (5, '{1, 3}'),
  (6, '{1, 2, 3, 4}'),
  (7, ARRAY[NULL]::INT[]),
  (8, NULL)

statement ok
CREATE TABLE a2 (
  k INT PRIMARY KEY,
  i INT,
  a INT[],
  INVERTED INDEX ia_idx (i, a)
)

# Insert combinations of i and a. The first 3 primes after 44 are used to avoid
# primary key collisions.
statement ok
INSERT INTO a2 (
  SELECT k*i, i, a FROM a1
  CROSS JOIN (VALUES (47), (53), (59)) t1(i)
)

statement ok
ALTER TABLE a2 SPLIT AT VALUES (8), (16)

statement ok
ALTER TABLE a2 EXPERIMENTAL_RELOCATE VALUES (ARRAY[1], 1), (ARRAY[2], 8), (ARRAY[3], 16)

query TTTI colnames
SELECT start_key, end_key, replicas, lease_holder
FROM [SHOW EXPERIMENTAL_RANGES FROM TABLE a2] ORDER BY lease_holder
----
start_key  end_key  replicas  lease_holder
NULL       /8       {1}       1
/8         /16      {2}       2
/16        NULL     {3}       3

# This query performs an inverted join.
query T
EXPLAIN (DISTSQL)
SELECT * FROM a2@ia_idx, a1 WHERE i IN (2, 3) AND a2.a @> a1.a ORDER BY a1.k, a2.k
----
distribution: local
vectorized: true
·
• sort
│ order: +k,+k
│
└── • lookup join
    │ table: a2@a2_pkey
    │ equality: (k) = (k)
    │ equality cols are key
    │ pred: a @> a
    │
    └── • inverted join
        │ table: a2@ia_idx
        │
        └── • cross join
            │
            ├── • scan
            │     missing stats
            │     table: a1@a1_pkey
            │     spans: FULL SCAN
            │
            └── • values
                  size: 1 column, 2 rows
·
Diagram: https://cockroachdb.github.io/distsqlplan/decode.html#eJyUk91u2kwQhs-_qxjNEXzZBv8mko82Ca5CRSE1qD9qrWiLR4mL2XV37YoKce_VmjQJNHbL4ezOw_tgv96g-V5ghPHHm_HFaAK94Wg2n70b92EWj-OrOfwPr5PpWxAez8Vtnq0ZCBc-XMdJDL0cLOEx8Pt9uJgMoSe8UwH8S-04PoFwT0UfpskwTuDykx2XDIR3ukSGUmU0ESsyGH1GF1OGpVYLMkZpe7RpFkbZGiOHYS7LurLHKcOF0oTRBqu8KggjnIuvBSUkMtIDBxlmVIm8aH5WuFy4t-WSfiLDK1XUK2kisA7IcFYKO73CdMtQ1dVTgqnEHWHkbtm_W7wXRU1m4O4LBHAJPQ8W97Vcmn5rktOa9BRQS6Uz0pTtJaSW_NvKC7rXwty_UbkkPfD2lad1FQF3GfcY91uNvWOezUj-IF1R9hDoH7yk38VC9rgZr0sN_OyxSNxKPjcLGA9b5fxj5KzUQ3uCP8RKna-Etu0ZK7WsS_imcglKRsDtv5hOgJ-_JBkyfsb4OWtsWz2DYzxnSlekB-G-Iw9OGHdPWiPCYyISMqWShg4b1tLZlCFld7SrqVG1XtCNVosmZjdOG645yMhUu1tvN4xkc9V8ZM9h9wjYO4S9Ttjfg51D2O-Eg2446ITDbjjshM8O4HT7368AAAD__yu80Ks=
