# LogicTest: opt distsql-opt

statement ok
CREATE TABLE t (k INT PRIMARY KEY, v INT, w INT, INDEX(v));
INSERT INTO t VALUES (1, 1, 1), (2, -4, 8), (3, 9, 27), (4, -16, 94), (5, 25, 125), (6, -36, 216)

query TTTTT
EXPLAIN (VERBOSE) SELECT k, v FROM t ORDER BY k LIMIT 5
----
scan  ·      ·          (k, v)  +k
·     table  t@primary  ·       ·
·     spans  ALL        ·       ·
·     limit  5          ·       ·

query II
SELECT k, v FROM t ORDER BY k LIMIT 5
----
1  1
2  -4
3  9
4  -16
5  25

query TTTTT
EXPLAIN (VERBOSE) SELECT k, v FROM t ORDER BY k OFFSET 5
----
limit      ·       ·          (k, v)  +k
 │         offset  5          ·       ·
 └── scan  ·       ·          (k, v)  +k
·          table   t@primary  ·       ·
·          spans   ALL        ·       ·

query II
SELECT k, v FROM t ORDER BY k OFFSET 5
----
6  -36

query TTTTT
EXPLAIN (VERBOSE) SELECT k, v FROM t ORDER BY v LIMIT (1+4) OFFSET 1
----
limit      ·       ·          (k, v)  +v
 │         count   5          ·       ·
 │         offset  1          ·       ·
 └── scan  ·       ·          (k, v)  +v
·          table   t@t_v_idx  ·       ·
·          spans   ALL        ·       ·

query II
SELECT k, v FROM t ORDER BY v LIMIT (1+4) OFFSET 1
----
4  -16
2  -4
1  1
3  9
5  25

query TTTTT
EXPLAIN (VERBOSE) SELECT k, v FROM t ORDER BY v DESC LIMIT (1+4) OFFSET 1
----
limit           ·       ·          (k, v)  -v
 │              count   5          ·       ·
 │              offset  1          ·       ·
 └── sort       ·       ·          (k, v)  -v
      │         order   -v         ·       ·
      └── scan  ·       ·          (k, v)  ·
·               table   t@primary  ·       ·
·               spans   ALL        ·       ·

query II
SELECT k, v FROM t ORDER BY v DESC LIMIT (1+4) OFFSET 1
----
3  9
1  1
2  -4
4  -16
6  -36

query TTTTT
EXPLAIN (VERBOSE) SELECT SUM(w) FROM t GROUP BY k, v ORDER BY v DESC LIMIT 10
----
render                    ·            ·          (sum)         ·
 │                        render 0     agg0       ·             ·
 └── limit                ·            ·          (k, v, agg0)  -v
      │                   count        10         ·             ·
      └── sort            ·            ·          (k, v, agg0)  -v
           │              order        -v         ·             ·
           └── group      ·            ·          (k, v, agg0)  ·
                │         aggregate 0  k          ·             ·
                │         aggregate 1  v          ·             ·
                │         aggregate 2  sum(w)     ·             ·
                │         group by     @1-@2      ·             ·
                └── scan  ·            ·          (k, v, w)     ·
·                         table        t@primary  ·             ·
·                         spans        ALL        ·             ·

query R
SELECT SUM(w) FROM t GROUP BY k, v ORDER BY v DESC LIMIT 10
----
125
27
1
8
94
216

query TTTTT
EXPLAIN (VERBOSE) SELECT k FROM (SELECT k, v FROM t ORDER BY v LIMIT 4)
----
render     ·         ·          (k)     ·
 │         render 0  k          ·       ·
 └── scan  ·         ·          (k, v)  ·
·          table     t@t_v_idx  ·       ·
·          spans     ALL        ·       ·
·          limit     4          ·       ·

query I
SELECT k FROM (SELECT k, v FROM t ORDER BY v LIMIT 4)
----
6
4
2
1

query TTTTT
EXPLAIN (VERBOSE) SELECT k FROM (SELECT k, v, w FROM t ORDER BY v LIMIT 4)
----
render     ·         ·          (k)     ·
 │         render 0  k          ·       ·
 └── scan  ·         ·          (k, v)  ·
·          table     t@t_v_idx  ·       ·
·          spans     ALL        ·       ·
·          limit     4          ·       ·

query I
SELECT k FROM (SELECT k, v, w FROM t ORDER BY v LIMIT 4)
----
6
4
2
1
