# LogicTest: opt distsql-opt

statement ok
CREATE TABLE t (
  a INT PRIMARY KEY,
  b INT,
  c BOOLEAN
)

statement ok
INSERT INTO t VALUES (1, 9, true), (2, 8, false), (3, 7, NULL)

query B
SELECT c FROM t ORDER BY c
----
NULL
false
true

query TTTTT
EXPLAIN (VERBOSE) SELECT c FROM t ORDER BY c
----
sort       ·      ·          (c)  +c
 │         order  +c         ·    ·
 └── scan  ·      ·          (c)  ·
·          table  t@primary  ·    ·
·          spans  ALL        ·    ·

query B
SELECT c FROM t ORDER BY c DESC
----
true
false
NULL

query II
SELECT a, b FROM t ORDER BY b
----
3      7
2      8
1      9

query TTTTT
EXPLAIN (VERBOSE) SELECT a, b FROM t ORDER BY b
----
sort       ·      ·          (a, b)  +b
 │         order  +b         ·       ·
 └── scan  ·      ·          (a, b)  ·
·          table  t@primary  ·       ·
·          spans  ALL        ·       ·

query II
SELECT a, b FROM t ORDER BY b DESC
----
1 9
2 8
3 7

query TTTTT
EXPLAIN (VERBOSE) SELECT a, b FROM t ORDER BY b DESC
----
sort       ·      ·          (a, b)  -b
 │         order  -b         ·       ·
 └── scan  ·      ·          (a, b)  ·
·          table  t@primary  ·       ·
·          spans  ALL        ·       ·


query I
SELECT a FROM t ORDER BY 1 DESC
----
3
2
1

query TTTTT
EXPLAIN (VERBOSE) SELECT a, b FROM t ORDER BY b LIMIT 2
----
limit           ·      ·          (a, b)  +b
 │              count  2          ·       ·
 └── sort       ·      ·          (a, b)  +b
      │         order  +b         ·       ·
      └── scan  ·      ·          (a, b)  ·
·               table  t@primary  ·       ·
·               spans  ALL        ·       ·

query II
SELECT a, b FROM t ORDER BY b DESC LIMIT 2
----
1  9
2  8

# TODO(radu): this does not work. Unclear if we want to support it or not.
#query TTTTT
#EXPLAIN (VERBOSE) #SELECT DISTINCT c FROM t ORDER BY b LIMIT 2
#----
#limit                     0  limit     ·         ·                (c)                 weak-key(c)
# │                        0  ·         count     2                ·                   ·
# └── distinct             1  distinct  ·         ·                (c)                 weak-key(c)
#      └── sort            2  sort      ·         ·                (c)                 ·
#           │              2  ·         order     +b               ·                   ·
#           │              2  ·         strategy  iterative        ·                   ·
#           └── render     3  render    ·         ·                (c, b)              ·
#                │         3  ·         render 0  test.public.t.c  ·                   ·
#                │         3  ·         render 1  test.public.t.b  ·                   ·
#                └── scan  4  scan      ·         ·                (a[omitted], b, c)  a!=NULL; key(a)
#·                         4  ·         table     t@primary        ·                   ·
#·                         4  ·         spans     ALL              ·                   ·
#
#exec
#SELECT DISTINCT c FROM t ORDER BY b DESC LIMIT 2
#----
#true
#false

query I
SELECT b FROM t ORDER BY a DESC
----
7
8
9

query TTTTT
EXPLAIN (VERBOSE) SELECT b FROM t ORDER BY a DESC
----
render          ·         ·          (b)     ·
 │              render 0  b          ·       ·
 └── sort       ·         ·          (a, b)  -a
      │         order     -a         ·       ·
      └── scan  ·         ·          (a, b)  ·
·               table     t@primary  ·       ·
·               spans     ALL        ·       ·

query TTTTT
EXPLAIN (VERBOSE) SELECT b FROM t ORDER BY a LIMIT 1
----
render     ·         ·          (b)     ·
 │         render 0  b          ·       ·
 └── scan  ·         ·          (a, b)  +a
·          table     t@primary  ·       ·
·          spans     ALL        ·       ·
·          limit     1          ·       ·

query TTTTT
EXPLAIN (VERBOSE) SELECT b FROM t ORDER BY a DESC, b ASC
----
render          ·         ·          (b)     ·
 │              render 0  b          ·       ·
 └── sort       ·         ·          (a, b)  -a,+b
      │         order     -a,+b      ·       ·
      └── scan  ·         ·          (a, b)  ·
·               table     t@primary  ·       ·
·               spans     ALL        ·       ·

query TTTTT
EXPLAIN (VERBOSE) SELECT b FROM t ORDER BY a DESC, b DESC
----
render          ·         ·          (b)     ·
 │              render 0  b          ·       ·
 └── sort       ·         ·          (a, b)  -a,-b
      │         order     -a,-b      ·       ·
      └── scan  ·         ·          (a, b)  ·
·               table     t@primary  ·       ·
·               spans     ALL        ·       ·

query TTTTT
EXPLAIN (VERBOSE) SELECT * FROM t ORDER BY (b, t.*)
----
sort       ·      ·          (a, b, c)  +b,+a,+c
 │         order  +b,+a,+c   ·          ·
 └── scan  ·      ·          (a, b, c)  ·
·          table  t@primary  ·          ·
·          spans  ALL        ·          ·

query TTTTT
EXPLAIN (VERBOSE) SELECT * FROM t ORDER BY (b, a), c
----
sort       ·      ·          (a, b, c)  +b,+a,+c
 │         order  +b,+a,+c   ·          ·
 └── scan  ·      ·          (a, b, c)  ·
·          table  t@primary  ·          ·
·          spans  ALL        ·          ·

query TTTTT
EXPLAIN (VERBOSE) SELECT * FROM t ORDER BY b, (a, c)
----
sort       ·      ·          (a, b, c)  +b,+a,+c
 │         order  +b,+a,+c   ·          ·
 └── scan  ·      ·          (a, b, c)  ·
·          table  t@primary  ·          ·
·          spans  ALL        ·          ·

query TTTTT
EXPLAIN (VERBOSE) SELECT * FROM t ORDER BY (b, (a, c))
----
sort       ·      ·          (a, b, c)  +b,+a,+c
 │         order  +b,+a,+c   ·          ·
 └── scan  ·      ·          (a, b, c)  ·
·          table  t@primary  ·          ·
·          spans  ALL        ·          ·

statement ok
INSERT INTO t VALUES (4, 7), (5, 7)

query II
SELECT a, b FROM t WHERE b = 7 ORDER BY b, a
----
3      7
4      7
5      7

query II
SELECT a, b FROM t ORDER BY b, a DESC
----
5      7
4      7
3      7
2      8
1      9

query III
SELECT a, b, a+b AS ab FROM t WHERE b = 7 ORDER BY ab DESC, a
----
5      7      12
4      7      11
3      7      10

query I
SELECT a FROM t ORDER BY a+b DESC, a
----
5
4
1
2
3

query I
SELECT a FROM t ORDER BY (((a)))
----
1
2
3
4
5

# TODO(radu): LIMIT not supported.
#exec
#(((SELECT a FROM t))) ORDER BY a DESC LIMIT 4
#----
#a:int
#5
#4
#3
#2
#1
#
#exec
#(((SELECT a FROM t ORDER BY a DESC LIMIT 4)))
#----
#a:int
#5
#4
#3
#2
#1

# TODO(radu): functions as tables not yet implemented
#exec
#SELECT GENERATE_SERIES, ARRAY[GENERATE_SERIES] FROM GENERATE_SERIES(1, 1) ORDER BY 1
#----
#1 {1}
#
#exec
#SELECT GENERATE_SERIES, ARRAY[GENERATE_SERIES] FROM GENERATE_SERIES(1, 1) ORDER BY GENERATE_SERIES
#----
#1 {1}
#
#exec
#SELECT GENERATE_SERIES, ARRAY[GENERATE_SERIES] FROM GENERATE_SERIES(1, 1) ORDER BY -GENERATE_SERIES
#----
#1 {1}


# Check that sort is skipped if the ORDER BY clause is constant.
# TODO(radu): we don't optimize constant columns yet.
query TTTTT
EXPLAIN (VERBOSE) SELECT * FROM t ORDER BY 1+2
----
render               ·         ·          (a, b, c)                       ·
 │                   render 0  "t.a"      ·                               ·
 │                   render 1  "t.b"      ·                               ·
 │                   render 2  "t.c"      ·                               ·
 └── sort            ·         ·          (column4, "t.a", "t.b", "t.c")  +column4
      │              order     +column4   ·                               ·
      └── render     ·         ·          (column4, "t.a", "t.b", "t.c")  ·
           │         render 0  3          ·                               ·
           │         render 1  a          ·                               ·
           │         render 2  b          ·                               ·
           │         render 3  c          ·                               ·
           └── scan  ·         ·          (a, b, c)                       ·
·                    table     t@primary  ·                               ·
·                    spans     ALL        ·                               ·

query TTTTT
EXPLAIN (VERBOSE) SELECT 1, * FROM t ORDER BY 1
----
sort            ·         ·          ("1", a, b, c)  +"1"
 │              order     +"1"       ·               ·
 └── render     ·         ·          ("1", a, b, c)  ·
      │         render 0  1          ·               ·
      │         render 1  a          ·               ·
      │         render 2  b          ·               ·
      │         render 3  c          ·               ·
      └── scan  ·         ·          (a, b, c)       ·
·               table     t@primary  ·               ·
·               spans     ALL        ·               ·

query TTTTT
EXPLAIN (VERBOSE) SELECT * FROM t ORDER BY length('abc')
----
render               ·         ·              (a, b, c)                       ·
 │                   render 0  "t.a"          ·                               ·
 │                   render 1  "t.b"          ·                               ·
 │                   render 2  "t.c"          ·                               ·
 └── sort            ·         ·              (column4, "t.a", "t.b", "t.c")  +column4
      │              order     +column4       ·                               ·
      └── render     ·         ·              (column4, "t.a", "t.b", "t.c")  ·
           │         render 0  length('abc')  ·                               ·
           │         render 1  a              ·                               ·
           │         render 2  b              ·                               ·
           │         render 3  c              ·                               ·
           └── scan  ·         ·              (a, b, c)                       ·
·                    table     t@primary      ·                               ·
·                    spans     ALL            ·                               ·

# Check that the sort key reuses the existing render.
query TTTTT
EXPLAIN (VERBOSE) SELECT b+2 FROM t ORDER BY b+2
----
sort            ·         ·          ("b + 2")  +"b + 2"
 │              order     +"b + 2"   ·          ·
 └── render     ·         ·          ("b + 2")  ·
      │         render 0  b + 2      ·          ·
      └── scan  ·         ·          (b)        ·
·               table     t@primary  ·          ·
·               spans     ALL        ·          ·

# Check that the sort picks up a renamed render properly.
query TTTTT
EXPLAIN (VERBOSE) SELECT b+2 AS y FROM t ORDER BY y
----
sort            ·         ·          (y)  +y
 │              order     +y         ·    ·
 └── render     ·         ·          (y)  ·
      │         render 0  b + 2      ·    ·
      └── scan  ·         ·          (b)  ·
·               table     t@primary  ·    ·
·               spans     ALL        ·    ·

# Check that the sort reuses a render behind a rename properly.
query TTTTT
EXPLAIN (VERBOSE) SELECT b+2 AS y FROM t ORDER BY b+2
----
sort            ·         ·          (y)  +y
 │              order     +y         ·    ·
 └── render     ·         ·          (y)  ·
      │         render 0  b + 2      ·    ·
      └── scan  ·         ·          (b)  ·
·               table     t@primary  ·    ·
·               spans     ALL        ·    ·

statement ok
CREATE TABLE abc (
  a INT,
  b INT,
  c INT,
  d CHAR,
  PRIMARY KEY (a, b, c),
  UNIQUE INDEX bc (b, c),
  INDEX ba (b, a),
  FAMILY (a, b, c),
  FAMILY (d)
)

statement ok
INSERT INTO abc
SELECT x, (x-1)*3 + y, 4 - x, to_english((x-1)*3+y)
FROM
  GENERATE_SERIES(1, 3) AS x(x),
  GENERATE_SERIES(1, 3) AS y(y)

query T
SELECT d FROM abc ORDER BY LOWER(d)
----
eight
five
four
nine
one
seven
six
three
two

query TTTTT
EXPLAIN (VERBOSE) SELECT * FROM abc ORDER BY a
----
scan  ·      ·            (a, b, c, d)  +a
·     table  abc@primary  ·             ·
·     spans  ALL          ·             ·

query IIIT partialsort(1)
SELECT * FROM abc ORDER BY a
----
1  1  3  one
1  2  3  two
1  3  3  three
2  4  2  four
2  5  2  five
2  6  2  six
3  7  1  seven
3  8  1  eight
3  9  1  nine

query TTTTT
EXPLAIN (VERBOSE) SELECT * FROM abc ORDER BY a, c
----
sort       ·      ·            (a, b, c, d)  +a,+c
 │         order  +a,+c        ·             ·
 └── scan  ·      ·            (a, b, c, d)  ·
·          table  abc@primary  ·             ·
·          spans  ALL          ·             ·

query IIIT partialsort(1,3)
SELECT * FROM abc ORDER BY a, c
----
1  1  3  one
1  2  3  two
1  3  3  three
2  4  2  four
2  5  2  five
2  6  2  six
3  7  1  seven
3  8  1  eight
3  9  1  nine

query TTTTT
EXPLAIN (VERBOSE) SELECT a, b FROM abc ORDER BY b, a
----
scan  ·      ·       (a, b)  +b,+a
·     table  abc@ba  ·       ·
·     spans  ALL     ·       ·

query II
SELECT a, b FROM abc ORDER BY b, a
----
1  1
1  2
1  3
2  4
2  5
2  6
3  7
3  8
3  9

# The non-unique index ba includes column c (required to make the keys unique)
# so the results will already be sorted.
query TTTTT
EXPLAIN (VERBOSE) SELECT a, b, c FROM abc ORDER BY b, a, c
----
scan  ·      ·       (a, b, c)  +b,+a,+c
·     table  abc@ba  ·          ·
·     spans  ALL     ·          ·

query III
SELECT a, b, c FROM abc ORDER BY b, a, c
----
1  1  3
1  2  3
1  3  3
2  4  2
2  5  2
2  6  2
3  7  1
3  8  1
3  9  1

# We use the WHERE condition to force the use of index ba.
query TTTTT
EXPLAIN (VERBOSE) SELECT a, b, c FROM abc WHERE b > 4 ORDER BY b, a, d
----
render               ·         ·            (a, b, c)     ·
 │                   render 0  a            ·             ·
 │                   render 1  b            ·             ·
 │                   render 2  c            ·             ·
 └── sort            ·         ·            (a, b, c, d)  +b,+a,+d
      │              order     +b,+a,+d     ·             ·
      └── filter     ·         ·            (a, b, c, d)  ·
           │         filter    b > 4        ·             ·
           └── scan  ·         ·            (a, b, c, d)  ·
·                    table     abc@primary  ·             ·
·                    spans     ALL          ·             ·

query III
SELECT a, b, c FROM abc WHERE b > 4 ORDER BY b, a, d
----
2  5  2
2  6  2
3  7  1
3  8  1
3  9  1

# We cannot have rows with identical values for a,b,c so we don't need to
# sort for d.
query TTTTT
EXPLAIN (VERBOSE) SELECT a, b, c, d FROM abc WHERE b > 4 ORDER BY b, a, c, d
----
sort            ·       ·            (a, b, c, d)  +b,+a,+c,+d
 │              order   +b,+a,+c,+d  ·             ·
 └── filter     ·       ·            (a, b, c, d)  ·
      │         filter  b > 4        ·             ·
      └── scan  ·       ·            (a, b, c, d)  ·
·               table   abc@primary  ·             ·
·               spans   ALL          ·             ·

query IIIT
SELECT a, b, c, d FROM abc WHERE b > 4 ORDER BY b, a, c, d
----
2  5  2  five
2  6  2  six
3  7  1  seven
3  8  1  eight
3  9  1  nine

query TTTTT
EXPLAIN (VERBOSE) SELECT a, b FROM abc ORDER BY b, c
----
render     ·         ·       (a, b)     ·
 │         render 0  a       ·          ·
 │         render 1  b       ·          ·
 └── scan  ·         ·       (a, b, c)  +b,+c
·          table     abc@bc  ·          ·
·          spans     ALL     ·          ·

query II
SELECT a, b FROM abc ORDER BY b, c
----
1  1
1  2
1  3
2  4
2  5
2  6
3  7
3  8
3  9

query TTTTT
EXPLAIN (VERBOSE) SELECT a, b FROM abc ORDER BY c, b
----
render          ·         ·            (a, b)     ·
 │              render 0  a            ·          ·
 │              render 1  b            ·          ·
 └── sort       ·         ·            (a, b, c)  +c,+b
      │         order     +c,+b        ·          ·
      └── scan  ·         ·            (a, b, c)  ·
·               table     abc@primary  ·          ·
·               spans     ALL          ·          ·

query II
SELECT a, b FROM abc ORDER BY c, b
----
3  7
3  8
3  9
2  4
2  5
2  6
1  1
1  2
1  3

query TTTTT
EXPLAIN (VERBOSE) SELECT a, b FROM abc ORDER BY b, c, a
----
render     ·         ·       (a, b)     ·
 │         render 0  a       ·          ·
 │         render 1  b       ·          ·
 └── scan  ·         ·       (a, b, c)  +b,+c,+a
·          table     abc@bc  ·          ·
·          spans     ALL     ·          ·

query II
SELECT a, b FROM abc ORDER BY b, c, a
----
1  1
1  2
1  3
2  4
2  5
2  6
3  7
3  8
3  9

query TTTTT
EXPLAIN (VERBOSE) SELECT a, b FROM abc ORDER BY b, c, a DESC
----
render          ·         ·            (a, b)     ·
 │              render 0  a            ·          ·
 │              render 1  b            ·          ·
 └── sort       ·         ·            (a, b, c)  +b,+c,-a
      │         order     +b,+c,-a     ·          ·
      └── scan  ·         ·            (a, b, c)  ·
·               table     abc@primary  ·          ·
·               spans     ALL          ·          ·

query II
SELECT a, b FROM abc ORDER BY b, c, a DESC
----
1  1
1  2
1  3
2  4
2  5
2  6
3  7
3  8
3  9

query TTTTT
EXPLAIN (VERBOSE) SELECT a FROM abc ORDER BY a DESC
----
sort       ·      ·            (a)  -a
 │         order  -a           ·    ·
 └── scan  ·      ·            (a)  ·
·          table  abc@primary  ·    ·
·          spans  ALL          ·    ·

query I
SELECT a FROM abc ORDER BY a DESC
----
3
3
3
2
2
2
1
1
1

query I
SELECT a FROM abc ORDER BY a DESC LIMIT 1
----
3

query I
SELECT a FROM abc ORDER BY a DESC OFFSET 1
----
3
3
2
2
2
1
1
1

query TTTTT
EXPLAIN (VERBOSE) SELECT c FROM abc WHERE b = 2 ORDER BY c
----
sort            ·         ·       (c)     +c
 │              order     +c      ·       ·
 └── render     ·         ·       (c)     ·
      │         render 0  c       ·       ·
      └── scan  ·         ·       (b, c)  ·
·               table     abc@bc  ·       ·
·               spans     /2-/3   ·       ·

query TTTTT
EXPLAIN (VERBOSE) SELECT c FROM abc WHERE b = 2 ORDER BY c DESC
----
sort            ·         ·       (c)     -c
 │              order     -c      ·       ·
 └── render     ·         ·       (c)     ·
      │         render 0  c       ·       ·
      └── scan  ·         ·       (b, c)  ·
·               table     abc@bc  ·       ·
·               spans     /2-/3   ·       ·

# Verify that the ordering of the primary index is still used for the outer sort.
query TTTTT
EXPLAIN (VERBOSE) SELECT * FROM (SELECT b, c FROM abc WHERE a=1 ORDER BY a,b) ORDER BY b,c
----
render          ·         ·            (b, c)     ·
 │              render 0  b            ·          ·
 │              render 1  c            ·          ·
 └── sort       ·         ·            (a, b, c)  +b,+c
      │         order     +b,+c        ·          ·
      └── scan  ·         ·            (a, b, c)  ·
·               table     abc@primary  ·          ·
·               spans     /1-/2        ·          ·

statement ok
CREATE TABLE bar (
    id INT PRIMARY KEY,
    baz STRING,
    extra INT,
    UNIQUE INDEX i_bar (baz) STORING (extra)
)

statement ok
INSERT INTO bar VALUES (0, NULL, 10), (1, NULL, 5)

query TTTTT
EXPLAIN (VERBOSE) SELECT * FROM bar ORDER BY baz, extra
----
sort       ·      ·            (id, baz, extra)  +baz,+extra
 │         order  +baz,+extra  ·                 ·
 └── scan  ·      ·            (id, baz, extra)  ·
·          table  bar@primary  ·                 ·
·          spans  ALL          ·                 ·

# Here rowsort is needed because a unique index still allows duplicate NULL
# values. It's not correct to sort on baz alone, even though it is "unique".
query ITI
SELECT * FROM bar ORDER BY baz, extra
----
1  NULL  5
0  NULL  10

statement ok
CREATE TABLE abcd (
  a INT PRIMARY KEY,
  b INT,
  c INT,
  d INT,
  INDEX abc (a, b, c)
)

statement ok
INSERT INTO abcd VALUES (1, 4, 2, 3), (2, 3, 4, 1), (3, 2, 1, 2), (4, 4, 1, 1)

# Verify that render expressions after sorts perform correctly. We need the
# rowsort as we're attempting to force a RENDER expression after the first
# ORDER BY, to ensure it renders correctly, but the outer query doesn't
# guarantee that it will preserve the order.

query I rowsort
SELECT a+b FROM (SELECT * FROM abcd ORDER BY d)
----
5
5
5
8

query I rowsort
SELECT b+d FROM (SELECT * FROM abcd ORDER BY a,d)
----
7
4
4
5

# The following tests verify we recognize that sorting is not necessary
query TTTTT
EXPLAIN (VERBOSE) SELECT a, b, c FROM abcd WHERE (a, b) = (1, 4) ORDER BY c
----
sort       ·      ·          (a, b, c)  +c
 │         order  +c         ·          ·
 └── scan  ·      ·          (a, b, c)  ·
·          table  abcd@abc   ·          ·
·          spans  /1/4-/1/5  ·          ·

query TTTTT
EXPLAIN (VERBOSE) SELECT a, b, c FROM abcd WHERE (a, b) = (1, 4) ORDER BY c, b, a
----
sort       ·      ·          (a, b, c)  +c,+b,+a
 │         order  +c,+b,+a   ·          ·
 └── scan  ·      ·          (a, b, c)  ·
·          table  abcd@abc   ·          ·
·          spans  /1/4-/1/5  ·          ·

query TTTTT
EXPLAIN (VERBOSE) SELECT a, b, c FROM abcd WHERE (a, b) = (1, 4) ORDER BY b, a, c
----
sort       ·      ·          (a, b, c)  +b,+a,+c
 │         order  +b,+a,+c   ·          ·
 └── scan  ·      ·          (a, b, c)  ·
·          table  abcd@abc   ·          ·
·          spans  /1/4-/1/5  ·          ·

query TTTTT
EXPLAIN (VERBOSE) SELECT a, b, c FROM abcd WHERE (a, b) = (1, 4) ORDER BY b, c, a
----
sort       ·      ·          (a, b, c)  +b,+c,+a
 │         order  +b,+c,+a   ·          ·
 └── scan  ·      ·          (a, b, c)  ·
·          table  abcd@abc   ·          ·
·          spans  /1/4-/1/5  ·          ·

statement ok
CREATE TABLE nan (id INT PRIMARY KEY, x REAL)

statement ok
INSERT INTO nan VALUES (1, 0/0), (2, -1), (3, 1), (4, 0/0)

query R
SELECT x FROM nan ORDER BY x
----
NaN
NaN
-1
1

query TTTTT
EXPLAIN (VERBOSE) SELECT * FROM (VALUES ('a'), ('b'), ('c')) AS c(x) ORDER BY x
----
sort         ·              ·                 (x)  +x
 │           order          +x                ·    ·
 └── values  ·              ·                 (x)  ·
·            size           1 column, 3 rows  ·    ·
·            row 0, expr 0  'a'               ·    ·
·            row 1, expr 0  'b'               ·    ·
·            row 2, expr 0  'c'               ·    ·

query TTTTT
EXPLAIN (VERBOSE) SELECT * FROM (SELECT * FROM (VALUES ('a'), ('b'), ('c')) AS c(x) ORDER BY x)
----
values  ·              ·                 (x)  ·
·       size           1 column, 3 rows  ·    ·
·       row 0, expr 0  'a'               ·    ·
·       row 1, expr 0  'b'               ·    ·
·       row 2, expr 0  'c'               ·    ·

# TODO(radu): ordinality not supported
#query TTTTT
#EXPLAIN (VERBOSE) #SELECT * FROM (VALUES ('a'), ('b'), ('c')) WITH ORDINALITY ORDER BY ordinality ASC
#----
#ordinality   ·     ·
# └── values  ·     ·
#·            size  1 column, 3 rows
#
#query TTTTT
#EXPLAIN (VERBOSE) SELECT * FROM (VALUES ('a'), ('b'), ('c')) WITH ORDINALITY ORDER BY ordinality DESC
#----
#sort              ·      ·
# │                order  -"ordinality"
# └── ordinality   ·      ·
#      └── values  ·      ·
#·                 size   1 column, 3 rows
#
# Once ordinality is supported these test cases should have a sort node.
#query TTTTT
#EXPLAIN (VERBOSE) SELECT * FROM (SELECT * FROM (VALUES ('a'), ('b'), ('c')) AS c(x)) WITH ORDINALITY
#----
#values  0  values  ·              ·                 (x)  ·
#·       0  ·       size           1 column, 3 rows  ·    ·
#·       0  ·       row 0, expr 0  'a'               ·    ·
#·       0  ·       row 1, expr 0  'b'               ·    ·
#·       0  ·       row 2, expr 0  'c'               ·    ·
#
#query TTTTT
#EXPLAIN (VERBOSE) SELECT * FROM (SELECT * FROM (VALUES ('a'), ('b'), ('c')) AS c(x) ORDER BY x) WITH ORDINALITY
#----
#values  0  values  ·              ·                 (x)  ·
#·       0  ·       size           1 column, 3 rows  ·    ·
#·       0  ·       row 0, expr 0  'a'               ·    ·
#·       0  ·       row 1, expr 0  'b'               ·    ·
#·       0  ·       row 2, expr 0  'c'               ·    ·

# TODO(radu): DML statements not supported yet.
## Check that the ordering of the source does not propagate blindly to RETURNING.
#query TTTTT
#EXPLAIN (VERBOSE) #INSERT INTO t(a, b) SELECT * FROM (SELECT 1 AS x, 2 AS y) ORDER BY x RETURNING b
#----
#insert              0  insert    ·     ·        (b)     ·
# │                  0  ·         into  t(a, b)  ·       ·
# └── render         1  render    ·     ·        (x, y)  x=CONST; y=CONST
#      └── emptyrow  2  emptyrow  ·     ·        ()      ·
#
#query TTTTT
#EXPLAIN (VERBOSE) DELETE FROM t WHERE a = 3 RETURNING b
#----
#delete     0  delete  ·      ·          (b)        ·
# │         0  ·       from   t          ·          ·
# └── scan  1  scan    ·      ·          (a, b, c)  a=CONST; key()
#·          1  ·       table  t@primary  ·          ·
#·          1  ·       spans  /3-/3/#    ·          ·
#
#query TTTTT
#EXPLAIN (VERBOSE) UPDATE t SET c = TRUE RETURNING b
#----
#update          0  update  ·      ·          (b)                ·
# │              0  ·       table  t          ·                  ·
# │              0  ·       set    c          ·                  ·
# └── render     1  render  ·      ·          (a, b, c, "true")  "true"=CONST; a!=NULL; key(a)
#      └── scan  2  scan    ·      ·          (a, b, c)          a!=NULL; key(a)
#·               2  ·       table  t@primary  ·                  ·
#·               2  ·       spans  ALL        ·                  ·

statement ok
CREATE TABLE uvwxyz (
  u INT,
  v INT,
  w INT,
  x INT,
  y INT,
  z INT,
  INDEX ywxz (y, w, x, z, u, v),
  INDEX ywz (y, w, z, x)
)

# Verify that the outer ordering is propagated to index selection and we choose
# the index that avoids any sorting.
query TTTTT
EXPLAIN (VERBOSE) SELECT * FROM (SELECT y, w, x FROM uvwxyz WHERE y = 1 ORDER BY w) ORDER BY w, x
----
render          ·         ·            (y, w, x)  ·
 │              render 0  y            ·          ·
 │              render 1  w            ·          ·
 │              render 2  x            ·          ·
 └── sort       ·         ·            (w, x, y)  +w,+x
      │         order     +w,+x        ·          ·
      └── scan  ·         ·            (w, x, y)  ·
·               table     uvwxyz@ywxz  ·          ·
·               spans     /1-/2        ·          ·

statement ok
CREATE TABLE blocks (
  block_id  INT,
  writer_id STRING,
  block_num INT,
  raw_bytes BYTES,
  PRIMARY KEY (block_id, writer_id, block_num)
)

# TODO(radu): LIMIT not supported yet.
## Test that ordering goes "through" a renderNode that has a duplicate render of
## an order-by column (#13696).
#query TTTTT
#EXPLAIN (VERBOSE) #SELECT block_id,writer_id,block_num,block_id FROM blocks ORDER BY block_id, writer_id, block_num LIMIT 1
#----
#render          0  render  ·         ·                   (block_id, writer_id, block_num, block_id)                                      ·
# │              0  ·       render 0  "blocks.block_id"   ·                                                                               ·
# │              0  ·       render 1  "blocks.writer_id"  ·                                                                               ·
# │              0  ·       render 2  "blocks.block_num"  ·                                                                               ·
# │              0  ·       render 3  "blocks.block_id"   ·                                                                               ·
# └── render     1  render  ·         ·                   ("blocks.block_id", "blocks.writer_id", "blocks.block_num", "blocks.block_id")  ·
#      │         1  ·       render 0  block_id            ·                                                                               ·
#      │         1  ·       render 1  writer_id           ·                                                                               ·
#      │         1  ·       render 2  block_num           ·                                                                               ·
#      │         1  ·       render 3  block_id            ·                                                                               ·
#      └── scan  2  scan    ·         ·                   (block_id, writer_id, block_num, raw_bytes)                                     ·
#·               2  ·       table     blocks@primary      ·                                                                               ·
#·               2  ·       spans     ALL                 ·                                                                               ·
