statement ok
CREATE TABLE kv (
  k INT PRIMARY KEY,
  v INT
)

statement OK
INSERT INTO kv VALUES (1, 2), (3, 4), (5, NULL)

query error column "k" must appear in the GROUP BY clause or be used in an aggregate function
SELECT COUNT(*), k FROM kv
----
3

query error syntax error at or near ","
SELECT COUNT(*, 1) FROM kv
----

query error unknown signature for COUNT: COUNT\(int, int\)
SELECT COUNT(k, v) FROM kv
----

query error unimplemented ORDER BY with GROUP BY/aggregation
SELECT COUNT(k) FROM kv ORDER BY v
----

query I colnames
SELECT COUNT(*), COUNT(kv.*), COUNT(k), COUNT(kv.v) FROM kv
----
COUNT(*) COUNT(kv.*) COUNT(k) COUNT(kv.v)
3        3           3        2

query I
SELECT COUNT((k, v)) FROM kv
----
3

query I
SELECT COUNT((k, v)) FROM kv LIMIT 1
----
3

query I
SELECT COUNT((k, v)) FROM kv OFFSET 1
----


query I
SELECT COUNT(k)+COUNT(kv.v) FROM kv
----
5

query IIII
SELECT MIN(k), MAX(k), MIN(v), MAX(v) FROM kv
----
1 5 2 4

query IIII
SELECT MIN(k), MAX(k), MIN(v), MAX(v) FROM kv WHERE k > 5
----
NULL NULL NULL NULL

query RRII
SELECT AVG(k), AVG(v), SUM(k), SUM(v) FROM kv
----
3 3 9 6

query R
SELECT AVG(k) * 2.0 + MAX(v)::float FROM kv
----
10

query ITT
EXPLAIN SELECT COUNT(k) FROM kv
----
0 group COUNT(k)
1 scan  kv@primary

statement ok
CREATE TABLE abc (
  a CHAR PRIMARY KEY,
  b FLOAT,
  c BOOLEAN
)

statement ok
INSERT INTO abc VALUES ('one', 1.5, true), ('two', 2.0, false)

query RRR
SELECT MIN(a), MIN(b), MIN(c) FROM abc
----
one 1.5 false

query RRR
SELECT MAX(a), MAX(b), MAX(c) FROM abc
----
two 2 true

query RR
SELECT AVG(b), SUM(b) FROM abc
----
1.75 3.5

query error unknown signature for AVG: AVG\(string\)
SELECT AVG(a) FROM abc
----

query error unknown signature for AVG: AVG\(bool\)
SELECT AVG(c) FROM abc
----

query error unknown signature for AVG: AVG\(tuple\)
SELECT AVG((a,c)) FROM abc
----

query error unknown signature for SUM: SUM\(string\)
SELECT SUM(a) FROM abc
----

query error unknown signature for SUM: SUM\(bool\)
SELECT SUM(c) FROM abc
----

query error unknown signature for SUM: SUM\(tuple\)
SELECT SUM((a,c)) FROM abc
----
