statement ok
CREATE TABLE kv (
  k INT PRIMARY KEY,
  v INT,
  w INT,
  s STRING
)

# Aggregate functions return NULL if there are no rows.
query IIIRRRRBB
SELECT MIN(1), MAX(1), COUNT(1), AVG(1), SUM(1), STDDEV(1), VARIANCE(1), BOOL_AND(true), BOOL_AND(false) FROM kv
----
NULL NULL 0 NULL NULL NULL NULL NULL NULL

query IIIRRRRBB
SELECT MIN(v), MAX(v), COUNT(v), AVG(v), SUM(v), STDDEV(v), VARIANCE(v), BOOL_AND(v = 1), BOOL_AND(v = 1) FROM kv
----
NULL NULL 0 NULL NULL NULL NULL NULL NULL

# Aggregate functions triggers aggregation and computation when there is no source.
query IIIRRRRBB
SELECT MIN(1), COUNT(1), MAX(1), AVG(1)::float, SUM(1), STDDEV(1), VARIANCE(1), BOOL_AND(true), BOOL_OR(true)
----
1 1 1 1 1 NULL NULL true true

statement OK
INSERT INTO kv VALUES
(1, 2, 3, 'a'),
(3, 4, 5, 'a'),
(5, NULL, 5, NULL),
(6, 2, 3, 'b'),
(7, 2, 2, 'b'),
(8, 4, 2, 'A')

# Aggregate functions triggers aggregation and computation for every row even when applied to a constant.
query IIIRRRRBB
SELECT MIN(1), COUNT(1), MAX(1), AVG(1)::float, SUM(1), STDDEV(1), VARIANCE(1)::float, BOOL_AND(true), BOOL_OR(true) FROM kv
----
1 6 1 1 6 0 0 true true

# Even with no aggregate functions, grouping occurs in the presence of GROUP BY.
query I rowsort
SELECT 1 FROM kv GROUP BY v
----
1
1
1

# Presence of HAVING triggers aggregation, reducing results to one row (even without GROUP BY).
query I rowsort
SELECT 3 FROM kv HAVING TRUE;
----
3

query error column "k" must appear in the GROUP BY clause or be used in an aggregate function
SELECT COUNT(*), k FROM kv

query error unsupported comparison operator: <string> < <int>
SELECT COUNT(*) FROM kv GROUP BY s < 5

query II rowsort
SELECT COUNT(*), k FROM kv GROUP BY k
----
1 1
1 3
1 5
1 6
1 7
1 8

# GROUP BY specified using column index works.
query II rowsort
SELECT COUNT(*), k FROM kv GROUP BY 2
----
1 1
1 3
1 5
1 6
1 7
1 8

query error aggregate functions are not allowed in GROUP BY
SELECT * FROM kv GROUP BY v, COUNT(DISTINCT w)

query error aggregate functions are not allowed in RETURNING
INSERT INTO kv (k, v) VALUES (99, 100) RETURNING sum(v)

query error aggregate functions are not allowed in LIMIT
SELECT SUM(v) FROM kv GROUP BY k LIMIT SUM(v)

query error aggregate functions are not allowed in OFFSET
SELECT SUM(v) FROM kv GROUP BY k LIMIT 1 OFFSET SUM(v)

query error aggregate functions are not allowed in VALUES
INSERT INTO kv (k, v) VALUES (99, COUNT(1))

query error invalid column index: 5 not in range \[1, 2\]
SELECT COUNT(*), k FROM kv GROUP BY 5

query error invalid column index: 0 not in range \[1, 2\]
SELECT COUNT(*), k FROM kv GROUP BY 0

query error invalid column index: -4 not in range \[1, 2\]
SELECT COUNT(*), k FROM kv GROUP BY -4

query error non-integer constant column index
SELECT 1 GROUP BY 'a'

# Qualifying a name in the SELECT, the GROUP BY, both or neither should not affect validation.
query IT rowsort
SELECT COUNT(*), kv.s FROM kv GROUP BY s
----
1 A
1 NULL
2 a
2 b

query IT rowsort
SELECT COUNT(*), s FROM kv GROUP BY kv.s
----
1 A
1 NULL
2 a
2 b

query IT rowsort
SELECT COUNT(*), kv.s FROM kv GROUP BY kv.s
----
1 A
1 NULL
2 a
2 b

query IT rowsort
SELECT COUNT(*), s FROM kv GROUP BY s
----
1 A
1 NULL
2 a
2 b

# Grouping by more than one column works.
query III rowsort
SELECT v, COUNT(*), w FROM kv GROUP BY v, w
----
2    1 2
2    2 3
4    1 2
4    1 5
NULL 1 5

# Grouping by more than one column using column numbers works.
query III rowsort
SELECT v, COUNT(*), w FROM kv GROUP BY 1, 3
----
2    1 2
2    2 3
4    1 2
4    1 5
NULL 1 5

# Selecting and grouping on a function expression works.
query IT rowsort
SELECT COUNT(*), UPPER(s) FROM kv GROUP BY UPPER(s)
----
1 NULL
2 B
3 A

# Selecting a function of something which is grouped works.
query IT rowsort
SELECT COUNT(*), UPPER(s) FROM kv GROUP BY s
----
1 A
1 NULL
2 A
2 B

# Selecting a value that is not grouped, even if a function of it it, does not work.
query error column "s" must appear in the GROUP BY clause or be used in an aggregate function
SELECT COUNT(*), s FROM kv GROUP BY UPPER(s)

# Selecting and grouping on a more complex expression works.
query II rowsort
SELECT COUNT(*), k+v FROM kv GROUP BY k+v
----
1 12
1 3
1 7
1 8
1 9
1 NULL


# Selecting a more complex expression, made up of things which are each grouped, works.
query II rowsort
SELECT COUNT(*), k+v FROM kv GROUP BY k, v
----
1 12
1 3
1 7
1 8
1 9
1 NULL

query error column "v" must appear in the GROUP BY clause or be used in an aggregate function
SELECT COUNT(*), k+v FROM kv GROUP BY k

query error column "k" must appear in the GROUP BY clause or be used in an aggregate function
SELECT COUNT(*), k+v FROM kv GROUP BY v

query error column "v" must appear in the GROUP BY clause or be used in an aggregate function
SELECT COUNT(*), v/(k+v) FROM kv GROUP BY k+v

query error aggregate functions are not allowed in WHERE
SELECT k FROM kv WHERE AVG(k) > 1

query error aggregate function calls cannot be nested under MAX
SELECT MAX(AVG(k)) FROM kv

# Test case from #2761.
query II rowsort
SELECT count(kv.k) AS count_1, kv.v + kv.w AS lx FROM kv GROUP BY kv.v + kv.w
----
1  4
1  6
1  9
1  NULL
2  5

query TI rowsort
SELECT s, COUNT(*) FROM kv GROUP BY s HAVING COUNT(*) > 1
----
a 2
b 2

query TII rowsort
SELECT UPPER(s), COUNT(DISTINCT s), COUNT(DISTINCT UPPER(s)) FROM kv GROUP BY UPPER(s) HAVING COUNT(DISTINCT s) > 1
----
A 2 1

query II rowsort
SELECT MAX(k), MIN(v) FROM kv HAVING MIN(v) > 2
----

query II rowsort
SELECT MAX(k), MIN(v) FROM kv HAVING MAX(v) > 2
----
8 2

query error aggregate function calls cannot be nested under MAX
SELECT MAX(k), MIN(v) FROM kv HAVING MAX(MIN(v)) > 2

query error argument of HAVING must be type bool, not type int
SELECT MAX(k), MIN(v) FROM kv HAVING k;

# Expressions listed in the HAVING clause must conform to same validation as the SELECT clause (grouped or aggregated).
query error column "k" must appear in the GROUP BY clause or be used in an aggregate function
SELECT 3 FROM kv GROUP BY v HAVING k > 5;

# pg has a special case for grouping on primary key, which would allow this, but we do not.
# See http://www.postgresql.org/docs/current/static/sql-select.html#SQL-GROUPBY
query error column "v" must appear in the GROUP BY clause or be used in an aggregate function
SELECT 3 FROM kv GROUP BY k HAVING v > 2

query error column "k" must appear in the GROUP BY clause or be used in an aggregate function
SELECT k FROM kv HAVING k > 7;

query error syntax error at or near ","
SELECT COUNT(*, 1) FROM kv

query I
SELECT COUNT(*);
----
1

query I
SELECT COUNT(k) from kv;
----
6

query I
SELECT COUNT(1);
----
1

query I
SELECT COUNT(1) from kv;
----
6

query error unknown signature for COUNT: COUNT\(int, int\)
SELECT COUNT(k, v) FROM kv

query II
SELECT v, COUNT(k) FROM kv GROUP BY v ORDER BY v
----
NULL 1
2 3
4 2

query II
SELECT v, COUNT(k) FROM kv GROUP BY v ORDER BY v DESC
----
4 2
2 3
NULL 1

query II
SELECT v, COUNT(k) FROM kv GROUP BY v ORDER BY COUNT(k)
----
NULL 1
4 2
2 3

query II
SELECT v, COUNT(k) FROM kv GROUP BY v ORDER BY COUNT(k) DESC
----
2 3
4 2
NULL 1

query II
SELECT v, COUNT(k) FROM kv GROUP BY v ORDER BY v-COUNT(k)
----
NULL 1
2 3
4 2

query II
SELECT v, COUNT(k) FROM kv GROUP BY v ORDER BY 1 DESC
----
4 2
2 3
NULL 1

query IIII colnames
SELECT COUNT(*), COUNT(kv.*), COUNT(k), COUNT(kv.v) FROM kv
----
COUNT(*) COUNT(kv.*) COUNT(k) COUNT(kv.v)
6        6           6        5

query III
SELECT COUNT(DISTINCT k), COUNT(DISTINCT v), COUNT(DISTINCT (v)) FROM kv
----
6 2 2

query TIII rowsort
SELECT UPPER(s), COUNT(DISTINCT k), COUNT(DISTINCT v), COUNT(DISTINCT (v)) FROM kv GROUP BY UPPER(s)
----
A    3 2 2
B    2 1 1
NULL 1 0 0


query I
SELECT COUNT((k, v)) FROM kv
----
6

query I
SELECT COUNT(DISTINCT (k, v)) FROM kv
----
6

query I
SELECT COUNT(DISTINCT (k, (v))) FROM kv
----
6

query I
SELECT COUNT((k, v)) FROM kv LIMIT 1
----
6

query I
SELECT COUNT((k, v)) FROM kv OFFSET 1
----

query I
SELECT COUNT(k)+COUNT(kv.v) FROM kv
----
11

query IIII
SELECT MIN(k), MAX(k), MIN(v), MAX(v) FROM kv
----
1 8 2 4

# Even if no input rows match, we expect a row (of nulls).
query IIII
SELECT MIN(k), MAX(k), MIN(v), MAX(v) FROM kv WHERE k > 8
----
NULL NULL NULL NULL

query RRRR
SELECT AVG(k), AVG(v), SUM(k), SUM(v) FROM kv
----
5.0000000000000000 2.8000000000000000 30 14

query RRRR
SELECT AVG(k::decimal), AVG(v::decimal), SUM(k::decimal), SUM(v::decimal) FROM kv
----
5.0000000000000000 2.8000000000000000 30 14

query RRRR
SELECT AVG(DISTINCT k), AVG(DISTINCT v), SUM(DISTINCT k), SUM(DISTINCT v) FROM kv
----
5.0000000000000000 3.0000000000000000 30 6

query R
SELECT AVG(k) * 2.0 + MAX(v)::DECIMAL FROM kv
----
14.00000000000000000

query ITT
EXPLAIN SELECT COUNT(k) FROM kv
----
0 group COUNT(k)
1 scan  kv@primary

statement ok
CREATE TABLE abc (
  a CHAR PRIMARY KEY,
  b FLOAT,
  c BOOLEAN,
  d DECIMAL
)

statement ok
INSERT INTO abc VALUES ('one', 1.5, true, 5::decimal), ('two', 2.0, false, 1.1::decimal)

# Verify we don't try to apply the single-key optimization to the primary index.
query ITT
EXPLAIN SELECT MIN(a) FROM abc
----
0 group MIN(a)
1 scan  abc@primary - (max 1 row)

query TRBR
SELECT MIN(a), MIN(b), MIN(c), MIN(d) FROM abc
----
one 1.5 false 1.1

query TRBR
SELECT MAX(a), MAX(b), MAX(c), MAX(d) FROM abc
----
two 2 true 5

query RRRR
SELECT AVG(b), SUM(b), AVG(d), SUM(d) FROM abc
----
1.75 3.5 3.0500000000000000 6.1

query error unknown signature for AVG: AVG\(string\)
SELECT AVG(a) FROM abc

query error unknown signature for AVG: AVG\(bool\)
SELECT AVG(c) FROM abc

query error unknown signature for AVG: AVG\(tuple\)
SELECT AVG((a,c)) FROM abc

query error unknown signature for SUM: SUM\(string\)
SELECT SUM(a) FROM abc

query error unknown signature for SUM: SUM\(bool\)
SELECT SUM(c) FROM abc

query error unknown signature for SUM: SUM\(tuple\)
SELECT SUM((a,c)) FROM abc

statement ok
CREATE TABLE xyz (
  x INT PRIMARY KEY,
  y INT,
  z FLOAT,
  INDEX xy (x, y),
  INDEX zyx (z, y, x),
  FAMILY (x),
  FAMILY (y),
  FAMILY (z)
)

statement ok
INSERT INTO xyz VALUES (1, 2, 3.0), (4, 5, 6.0), (7, NULL, 8.0)

query I
SELECT MIN(x) FROM xyz
----
1

query ITT
EXPLAIN SELECT MIN(x) FROM xyz
----
0 group MIN(x)
1 scan  xyz@xy - (max 1 row)

query I
SELECT MIN(x) FROM xyz WHERE x in (0, 4, 7)
----
4

query ITT
EXPLAIN SELECT MIN(x) FROM xyz WHERE x in (0, 4, 7)
----
0 group MIN(x)
1 scan  xyz@xy /0-/1 /4-/5 /7-/8 (max 1 row)

query I
SELECT MAX(x) FROM xyz
----
7

query ITT
EXPLAIN SELECT MAX(x) FROM xyz
----
0 group    MAX(x)
1 revscan  xyz@xy - (max 1 row)

query I
SELECT MIN(y) FROM xyz WHERE x = 1
----
2

query ITT
EXPLAIN SELECT MIN(y) FROM xyz WHERE x = 1
----
0 group MIN(y)
1 scan  xyz@xy /1/#-/2 (max 1 row)

query I
SELECT MAX(y) FROM xyz WHERE x = 1
----
2

query ITT
EXPLAIN SELECT MAX(y) FROM xyz WHERE x = 1
----
0 group   MAX(y)
1 revscan xyz@xy /1/#-/2 (max 1 row)

query I
SELECT MIN(y) FROM xyz WHERE x = 7
----
NULL

query ITT
EXPLAIN SELECT MIN(y) FROM xyz WHERE x = 7
----
0 group MIN(y)
1 scan  xyz@xy /7/#-/8 (max 1 row)

query I
SELECT MAX(y) FROM xyz WHERE x = 7
----
NULL

query ITT
EXPLAIN SELECT MAX(y) FROM xyz WHERE x = 7
----
0 group   MAX(y)
1 revscan xyz@xy /7/#-/8 (max 1 row)

query I
SELECT MIN(x) FROM xyz WHERE (y, z) = (2, 3.0)
----
1

query ITT
EXPLAIN SELECT MIN(x) FROM xyz WHERE (y, z) = (2, 3.0)
----
0 group MIN(x)
1 scan  xyz@zyx /3/2/#-/3/3 (max 1 row)

query ITTT
EXPLAIN (DEBUG) SELECT MIN(x) FROM xyz WHERE (y, z) = (2, 3.0)
----
0 /xyz/zyx/3.0/2/1 NULL BUFFERED
0 0                (1)  ROW

query I
SELECT MAX(x) FROM xyz WHERE (z, y) = (3.0, 2)
----
1

query ITT
EXPLAIN SELECT MAX(x) FROM xyz WHERE (z, y) = (3.0, 2)
----
0 group   MAX(x)
1 revscan xyz@zyx /3/2/#-/3/3 (max 1 row)

query RRR
SELECT VARIANCE(x), VARIANCE(y::decimal), VARIANCE(z) FROM xyz
----
9.0000000000000000 4.5000000000000000 6.333333333333333

query ITTT
EXPLAIN (DEBUG) SELECT VARIANCE(x), VARIANCE(y::decimal), VARIANCE(z) FROM xyz
----
0 /xyz/primary/1    NULL                                                          PARTIAL
0 /xyz/primary/1/y  2                                                             PARTIAL
0 /xyz/primary/1/z  3.0                                                           BUFFERED
1 /xyz/primary/4    NULL                                                          PARTIAL
1 /xyz/primary/4/y  5                                                             PARTIAL
1 /xyz/primary/4/z  6.0                                                           BUFFERED
2 /xyz/primary/7    NULL                                                          PARTIAL
2 /xyz/primary/7/z  8.0                                                           BUFFERED
0 0                 (9.0000000000000000,  4.5000000000000000,  6.333333333333333) ROW

query R
SELECT VARIANCE(x) FROM xyz WHERE x = 10
----
NULL

query R
SELECT VARIANCE(x) FROM xyz WHERE x = 1
----
NULL

query ITT
EXPLAIN SELECT VARIANCE(x) FROM xyz WHERE x = 1
----
0 group VARIANCE(x)
1 scan xyz@xy /1-/2

query RRR
SELECT STDDEV(x), STDDEV(y::decimal), STDDEV(z) FROM xyz
----
3.0000000000000000 2.1213203435596426 2.516611478423583

query R
SELECT STDDEV(x) FROM xyz WHERE x = 1
----
NULL

# Verify we only look at one row for MIN when we have an index on that column.
query ITTT
EXPLAIN (DEBUG) SELECT MIN(z) FROM xyz
----
0 /xyz/zyx/3.0/2/1 NULL  BUFFERED
0 0                (3.0) ROW

query RRR
SELECT AVG(1::int)::float, AVG(2::float)::float, AVG(3::decimal)::float
----
1 2 3

query III
SELECT COUNT(2::int), COUNT(3::float), COUNT(4::decimal)
----
1 1 1

query RRR
SELECT SUM(1::int), SUM(2::float), SUM(3::decimal)
----
1 2 3

query RRR
SELECT VARIANCE(1::int), VARIANCE(1::float), VARIANCE(1::decimal)
----
NULL NULL NULL

query RRR
SELECT STDDEV(1::int), STDDEV(1::float), STDDEV(1::decimal)
----
NULL NULL NULL

# Ensure subqueries don't trigger aggregation.
query B
SELECT x > (SELECT avg(0)) FROM xyz LIMIT 1
----
true

statement ok
CREATE TABLE bools (b BOOL)

query BB
SELECT BOOL_AND(b), BOOL_OR(b) FROM bools
----
NULL NULL

statement OK
INSERT INTO bools VALUES (true), (true), (true)

query BB
SELECT BOOL_AND(b), BOOL_OR(b) FROM bools
----
true true

statement OK
INSERT INTO bools VALUES (false), (false)

query BB
SELECT BOOL_AND(b), BOOL_OR(b) FROM bools
----
false true

statement OK
DELETE FROM bools WHERE b

query BB
SELECT BOOL_AND(b), BOOL_OR(b) FROM bools
----
false false

# Tests for the single-row optimization.
statement OK
CREATE TABLE ab (
  a INT PRIMARY KEY,
  b INT,
  FAMILY (a),
  FAMILY (b)
)

statement OK
INSERT INTO ab VALUES
  (1, 10),
  (2, 20),
  (3, 30),
  (4, 40),
  (5, 50)

query ITT
EXPLAIN SELECT MIN(a) FROM abc
----
0 group MIN(a)
1 scan  abc@primary - (max 1 row)

# Verify we only buffer one row.
query ITTT
EXPLAIN (DEBUG) SELECT MIN(a) FROM ab
----
0 /ab/primary/1   NULL PARTIAL
0 /ab/primary/1/b 10   BUFFERED
0 0               (1)  ROW

query ITT
EXPLAIN SELECT MAX(a) FROM abc
----
0 group   MAX(a)
1 revscan abc@primary - (max 1 row)

# Verify we only buffer one row.
query ITTT
EXPLAIN (DEBUG) SELECT MAX(a) FROM ab
----
0 /ab/primary/5/b 50   PARTIAL
0 /ab/primary/5   NULL BUFFERED
0 0               (5)  ROW

