statement ok
CREATE TABLE t (a INT PRIMARY KEY)

statement ok
INSERT INTO t VALUES (1)

query ITTB colnames
EXPLAIN (DEBUG) SELECT * FROM t
----
RowIdx Key          Value Output
0      /t/primary/1 NULL  true

user testuser

statement error user testuser does not have CREATE privilege on table t
ALTER TABLE t ADD b INT

user root

statement ok
ALTER TABLE t ADD b INT

query TTTT colnames
SHOW COLUMNS FROM t
----
Field Type Null Default
a     INT  true NULL
b     INT  true NULL

statement ok
ALTER TABLE t ADD CONSTRAINT foo UNIQUE (b)

query ITTB
EXPLAIN (DEBUG) SELECT * FROM t@foo
----
0 /t/foo/NULL /1 true

statement error duplicate index name: "foo"
ALTER TABLE t ADD CONSTRAINT foo UNIQUE (b)

statement error multiple primary keys for table "t" are not allowed
ALTER TABLE t ADD CONSTRAINT bar PRIMARY KEY (b)

query TTTTT colnames
SHOW INDEX FROM t
----
Table  Name     Unique  Seq  Column  Storing
t      primary  true    1    a       false
t      foo      true    1    b       false

query II
SELECT * FROM t
----
1 NULL

statement ok
ALTER TABLE t ADD c INT

statement ok
INSERT INTO t VALUES (2, 1, 1), (3, 2, 1)

# TODO(tschottdorf): #1891, then:
# statement error duplicate key value \(c\)=\(1\) violates unique constraint "bar"
statement error unexpected value:.*
ALTER TABLE t ADD CONSTRAINT bar UNIQUE (c)

query II
SELECT * FROM t
----
1 NULL NULL
2 1    1
3 2    1
