statement ok
CREATE TABLE t (a INT PRIMARY KEY)

statement ok
INSERT INTO t VALUES (1)

query ITTB colnames
EXPLAIN (DEBUG) SELECT * FROM t
----
RowIdx Key          Value Output
0      /t/primary/1 NULL  true

user testuser

statement error user testuser does not have CREATE privilege on table t
ALTER TABLE t ADD b INT

user root

statement ok
ALTER TABLE t ADD b INT

query TTTT colnames
SHOW COLUMNS FROM t
----
Field Type Null Default
a     INT  true NULL
b     INT  true NULL

statement ok
ALTER TABLE t ADD CONSTRAINT foo UNIQUE (b)

query ITTB
EXPLAIN (DEBUG) SELECT * FROM t@foo
----
0 /t/foo/NULL /1 true

statement error duplicate index name: "foo"
ALTER TABLE t ADD CONSTRAINT foo UNIQUE (b)

statement error multiple primary keys for table "t" are not allowed
ALTER TABLE t ADD CONSTRAINT bar PRIMARY KEY (b)

query TTTTTT colnames
SHOW INDEX FROM t
----
Table  Name     Unique  Seq  Column  Storing
t      primary  true    1    a       false
t      foo      true    1    b       false

query II
SELECT * FROM t
----
1 NULL

statement ok
ALTER TABLE t ADD c INT

statement ok
INSERT INTO t VALUES (2, 1, 1), (3, 2, 1)

statement error duplicate key value \(c\)=\(1\) violates unique constraint "bar"
ALTER TABLE t ADD CONSTRAINT bar UNIQUE (c)

query III colnames
SELECT * FROM t
----
a b    c
1 NULL NULL
2 1    1
3 2    1

statement error column "d" does not exist
ALTER TABLE t DROP d

statement ok
ALTER TABLE t DROP IF EXISTS d

statement error column "a" is referenced by the primary key
ALTER TABLE t DROP a

statement error column "b" is referenced by existing index "foo"
ALTER TABLE t DROP b

statement error index "bar" does not exist
ALTER TABLE t DROP CONSTRAINT bar

statement ok
ALTER TABLE t DROP CONSTRAINT IF EXISTS bar

statement ok
ALTER TABLE t DROP CONSTRAINT foo

query TTTTTT colnames
SHOW INDEX FROM t
----
Table  Name     Unique  Seq  Column  Storing
t      primary  true    1    a       false

query ITTB colnames
EXPLAIN (DEBUG) SELECT * FROM t
----
RowIdx  Key             Value  Output
0       /t/primary/1    NULL   true
1       /t/primary/2    NULL   NULL
1       /t/primary/2/b  1      NULL
1       /t/primary/2/c  1      true
2       /t/primary/3    NULL   NULL
2       /t/primary/3/b  2      NULL
2       /t/primary/3/c  1      true

statement ok
ALTER TABLE t DROP b, DROP c

query ITTB colnames
EXPLAIN (DEBUG) SELECT * FROM t
----
RowIdx  Key             Value  Output
0       /t/primary/1    NULL   true
1       /t/primary/2    NULL   true
2       /t/primary/3    NULL   true
