statement ok
CREATE TABLE t (a INT PRIMARY KEY)

statement ok
INSERT INTO t VALUES (1)

query ITTT colnames
EXPLAIN (DEBUG) SELECT * FROM t
----
RowIdx Key          Value Disposition
0      /t/primary/1 NULL  ROW

user testuser

statement error user testuser does not have CREATE privilege on table t
ALTER TABLE t ADD b INT

user root

statement ok
ALTER TABLE t ADD b INT

query TTBT colnames
SHOW COLUMNS FROM t
----
Field Type Null  Default
a     INT  false NULL
b     INT  true  NULL

statement ok
ALTER TABLE t ADD CONSTRAINT foo UNIQUE (b)

query ITTT
EXPLAIN (DEBUG) SELECT b FROM t@foo
----
0 /t/foo/NULL /1 ROW

statement error duplicate index name: "foo"
ALTER TABLE t ADD CONSTRAINT foo UNIQUE (b)

statement error multiple primary keys for table "t" are not allowed
ALTER TABLE t ADD CONSTRAINT bar PRIMARY KEY (b)

query TTBITTB colnames
SHOW INDEXES FROM t
----
Table  Name     Unique  Seq  Column  Direction  Storing
t      primary  true    1    a       ASC        false
t      foo      true    1    b       ASC        false

query II
SELECT * FROM t
----
1 NULL

statement ok
ALTER TABLE t ADD c INT

statement ok
INSERT INTO t VALUES (2, 1, 1), (3, 2, 1)

statement error duplicate key value \(c\)=\(1\) violates unique constraint "bar"
ALTER TABLE t ADD CONSTRAINT bar UNIQUE (c)

query III colnames
SELECT * FROM t
----
a b    c
1 NULL NULL
2 1    1
3 2    1

statement error column "d" does not exist
ALTER TABLE t DROP d

statement ok
ALTER TABLE t DROP IF EXISTS d

statement error column "a" is referenced by the primary key
ALTER TABLE t DROP a

statement error column "b" is referenced by existing index "foo"
ALTER TABLE t DROP b

statement error index "bar" does not exist
ALTER TABLE t DROP CONSTRAINT bar

statement ok
ALTER TABLE t DROP CONSTRAINT IF EXISTS bar

statement ok
ALTER TABLE t DROP CONSTRAINT foo

query TTBITTB colnames
SHOW INDEXES FROM t
----
Table  Name     Unique  Seq  Column  Direction  Storing
t      primary  true    1    a       ASC        false

query ITTT colnames
EXPLAIN (DEBUG) SELECT * FROM t
----
RowIdx  Key             Value  Disposition
0       /t/primary/1    NULL   ROW
1       /t/primary/2    NULL   PARTIAL
1       /t/primary/2/b  1      PARTIAL
1       /t/primary/2/c  1      ROW
2       /t/primary/3    NULL   PARTIAL
2       /t/primary/3/b  2      PARTIAL
2       /t/primary/3/c  1      ROW

statement ok
ALTER TABLE t DROP b, DROP c

query ITTT colnames
EXPLAIN (DEBUG) SELECT * FROM t
----
RowIdx  Key             Value  Disposition
0       /t/primary/1    NULL   ROW
1       /t/primary/2    NULL   ROW
2       /t/primary/3    NULL   ROW

statement ok
ALTER TABLE t ADD d INT UNIQUE

statement ok
INSERT INTO t VALUES (4, 1)

statement error duplicate key value \(d\)=\(1\) violates unique constraint \"t_d_key\"
INSERT INTO t VALUES (5, 1)

# Add a column with no default value
statement ok
ALTER TABLE t ADD COLUMN x DECIMAL

# Add a non NULL column with a default value
statement ok
ALTER TABLE t ADD COLUMN y DECIMAL NOT NULL DEFAULT (DECIMAL '1.3')

# Add a non NULL column with no default value
statement error column q contains null values
ALTER TABLE t ADD COLUMN q DECIMAL NOT NULL

statement ok
ALTER TABLE t ADD COLUMN z DECIMAL DEFAULT (DECIMAL '1.4')

statement ok
INSERT INTO t VALUES (11, 12, DECIMAL '1.0')

statement ok
INSERT INTO t (a, d) VALUES (13, 14)

statement ok
INSERT INTO t (a, d, y) VALUES (21, 22, DECIMAL '1.0')

statement ok
INSERT INTO t (a, d) VALUES (23, 24)

statement ok
INSERT INTO t VALUES (31, 32)

statement ok
INSERT INTO t (a, d, x, y, z) VALUES (33, 34, DECIMAL '2.0', DECIMAL '2.1', DECIMAL '2.2')

query IITTT colnames
SELECT * FROM t
----
a   d     x     y     z
1   NULL  NULL  1.3   1.4
2   NULL  NULL  1.3   1.4
3   NULL  NULL  1.3   1.4
4   1     NULL  1.3   1.4
11  12    1     1.3   1.4
13  14    NULL  1.3   1.4
21  22    NULL  1     1.4
23  24    NULL  1.3   1.4
31  32    NULL  1.3   1.4
33  34    2     2.1   2.2

# Subsequent operations succeed because the table is empty
statement ok
CREATE TABLE tt (a INT PRIMARY KEY)

statement ok
ALTER TABLE tt ADD COLUMN q DECIMAL NOT NULL

statement ok
ALTER table tt ADD COLUMN r DECIMAL

query TTBT colnames
SHOW COLUMNS FROM tt
----
Field  Type     Null   Default
a      INT      false  NULL
q      DECIMAL  false  NULL
r      DECIMAL  true   NULL

# Default values can be added and changed after table creation.
statement ok
CREATE TABLE add_default (a int primary key, b int not null)

statement error null value in column "b" violates not-null constraint
INSERT INTO add_default (a) VALUES (1)

statement ok
ALTER TABLE add_default ALTER COLUMN b SET DEFAULT 42

statement ok
INSERT INTO add_default (a) VALUES (2)

statement ok
ALTER TABLE add_default ALTER COLUMN b SET DEFAULT 10

statement ok
INSERT INTO add_default (a) VALUES (3)

statement ok
ALTER TABLE add_default ALTER COLUMN b DROP DEFAULT

statement error null value in column "b" violates not-null constraint
INSERT INTO add_default (a) VALUES (4)

# Each row gets the default value from the time it was inserted.
query II
SELECT * FROM add_default
----
2 42
3 10
