query error unknown function: foo.bar
SELECT foo.bar()

query error unknown function: defaults
SELECT defaults()

query II colnames
SELECT LENGTH('roach7'), LENGTH(b'roach77')
----
LENGTH('roach7') LENGTH(b'roach77')
6                7

query II
SELECT LENGTH('Hello, 世界'), LENGTH(b'Hello, 世界')
----
9 13

statement error unknown signature for LENGTH: LENGTH\(int\)
SELECT LENGTH(23)

query II
SELECT octet_length('Hello'), octet_length(b'世界');
----
5 6

query T colnames
SELECT UPPER('roacH7')
----
UPPER('roacH7')
ROACH7

statement error unknown signature for UPPER: UPPER\(float\)
SELECT UPPER(2.2)

query T colnames
SELECT LOWER('RoacH7')
----
LOWER('RoacH7')
roach7

statement error unknown signature for LOWER: LOWER\(int\)
SELECT LOWER(32)

# Multiplying by zero so the result is deterministic.
query R
SELECT RANDOM() * 0.0
----
0

# Concatenating 'empty' because the empty string doesn't work in these tests.
query T
SELECT CONCAT() || 'empty'
----
empty

query T
SELECT CONCAT('RoacH', NULL)
----
RoacH

statement error unknown signature for CONCAT: CONCAT\(string, bool, float, bool\)
SELECT CONCAT('RoacH', false, 64.532, TRUE)
----

query T
SELECT SUBSTR('RoacH', 2, 3)
----
oac

query T
SELECT SUBSTRING('RoacH', 2, 3)
----
oac

query T
SELECT SUBSTRING('💩oacH', 2, 3)
----
oac

query T
SELECT SUBSTRING('RoacH' from 2 for 3)
----
oac

query T
SELECT SUBSTRING('RoacH' for 3 from 2)
----
oac

query T
SELECT SUBSTR('RoacH', 2)
----
oacH

query T
SELECT SUBSTR('💩oacH', 2)
----
oacH

query T
SELECT SUBSTRING('RoacH' from 2)
----
oacH

query T
SELECT SUBSTR('RoacH', -2)
----
RoacH

query T
SELECT SUBSTR('RoacH', -2, 4)
----
R

query T
SELECT SUBSTR('12345', 2, 77)
----
2345

query T
SELECT SUBSTR('12345', -2, 77)
----
12345

statement error SUBSTR: negative substring length -1 not allowed
SELECT SUBSTR('12345', 2, -1)

query T
SELECT SUBSTRING('12345' for 3)
----
123

query T
SELECT SUBSTRING('foobar' from 'o.b')
----
oob

query T
SELECT SUBSTRING('f(oabaroob' from '\(o(.)b')
----
a

query T
SELECT SUBSTRING('f(oabaroob' from '+(o(.)b' for '+')
----
a

query error SUBSTRING: error parsing regexp: missing closing \): `\\\\\(o\(.\)b`
SELECT SUBSTRING('f(oabaroob' from '\(o(.)b' for '+')

query error unknown signature for SUBSTRING: SUBSTRING()
SELECT SUBSTRING()

query T
SELECT CONCAT_WS(',', 'abcde', NULL)
----
abcde

query T
SELECT CONCAT_WS(',', 'abcde', '2')
----
abcde,2

statement error unknown signature for CONCAT_WS: CONCAT_WS\(string, string, int, NULL, int\)
SELECT CONCAT_WS(',', 'abcde', 2, NULL, 22)
----

query T
SELECT split_part('abc~@~def~@~ghi', '~@~', 2)
----
def

query T
SELECT repeat('Pg', 4)
----
PgPgPgPg

query T
SELECT repeat('Pg', -1) || 'empty'
----
empty

query I
SELECT ascii('x')
----
120

query I
select ascii('禅');
----
31109

query error ascii: the input string must not be empty
select ascii('');

query T
SELECT md5('abc')
----
900150983cd24fb0d6963f7d28e17f72

query T
SELECT sha1('abc')
----
a9993e364706816aba3e25717850c26c9cd0d89d

query T
SELECT sha256('abc')
----
ba7816bf8f01cfea414140de5dae2223b00361a396177a9cb410ff61f20015ad

query T
SELECT to_hex(2147483647)
----
7fffffff

query I
SELECT strpos('high', 'a')
----
0

query I
SELECT strpos('high', 'ig')
----
2

query I
SELECT strpos('💩high', 'ig')
----
3

query I
SELECT position('ig' in 'high')
----
2

query I
SELECT position('a' in 'high')
----
0

query error unknown signature for STRPOS: STRPOS()
SELECT position()

query T
SELECT overlay('123456789' placing 'xxxx' from 3);
----
12xxxx789

query T
SELECT overlay('123456789' placing 'xxxx' from 3 for 2);
----
12xxxx56789

query T
SELECT overlay('123456789' placing 'xxxx' from 3 for 6);
----
12xxxx9

query T
SELECT overlay('123456789' placing 'xxxx' from 15 for 6);
----
123456789xxxx

query T
SELECT overlay('123456789' placing 'xxxx' from 3 for 10);
----
12xxxx

query T
SELECT overlay('123456789' placing 'xxxx' from 3 for -1);
----
12xxxx23456789

query T
SELECT overlay('123456789' placing 'xxxx' from 3 for -8);
----
12xxxx123456789

query T
SELECT overlay('💩123456789' placing 'xxxxÂ' from 3 for 3);
----
💩1xxxxÂ56789

query error non-positive substring length not allowed: -1
SELECT overlay('123456789' placing 'xxxx' from -1 for 6);

query T
SELECT btrim('xyxtrimyyx', 'xy')
----
trim

query T
SELECT trim('xy' from 'xyxtrimyyx')
----
trim

query T
SELECT trim(both 'xy' from 'xyxtrimyyx')
----
trim

query T
SELECT 'a' || btrim('    postgres    ') || 'b'
----
apostgresb

query T
SELECT ltrim('zzzytrimxyz', 'xyz')
----
trimxyz

query T
SELECT trim(leading 'xyz' from 'zzzytrimxyz')
----
trimxyz

query T
SELECT ltrim('   trimxyz')
----
trimxyz

query T
SELECT trim(leading '   trimxyz')
----
trimxyz

query T
SELECT trim(leading from '   trimxyz')
----
trimxyz


query T
SELECT rtrim('xyzzzzytrimxyz', 'xyz')
----
xyzzzzytrim

query T
SELECT trim(trailing 'xyz' from 'xyzzzzytrimxyz')
----
xyzzzzytrim

query T
SELECT 'a' || rtrim(' zzzytrimxyz   ')
----
a zzzytrimxyz

query T
SELECT reverse('abcde')
----
edcba

query T
SELECT reverse('世界')
----
界世

query T
SELECT replace('abcdefabcdef', 'cd', 'XX')
----
abXXefabXXef

query T
SELECT replace(initcap('hi THOMAS'), ' ', '')
----
HiThomas

query T
SELECT initcap('THOMAS')
----
Thomas

query T
SELECT left('💩abcde'::bytes, 2)
----
[240 159]

query T
SELECT right('abcde💩'::bytes, 2)
----
[146 169]

query T
SELECT left('💩abcde', 2)
----
💩a

query T
SELECT right('abcde💩', 2)
----
e💩

query RRRIIR
SELECT abs(-1.2), abs(1.2), abs(-0.0), abs(0), abs(1), abs(-1.2121::decimal)
----
1.2 1.2 0 0 1 1.2121

query error abs: abs of min integer value \(-9223372036854775808\) not defined
SELECT abs(-9223372036854775808)

query I
SELECT abs(-9223372036854775807)
----
9223372036854775807

query B
SELECT abs(sin(pi())) < 1e-12
----
true

query RR
SELECT acos(-0.5), acos(0.5)
----
2.0943951023931957 1.0471975511965976

query RR
SELECT cot(-0.5), cot(0.5)
----
-1.830487721712452 1.830487721712452

query RRR
SELECT asin(-0.5), asin(0.5), asin(1.5)
----
-0.5235987755982989 0.5235987755982989 NaN

query RR
SELECT atan(-0.5), atan(0.5)
----
-0.4636476090008061 0.4636476090008061

query RR
SELECT atan2(-10.0, 5.0), atan2(10.0, 5.0)
----
-1.1071487177940904 1.1071487177940904

query RRR
SELECT cbrt(-1.0), cbrt(27.0), cbrt(19.3::decimal)
----
-1 3 2.6823725926296730

query RRRRR
SELECT ceil(-0.5), ceil(0.5), ceiling(0.5), ceil(0.1::decimal), ceiling(-0.9::decimal)
----
-0 1 1 1 0

query RR
SELECT cos(-0.5), cos(0.5)
----
0.8775825618903728 0.8775825618903728

query RRRRR
SELECT div(-1.0, 2.0), div(1.0, 2.0), div(9.0, 4.0), div(-9.0, 4.0), div(1.0, 0.0)
----
-0 0 2 -2 +Inf

query RR
SELECT degrees(-0.5), degrees(0.5)
----
-28.64788975654116 28.64788975654116

query RRRRRR
SELECT div(-1.0, 2.0), div(1.0, 2.0), div(9.0, 4.0), div(-9.0, 4.0), div(1.0, 0.0), div(1111.0::decimal, 9.44::decimal)
----
-0 0 2 -2 +Inf 117

query error div: division by zero
SELECT div(1.0::decimal, 0.0::decimal)

query RRR
SELECT exp(-1.0), exp(1.0), exp(2.0::decimal)
----
0.36787944117144233 2.718281828459045 7.3890560989306502

query RRR
SELECT floor(-1.5), floor(1.5), floor(9.123456789::decimal)
----
-2 1 9

query RRR
SELECT ln(-2.0), ln(2.0), ln(2.5::decimal)
----
NaN 0.6931471805599453 0.9162907318741551

query error cannot take logarithm of a negative number
SELECT ln(-100.000::decimal)

query error cannot take logarithm of zero
SELECT ln(0::decimal)

query RR
SELECT log(10.0), log(100.000::decimal)
----
1 2.0000000000000000

query error cannot take logarithm of a negative number
SELECT log(-100.000::decimal)

query error cannot take logarithm of zero
SELECT log(0::decimal)

query RRIR
SELECT mod(5.0, 2.0), mod(1.0, 0.0), mod(5, 2), mod(19.3::decimal, 2::decimal)
----
1 NaN 1 1.3

# mod returns the same results as PostgreSQL 9.4.4
# in tests below (except for the error message).

query error mod: zero modulus
SELECT mod(5, 0)

query error mod: zero modulus
SELECT mod(5::decimal, 0::decimal)

query II
SELECT mod(-100, -8), mod(-100, 8)
----
-4 -4

query I
SELECT mod(-9223372036854775808, 3)
----
-2

query I
SELECT mod(-9223372036854775808, -1)
----
0

query I
SELECT mod(9223372036854775807, -1)
----
0

query I
SELECT mod(9223372036854775807, -2)
----
1

query I
SELECT mod(9223372036854775807, 1)
----
0

query I
SELECT mod(9223372036854775807, 2)
----
1

query I
SELECT mod(9223372036854775807, 4)
----
3

# div and mod are a logical pair

query R
SELECT div(9.0, 2.0) * 2.0 + mod(9.0, 2.0)
----
9

query R
SELECT div(9.0, -2.0) * -2.0 + mod(9.0, -2.0)
----
9

query R
SELECT div(-9.0, 2.0) * 2.0 + mod(-9.0, 2.0)
----
-9

query R
SELECT div(-9.0, -2.0) * -2.0 + mod(-9.0, -2.0)
----
-9

query R
SELECT pi()
----
3.141592653589793

query RRR
SELECT pow(-3.0, 2.0), power(3.0, 2.0), pow(5.0::decimal, 2.0::decimal)
----
9 9 25.0000000000000000

query R
SELECT pow(CAST (pi() AS DECIMAL), DECIMAL '2.0')
----
9.8696044010893571

query RR
SELECT radians(-45.0), radians(45.0)
----
-0.7853981633974483 0.7853981633974483

# Our implementation of round is not fully Postgres-compatible because we do
# not allow negative numbers of digits.

query error round: number of digits must be greater than 0
SELECT round(41.2, -1)

query RRR
SELECT round(4.2, 0), round(4.2, 50), round(4.22222222::decimal, 3)
----
4 4.2 4.222

query R
SELECT round(1e-308, 324)
----
1e-308

# round to nearest even
query RRRR
SELECT round(-2.5, 0), round(-1.5, 0), round(1.5, 0), round(2.5, 0)
----
-2 -2 2 2

query RRRRRR
SELECT round(-2.5), round(-1.5), round(-0.0), round(0.0), round(1.5), round(2.5)
----
-2 -2 0 0 2 2

# round up for decimals
query RRRR
SELECT round(-2.5::decimal, 0), round(-1.5::decimal, 0), round(1.5::decimal, 0), round(2.5::decimal, 0)
----
-3 -2 2 3

query RRRRR
SELECT round(-2.5::decimal), round(-1.5::decimal), round(0.0::decimal), round(1.5::decimal), round(2.5::decimal)
----
-3 -2 0 2 3

# Test rounding to 14 digits, because the logic test itself
# formats floats rounded to 15 digits behind the decimal point.

query RRR
SELECT round(-2.123456789, 5), round(2.123456789, 5), round(2.12345678901234567890, 14)
----
-2.12346 2.12346 2.12345678901235

query RR
SELECT round(-1.7976931348623157e+308, 1), round(1.7976931348623157e+308, 1)
----
-1.7976931348623157e+308 1.7976931348623157e+308

query III
SELECT sign(-2), sign(0), sign(2)
----
-1 0 1

query RRRR
SELECT sign(-2.0), sign(-0.0), sign(0.0), sign(2.0)
----
-1 0 0 1

query RRR
SELECT sin(-1.0), sin(0.0), sin(1.0)
----
-0.8414709848078965 0 0.8414709848078965

query RR
SELECT sqrt(4.0), sqrt(9.0::decimal)
----
2 3.0000000000000000

query error cannot take square root of a negative number
SELECT sqrt(-1.0)

query error cannot take square root of a negative number
SELECT sqrt(-1.0::decimal)

query RRR
SELECT tan(-5.0), tan(0.0), tan(5.0)
----
3.3805150062465854 0 -3.3805150062465854

query RRRR
SELECT trunc(-0.0), trunc(0.0), trunc(1.9), trunc(19.5678::decimal)
----
0 0 1 19

query T
SELECT translate('Techonthenet.com', 'e.to', '456')
----
T4chn6h4n465cm

query T
SELECT translate('12345', '143', 'ax')
----
a2x5

query T
SELECT translate('12345', 'abc', 'ax')
----
12345

query T
SELECT translate('a‰ÒÁ', 'aÒ', '∏p')
----
∏‰pÁ

query T
SELECT regexp_extract('foobar', 'o.b')
----
oob

query T
SELECT regexp_extract('foobar', 'o(.)b')
----
o

query T
SELECT regexp_extract('foobar', '(o(.)b)')
----
oob

query T
SELECT regexp_extract('foabaroob', 'o(.)b')
----
a

query T
SELECT regexp_extract('foobar', 'o.x')
----
NULL

query T
SELECT regexp_replace('foobarbaz', 'b..', 'X')
----
fooXbaz

query T
SELECT regexp_replace('foobarbaz', 'b..', 'X', 'g')
----
fooXX

query T
SELECT regexp_replace('foobarbaz', 'b(..)', E'X\\1Y', 'g')
----
fooXarYXazY

query T
SELECT regexp_replace('foobarbaz', 'b(.)(.)', E'X\\2\\1\\3Y', 'g')
----
fooXraYXzaY

query T
SELECT regexp_replace(E'fooBa\nrbaz', 'b(..)', E'X\\&Y', 'gi')
----
fooXBa
YrXbazY

query T
SELECT regexp_replace(E'fooBa\nrbaz', 'b(..)', E'X\\&Y', 'gmi')
----
fooBa
rXbazY

query T
SELECT regexp_replace(E'fooBar\nbaz', 'b(..)$', E'X\\&Y', 'gpi')
----
fooBar
XbazY

query T
SELECT regexp_replace(E'fooBar\nbaz', 'b(..)$', E'X\\&Y', 'gwi')
----
fooXBarY
XbazY

query T
SELECT regexp_replace('foobarbaz', 'nope', 'NO')
----
foobarbaz

query error regexp_replace: invalid regexp flag: 'z'
SELECT regexp_replace(E'fooBar\nbaz', 'b(..)$', E'X\\&Y', 'z')

query I
SELECT extract(milliseconds FROM '2016-02-10 19:46:33.306157519'::timestamp)
----
306

query I
SELECT extract(millisecond FROM '2016-02-10 19:46:33.306157519'::timestamp)
----
306

query I
SELECT extract(microseconds FROM '2016-02-10 19:46:33.306157519'::timestamp)
----
306157

query I
SELECT extract(microsecond FROM '2016-02-10 19:46:33.306157519'::timestamp)
----
306157

query I
SELECT extract(nanoseconds FROM '2016-02-10 19:46:33.306157519'::timestamp)
----
306157519

query I
SELECT extract(nanosecond FROM '2016-02-10 19:46:33.306157519'::timestamp)
----
306157519

query I
SELECT extract(second FROM '2016-02-10 19:46:33.306157519'::timestamp)
----
33

query I
SELECT extract(seconds FROM '2016-02-10 19:46:33.306157519'::timestamp)
----
33

query I
SELECT extract(minute FROM '2016-02-10 19:46:33.306157519'::timestamp)
----
46

query I
SELECT extract(minutes FROM '2016-02-10 19:46:33.306157519'::timestamp)
----
46

query I
SELECT extract(hour FROM '2016-02-10 19:46:33.306157519'::timestamp)
----
19

query I
SELECT extract(hours FROM '2016-02-10 19:46:33.306157519'::timestamp)
----
19

query I
SELECT extract(day FROM '2016-02-10 19:46:33.306157519'::timestamp)
----
10

query I
SELECT extract(days FROM '2016-02-10 19:46:33.306157519'::timestamp)
----
10

query I
SELECT extract(month FROM '2016-02-10 19:46:33.306157519'::timestamp)
----
2

query I
SELECT extract(months FROM '2016-02-10 19:46:33.306157519'::timestamp)
----
2

query I
SELECT extract(year FROM '2016-02-10 19:46:33.306157519'::timestamp)
----
2016

query I
SELECT extract(years FROM '2016-02-10 19:46:33.306157519'::timestamp)
----
2016

query I
SELECT extract(epoch FROM '1970-01-02 00:00:01.000001'::timestamp)
----
86401

query I
SELECT extract(epoch_nanosecond FROM '1970-01-02 00:00:01.000001'::timestamp)
----
86401000001000

query I
SELECT extract(epoch_nanoseconds FROM '1970-01-02 00:00:01.000001'::timestamp)
----
86401000001000

query BI
SELECT experimental_unique_bytes() < experimental_unique_bytes(), length(experimental_unique_bytes())
----
true 9

query B
SELECT unique_rowid() < unique_rowid()
----
true

query BI
SELECT uuid_v4() != uuid_v4(), length(uuid_v4())
----
true 16

query error syntax error at or near.*
SELECT GREATEST()

query error syntax error at or near.*
SELECT LEAST()

query I
SELECT GREATEST(4, 5, 7, 1, 2)
----
7

query I
SELECT LEAST(4, 5, 7, 1, 2)
----
1

query I
SELECT GREATEST(4, NULL, 7, 1, 2)
----
7

query I
SELECT GREATEST(NULL, NULL, 7, NULL, 2)
----
7

query I
SELECT GREATEST(NULL, NULL, NULL, NULL, 2)
----
2

query I
SELECT GREATEST(2, NULL, NULL, NULL, NULL)
----
2

query I
SELECT LEAST(4, NULL, 7, 1, 2)
----
1

query I
SELECT GREATEST(NULL, NULL, NULL)
----
NULL

query I
SELECT LEAST(NULL, NULL, NULL)
----
NULL

query error GREATEST: expected 2 to be of type string, found type int
SELECT GREATEST(2, '4')

query error LEAST: expected 2 to be of type string, found type int
SELECT LEAST(2, '4')

query T
SELECT GREATEST('foo', 'bar', 'foobar')
----
foobar

query T
SELECT LEAST('foo', 'bar', 'foobar')
----
bar

query R
SELECT GREATEST(1, 1.2)
----
1.2

# Test float and int comparison.

query BBBB
select 1 = 1.0, 1.0 = 1, 1 = 2.0, 2.0 = 1
----
true true false false

query BBBB
select 1 < 2.0, 1.0 < 2, 2.0 < 1, 2 < 1.0
----
true true false false

query BBBB
select 1 <= 1.0, 1.0 <= 1, 2.0 <= 1, 2 <= 1.0
----
true true false false

query BBBB
select 2 > 1.0, 2.0 > 1, 1 > 2.0, 1.0 > 2
----
true true false false

query BBBB
select 1 >= 1.0, 1.0 >= 1, 1.0 >= 2, 1 >= 2.0
----
true true false false

# Test decimal and int comparison.

query BBBB
select 1 = 1.0::decimal, 1.0::decimal = 1, 1 = 2.0::decimal, 2.0::decimal = 1
----
true true false false

query BBBB
select 1 < 2.0::decimal, 1.0::decimal < 2, 2.0::decimal < 1, 2 < 1.0::decimal
----
true true false false

query BBBB
select 1 <= 1.0::decimal, 1.0::decimal <= 1, 2.0::decimal <= 1, 2 <= 1.0::decimal
----
true true false false

query BBBB
select 2 > 1.0::decimal, 2.0::decimal > 1, 1 > 2.0::decimal, 1.0::decimal > 2
----
true true false false

query BBBB
select 1 >= 1.0::decimal, 1.0::decimal >= 1, 1.0::decimal >= 2, 1 >= 2.0::decimal
----
true true false false

# Test float and decimal comparison.

query BBBB
select 1::decimal = 1.0, 1.0 = 1::decimal, 1::decimal = 2.0, 2.0 = 1::decimal
----
true true false false

query BBBB
select 1::decimal < 2.0, 1.0 < 2::decimal, 2.0 < 1::decimal, 2::decimal < 1.0
----
true true false false

query BBBB
select 1::decimal <= 1.0, 1.0 <= 1::decimal, 2.0 <= 1::decimal, 2::decimal <= 1.0
----
true true false false

query BBBB
select 2::decimal > 1.0, 2.0 > 1::decimal, 1::decimal > 2.0, 1.0 > 2::decimal
----
true true false false

query BBBB
select 1::decimal >= 1.0, 1.0 >= 1::decimal, 1.0 >= 2::decimal, 1::decimal >= 2.0
----
true true false false

query I
SELECT strpos(version(), 'CockroachDB')
----
1
