query error unknown function: foo.bar
SELECT foo.bar()
----

query error unknown function: defaults
SELECT defaults()
----

query I colnames
SELECT LENGTH('roach7')
----
LENGTH('roach7')
6

statement error unknown signature for LENGTH: LENGTH\(int\)
SELECT LENGTH(23)

query T colnames
SELECT UPPER('roacH7')
----
UPPER('roacH7')
ROACH7

statement error unknown signature for UPPER: UPPER\(float\)
SELECT UPPER(2.2)

query T colnames
SELECT LOWER('RoacH7')
----
LOWER('RoacH7')
roach7

statement error unknown signature for LOWER: LOWER\(int\)
SELECT LOWER(32)

# Multiplying by zero so the result is deterministic.
query R
SELECT RANDOM() * 0.0
----
0

# Concatenating 'empty' because the empty string doesn't work in these tests.
query T
SELECT CONCAT() || 'empty'
----
empty

query T
SELECT CONCAT('RoacH', NULL)
----
RoacH

statement error CONCAT: argument type unsupported: bool
SELECT CONCAT('RoacH', false, 64.532, TRUE)
----

query T
SELECT SUBSTR('RoacH', 2, 3)
----
oac

#query T
#SELECT SUBSTRING('RoacH', 2, 3)
#----
#oac

query T
SELECT SUBSTR('RoacH', 2)
----
oacH

query T
SELECT SUBSTR('RoacH', -2)
----
RoacH

query T
SELECT SUBSTR('RoacH', -2, 4)
----
R

query T
SELECT SUBSTR('12345', 2, 77)
----
2345

query T
SELECT SUBSTR('12345', -2, 77)
----
12345

statement error SUBSTR: negative substring length -1 not allowed
SELECT SUBSTR('12345', 2, -1)

query T
SELECT CONCAT_WS(',', 'abcde', NULL)
----
abcde

query T
SELECT CONCAT_WS(',', 'abcde', '2')
----
abcde,2

statement error CONCAT_WS: argument type unsupported: int
SELECT CONCAT_WS(',', 'abcde', 2, NULL, 22)
----

query T
SELECT split_part('abc~@~def~@~ghi', '~@~', 2)
----
def

query T
SELECT repeat('Pg', 4)
----
PgPgPgPg

query T
SELECT repeat('Pg', -1) || 'empty'
----
empty

query T
SELECT ascii('x')
----
120

query T
select ascii('ç¦…');
----
31109

query error ascii: the input string should not be empty
select ascii('');
----

query T
SELECT md5('abc')
----
900150983cd24fb0d6963f7d28e17f72

query T
SELECT sha1('abc')
----
a9993e364706816aba3e25717850c26c9cd0d89d

query T
SELECT sha256('abc')
----
ba7816bf8f01cfea414140de5dae2223b00361a396177a9cb410ff61f20015ad

query T
SELECT to_hex(2147483647)
----
7fffffff

query T
SELECT strpos('high', 'ig')
----
2

query T
SELECT btrim('xyxtrimyyx', 'xy')
----
trim

query T
SELECT 'a' || btrim('    postgres    ') || 'b'
----
apostgresb

query T
SELECT ltrim('zzzytrimxyz', 'xyz')
----
trimxyz

query T
SELECT ltrim('   trimxyz')
----
trimxyz

query T
SELECT rtrim('zzzytrimxyz', 'xyz')
----
zzzytrim

query T
SELECT rtrim('zzzytrimxyz   ')
----
zzzytrimxyz

query T
SELECT reverse('abcde')
----
edcba

query T
SELECT replace('abcdefabcdef', 'cd', 'XX')
----
abXXefabXXef

query T
SELECT replace(initcap('hi THOMAS'), ' ', '')
----
HiThomas

query T
SELECT initcap('THOMAS')
----
Thomas

query T
SELECT left('abcde', 2)
----
ab

query T
SELECT right('abcde', 2)
----
de

# TIMESTAMP/DATE builtins.

query T
SELECT age(timestamp '2001-04-10 22:06:45', timestamp '1957-06-13')
----
384190h6m45s

query T
SELECT age(timestamp '1957-06-13') - age(now(), timestamp '1957-06-13') < interval '10s'
----
true

query T
SELECT now() - timestamp '2015-06-13' > interval '100h'
----
true

query T
SELECT now() - current_date::timestamp < interval '24h10s'
----
true

query error syntax error at or near "\("
SELECT current_date()
----

query T
SELECT now() - current_timestamp < interval '10s'
----
true

query error syntax error at or near "\("
SELECT current_timestamp()
----

query T
SELECT extract(year from timestamp '2001-04-10 12:04:59')
----
2001

query T
SELECT extract(quarter from timestamp '2001-04-10 12:04:59')
----
2

query T
SELECT extract(month from timestamp '2001-04-10 12:04:59')
----
4

query T
SELECT extract(week from timestamp '2001-04-10 12:04:59')
----
15

query T
SELECT extract(day from timestamp '2001-04-10 12:04:59')
----
10

query T
SELECT extract(dayofweek from timestamp '2001-04-10 12:04:59')
----
2

query T
SELECT extract(dow from timestamp '2001-04-12 12:04:59')
----
4

query T
SELECT extract(dayofyear from timestamp '2001-04-10 12:04:59')
----
100

query T
SELECT extract(doy from timestamp '2001-04-12 12:04:59')
----
102

query T
SELECT extract(epoch from timestamp '2001-04-10 12:04:59')
----
986904299

query T
SELECT extract(hour from timestamp '2001-04-10 12:04:59')
----
12

query T
SELECT extract(minute from timestamp '2001-04-10 12:04:59')
----
4

query T
SELECT extract(second from timestamp '2001-04-10 12:04:59.234')
----
59

query T
SELECT extract(millisecond from timestamp '2001-04-10 12:04:59.234567')
----
234

query T
SELECT extract(microsecond from timestamp '2001-04-10 12:04:59.34565423')
----
345654

query T
SELECT extract(nanosecond from timestamp '2001-04-10 12:04:59.34565423')
----
345654230

query error extract: unsupported timespan: nansecond
SELECT extract(nansecond from timestamp '2001-04-10 12:04:59.34565423')
----

