statement ok
CREATE TABLE kv (
  k INT PRIMARY KEY,
  v INT,
  UNIQUE INDEX foo (v),
  INDEX bar (k, v)
)

statement ok
CREATE TABLE unindexed (
  k INT PRIMARY KEY,
  v INT
)

statement ok
INSERT INTO kv VALUES (1, 2), (3, 4), (5, 6), (7, 8)

statement ok
INSERT INTO unindexed VALUES (1, 2), (3, 4), (5, 6), (7, 8)

query II
SELECT * FROM kv
----
1 2
3 4
5 6
7 8

statement ok
DELETE FROM kv WHERE k=3 OR v=6

query II
SELECT * FROM kv
----
1 2
7 8

query II
DELETE FROM kv RETURNING k, v
----
1 2
7 8

query II
SELECT * FROM kv
----

query TTTT
EXPLAIN (DEBUG) SELECT * FROM kv
----

query TTTT
EXPLAIN (DEBUG) SELECT * FROM kv@foo
----

query TTTT
EXPLAIN (DEBUG) SELECT * FROM kv@bar
----

statement error column name "nonexistent" not found
DELETE FROM kv WHERE nonexistent = 1

statement ok
DELETE FROM unindexed WHERE k=3 OR v=6

query II
SELECT * FROM unindexed
----
1 2
7 8

query II
DELETE FROM unindexed RETURNING k, v
----
1 2
7 8

query II
SELECT * FROM unindexed
----

statement ok
INSERT INTO unindexed VALUES (1, 2), (3, 4), (5, 6), (7, 8)

query II colnames
DELETE FROM unindexed WHERE k=3 or v=6 RETURNING *
----
k v
3 4
5 6

query II colnames
DELETE FROM unindexed RETURNING unindexed.*
----
k v
1 2
7 8

statement ok
INSERT INTO unindexed VALUES (1, 2), (3, 4), (5, 6), (7, 8)

query II colnames
SELECT k, v FROM unindexed
----
k v
1 2
3 4
5 6
7 8

# Check that EXPLAIN does not destroy data (#6613)
query ITT colnames
EXPLAIN DELETE FROM unindexed
----
Level Type   Description
0     delete
1     scan   unindexed@primary

query II colnames
SELECT k, v FROM unindexed
----
k v
1 2
3 4
5 6
7 8

statement ok
DELETE FROM unindexed

query II colnames
SELECT k, v FROM unindexed
----
k v

statement ok
CREATE TABLE indexed (id int primary key, value int, other int, index (value));

statement ok
DELETE FROM indexed WHERE value = 5;
