statement ok
CREATE TABLE abc (
  a INT,
  b TEXT,
  c FLOAT,
  PRIMARY KEY (a, b),
  UNIQUE INDEX foo (b),
  INDEX bar (a)
)

query ITTB colnames
EXPLAIN (DEBUG) SELECT * FROM abc
----
RowIdx  Key  Value  Output

statement ok
INSERT INTO abc VALUES (1, 'one', 1.1), (2, 'two', NULL), (3, 'three', NULL)

query ITTB
EXPLAIN (DEBUG) SELECT * FROM abc
----
0  /abc/primary/1/'one'    NULL  NULL
0  /abc/primary/1/'one'/c  1.1   true
1  /abc/primary/2/'two'    NULL  true
2  /abc/primary/3/'three'  NULL  true

query ITTB
EXPLAIN (DEBUG) SELECT * FROM abc WHERE a = 2
----
0  /abc/primary/2/'two'  NULL  true

query ITTB
EXPLAIN (DEBUG) SELECT * FROM abc@foo
----
0  /abc/foo/'one'    /1  true
1  /abc/foo/'three'  /3  true
2  /abc/foo/'two'    /2  true

query ITTB
EXPLAIN (DEBUG) SELECT * FROM abc@bar
----
0  /abc/bar/1/'one'    NULL  true
1  /abc/bar/2/'two'    NULL  true
2  /abc/bar/3/'three'  NULL  true

statement ok
UPDATE abc SET c = NULL WHERE a = 1

query ITTB
EXPLAIN (DEBUG) SELECT * FROM abc
----
0  /abc/primary/1/'one'    NULL  true
1  /abc/primary/2/'two'    NULL  true
2  /abc/primary/3/'three'  NULL  true

query ITTB
EXPLAIN (DEBUG) SELECT 3
----
0 NULL NULL true

query ITTB
EXPLAIN (DEBUG) VALUES (1, 2, 3), (4, 5, 6)
----
0 0 (1, 2, 3) true
1 1 (4, 5, 6) true

query ITTB
EXPLAIN (DEBUG) SELECT * FROM (VALUES (1, 2, 3), (4, 5, 6)) AS a;
----
0 0 (1, 2, 3) true
1 1 (4, 5, 6) true

query ITTB
EXPLAIN (DEBUG) SELECT * FROM (SELECT * FROM abc) AS sub WHERE a = 2;
----
0  /abc/primary/1/'one'    NULL  false
1  /abc/primary/2/'two'    NULL  true
2  /abc/primary/3/'three'  NULL  false

query ITTB
EXPLAIN (DEBUG) SELECT * FROM (SELECT * FROM abc WHERE a = 2) AS sub;
----
0  /abc/primary/2/'two'    NULL  true
