statement ok
CREATE TABLE t (
  k INT PRIMARY KEY,
  v INT
)

query ITT colnames
EXPLAIN INSERT INTO t VALUES (1, 2)
----
Level  Type   Description
0      insert
1      values 2 columns

statement ok
INSERT INTO t VALUES (1, 2)

query ITT colnames
EXPLAIN SELECT * FROM t
----
Level  Type  Description
0      scan  t@primary

query ITTT colnames
EXPLAIN (VERBOSE) SELECT * FROM t
----
Level  Type   Description Ordering
0      select                    +k,unique
1      render/filter (k, v)@t    +k,unique
2      scan          t@primary   +k,unique

query ITT colnames
EXPLAIN SELECT * FROM t WHERE k = 1 OR k = 3
----
Level  Type  Description
0      scan  t@primary /1-/2 /3-/4

query ITT colnames
EXPLAIN VALUES (1, 2, 3), (4, 5, 6)
----
Level  Type    Description
0      values  3 columns

query ITT colnames
EXPLAIN VALUES (1)
----
Level  Type    Description
0      values  1 column

query ITT colnames
EXPLAIN SELECT * FROM t LIMIT 1 OFFSET 1
----
Level  Type    Description
0      limit   count: 1, offset:  1
1      scan    t@primary

query ITT colnames
EXPLAIN SELECT DISTINCT * FROM t
----
Level  Type     Description
0      distinct k
1      scan     t@primary

query ITT colnames
EXPLAIN SELECT DISTINCT * FROM t LIMIT 1 OFFSET 1
----
Level  Type     Description
0      limit    count: 1, offset:  1
1      distinct k
2      scan     t@primary

statement ok
CREATE TABLE tc (a INT, b INT, INDEX c(a))

query ITTT colnames
EXPLAIN(VERBOSE) SELECT * FROM tc WHERE a = 10 ORDER BY b
----
Level Type          Description   Ordering
0     select                      +b
1     sort          +b            +b
2     render/filter (a, b)@tc     =a
3     index-join                  =a,+rowid,unique
4     scan          tc@c /10-/11  =a,+rowid,unique
4     scan          tc@primary    +rowid,unique
