statement error table "kv" does not exist
INSERT INTO kv VALUES ('a', 'b')

statement ok
CREATE TABLE kv (
  k CHAR PRIMARY KEY,
  v CHAR,
  UNIQUE INDEX a (v)
)

query TT
SELECT * FROM kv
----

statement ok
INSERT INTO kv VALUES ('A')

statement error missing "k" primary key column
INSERT INTO kv (v) VALUES ('a')

statement ok
INSERT INTO kv (k) VALUES ('nil1')

statement ok
INSERT INTO kv (k) VALUES ('nil2')

statement ok
INSERT INTO kv VALUES ('nil3', NULL)

statement ok
INSERT INTO kv VALUES ('nil4', NULL)

statement ok
INSERT INTO kv (k,v) VALUES ('a', 'b'), ('c', 'd')

statement ok
INSERT INTO kv VALUES ('e', 'f'), ('g', '')

query ITTB
EXPLAIN (DEBUG) SELECT * FROM kv
----
0  /kv/primary/'A'     NULL  true
1  /kv/primary/'a'     NULL  NULL
1  /kv/primary/'a'/v   'b'   true
2  /kv/primary/'c'     NULL  NULL
2  /kv/primary/'c'/v   'd'   true
3  /kv/primary/'e'     NULL  NULL
3  /kv/primary/'e'/v   'f'   true
4  /kv/primary/'g'     NULL  NULL
4  /kv/primary/'g'/v   ''    true
5  /kv/primary/'nil1'  NULL  true
6  /kv/primary/'nil2'  NULL  true
7  /kv/primary/'nil3'  NULL  true
8  /kv/primary/'nil4'  NULL  true

query ITTB
EXPLAIN (DEBUG) SELECT * FROM kv@a
----
0  /kv/a/NULL /'A'     true
1  /kv/a/NULL /'nil1'  true
2  /kv/a/NULL /'nil2'  true
3  /kv/a/NULL /'nil3'  true
4  /kv/a/NULL /'nil4'  true
5  /kv/a/''   /'g'     true
6  /kv/a/'b'  /'a'     true
7  /kv/a/'d'  /'c'     true
8  /kv/a/'f'  /'e'     true

statement error duplicate key value \(v\)=\('f'\) violates unique constraint "a"
INSERT INTO kv VALUES ('e', 'f')

query ITTB
EXPLAIN (DEBUG) SELECT * FROM kv
----
0  /kv/primary/'A'     NULL  true
1  /kv/primary/'a'     NULL  NULL
1  /kv/primary/'a'/v   'b'   true
2  /kv/primary/'c'     NULL  NULL
2  /kv/primary/'c'/v   'd'   true
3  /kv/primary/'e'     NULL  NULL
3  /kv/primary/'e'/v   'f'   true
4  /kv/primary/'g'     NULL  NULL
4  /kv/primary/'g'/v   ''    true
5  /kv/primary/'nil1'  NULL  true
6  /kv/primary/'nil2'  NULL  true
7  /kv/primary/'nil3'  NULL  true
8  /kv/primary/'nil4'  NULL  true

query ITTB
EXPLAIN (DEBUG) SELECT * FROM kv@a
----
0  /kv/a/NULL /'A'     true
1  /kv/a/NULL /'nil1'  true
2  /kv/a/NULL /'nil2'  true
3  /kv/a/NULL /'nil3'  true
4  /kv/a/NULL /'nil4'  true
5  /kv/a/''   /'g'     true
6  /kv/a/'b'  /'a'     true
7  /kv/a/'d'  /'c'     true
8  /kv/a/'f'  /'e'     true

statement ok
INSERT INTO kv VALUES ('f', 'g')

query ITTB
EXPLAIN (DEBUG) SELECT * FROM kv
----
0  /kv/primary/'A'     NULL  true
1  /kv/primary/'a'     NULL  NULL
1  /kv/primary/'a'/v   'b'   true
2  /kv/primary/'c'     NULL  NULL
2  /kv/primary/'c'/v   'd'   true
3  /kv/primary/'e'     NULL  NULL
3  /kv/primary/'e'/v   'f'   true
4  /kv/primary/'f'     NULL  NULL
4  /kv/primary/'f'/v   'g'   true
5  /kv/primary/'g'     NULL  NULL
5  /kv/primary/'g'/v   ''    true
6  /kv/primary/'nil1'  NULL  true
7  /kv/primary/'nil2'  NULL  true
8  /kv/primary/'nil3'  NULL  true
9  /kv/primary/'nil4'  NULL  true

query ITTB
EXPLAIN (DEBUG) SELECT * FROM kv@a
----
0  /kv/a/NULL /'A'     true
1  /kv/a/NULL /'nil1'  true
2  /kv/a/NULL /'nil2'  true
3  /kv/a/NULL /'nil3'  true
4  /kv/a/NULL /'nil4'  true
5  /kv/a/''   /'g'     true
6  /kv/a/'b'  /'a'     true
7  /kv/a/'d'  /'c'     true
8  /kv/a/'f'  /'e'     true
9  /kv/a/'g'  /'f'     true

statement error duplicate key value \(v\)=\('g'\) violates unique constraint "a"
INSERT INTO kv VALUES ('h', 'g')

query ITTB
EXPLAIN (DEBUG) SELECT * FROM kv
----
0  /kv/primary/'A'     NULL  true
1  /kv/primary/'a'     NULL  NULL
1  /kv/primary/'a'/v   'b'   true
2  /kv/primary/'c'     NULL  NULL
2  /kv/primary/'c'/v   'd'   true
3  /kv/primary/'e'     NULL  NULL
3  /kv/primary/'e'/v   'f'   true
4  /kv/primary/'f'     NULL  NULL
4  /kv/primary/'f'/v   'g'   true
5  /kv/primary/'g'     NULL  NULL
5  /kv/primary/'g'/v   ''    true
6  /kv/primary/'nil1'  NULL  true
7  /kv/primary/'nil2'  NULL  true
8  /kv/primary/'nil3'  NULL  true
9  /kv/primary/'nil4'  NULL  true

query ITTB
EXPLAIN (DEBUG) SELECT * FROM kv@a
----
0  /kv/a/NULL /'A'     true
1  /kv/a/NULL /'nil1'  true
2  /kv/a/NULL /'nil2'  true
3  /kv/a/NULL /'nil3'  true
4  /kv/a/NULL /'nil4'  true
5  /kv/a/''   /'g'     true
6  /kv/a/'b'  /'a'     true
7  /kv/a/'d'  /'c'     true
8  /kv/a/'f'  /'e'     true
9  /kv/a/'g'  /'f'     true

query TT
SELECT * FROM kv
----
A    NULL
a    b
c    d
e    f
f    g
g
nil1 NULL
nil2 NULL
nil3 NULL
nil4 NULL

statement ok
CREATE TABLE kv2 (
  k CHAR,
  v CHAR,
  UNIQUE INDEX a (v),
  PRIMARY KEY (k, v)
)

statement ok
INSERT INTO kv2 VALUES ('a', 'b'), ('c', 'd'), ('e', 'f'), ('f', 'g')

query TT
SELECT * FROM kv2
----
a   b
c   d
e   f
f   g

statement ok
CREATE TABLE kv3 (
  k CHAR PRIMARY KEY,
  v CHAR NOT NULL
)

statement error null value in column "v" violates not-null constraint
INSERT INTO kv3 VALUES ('a')

statement error null value in column "v" violates not-null constraint
INSERT INTO kv3 VALUES ('a', NULL)

statement error null value in column "v" violates not-null constraint
INSERT INTO kv3 (k) VALUES ('a')

query TT
SELECT * FROM kv3
----

statement ok
CREATE TABLE kv4 (
  int INT PRIMARY KEY,
  bit BIT,
  bool BOOLEAN,
  char CHAR,
  float FLOAT
)

statement error value type string doesn't match type INT of column "int"
INSERT INTO kv4 (int) VALUES ('a')

statement ok
INSERT INTO kv4 (int) VALUES (1)

statement error value type string doesn't match type INT of column "bit"
INSERT INTO kv4 (int, bit) VALUES (2, 'a')

statement ok
INSERT INTO kv4 (int, bit) VALUES (2, 1)

statement error value type string doesn't match type BOOL of column "bool"
INSERT INTO kv4 (int, bool) VALUES (3, 'a')

statement ok
INSERT INTO kv4 (int, bool) VALUES (3, true)

statement error value type int doesn't match type STRING of column "char"
INSERT INTO kv4 (int, char) VALUES (4, 1)

statement ok
INSERT INTO kv4 (int, char) VALUES (4, 'a')

statement error value type int doesn't match type FLOAT of column "float"
INSERT INTO kv4 (int, float) VALUES (5, 1)

statement ok
INSERT INTO kv4 (int, float) VALUES (5, 2.3)

query TT
SELECT * from kv4
----
1    NULL NULL NULL NULL
2    1    NULL NULL NULL
3    NULL true NULL NULL
4    NULL NULL a    NULL
5    NULL NULL NULL 2.3

statement ok
CREATE TABLE kv5 (
  k CHAR PRIMARY KEY,
  v CHAR,
  UNIQUE INDEX a (v, k)
)

statement ok
INSERT INTO kv5 VALUES('a', NULL)

query ITTB
EXPLAIN (DEBUG) SELECT * FROM kv5@a
----
0 /kv5/a/NULL/'a' true

query ITTB
SELECT * FROM kv5@a
----
NULL a
