statement ok
CREATE TABLE users (
  id    INT PRIMARY KEY,
  name  VARCHAR NOT NULL,
  title VARCHAR,
  CONSTRAINT foo INDEX (name),
  CONSTRAINT bar UNIQUE (id, name)
)

statement ok
INSERT INTO users VALUES (1, 'tom', 'cat'),(2, 'jerry', 'rat')

query ITT colnames
SELECT * FROM users
----
id name  title
1  tom   cat
2  jerry rat

statement error column name "name" already exists
ALTER TABLE users RENAME COLUMN title TO name

statement error empty column name
ALTER TABLE users RENAME COLUMN title TO ""

statement error column "ttle" does not exist
ALTER TABLE users RENAME COLUMN ttle TO species

statement error table "uses" does not exist
ALTER TABLE uses RENAME COLUMN title TO species

statement ok
ALTER TABLE IF EXISTS uses RENAME COLUMN title TO species

statement ok
ALTER TABLE users RENAME COLUMN title TO species

query ITT colnames
SELECT * FROM users
----
id name  species
1  tom   cat
2  jerry rat

user testuser

statement ok
set database to test

statement error user testuser does not have CREATE privilege on table users
ALTER TABLE users RENAME COLUMN name TO username

user root

statement ok
GRANT CREATE ON TABLE users TO testuser

user testuser

statement ok
ALTER TABLE users RENAME COLUMN name TO username

user root

query ITT colnames
SELECT * FROM users
----
id username  species
1  tom       cat
2  jerry     rat
