statement ok
CREATE TABLE test (
  t CHAR(4),
  UNIQUE INDEX a (t)
)

query T
SELECT * FROM test
----

statement ok
INSERT INTO test VALUES ('a')

statement ok
INSERT INTO test VALUES ('ab')

statement ok
INSERT INTO test VALUES ('abcd')

statement error value too large
INSERT INTO test VALUES ('abcdef')

query T
SELECT * FROM test
----
a
ab
abcd

statement ok
UPDATE test SET t = 'b' WHERE t = 'abcde'

statement error value too large
UPDATE test SET t = 'cdefg' WHERE t = 'ab'

query T
SELECT * FROM test
----
a
ab
abcd

statement ok
CREATE TABLE td (
   d DECIMAL(3, 2),
   UNIQUE INDEX b (d)
)

query R
SELECT d::FLOAT FROM td
----

statement ok
INSERT INTO td VALUES (3.14::DECIMAL)

statement error too many decimals
INSERT INTO td VALUES (3.1415::DECIMAL)

query R
SELECT d::FLOAT FROM td
----
3.14

statement error too many decimals
UPDATE td SET d = 1.414::DECIMAL WHERE d = 3.14::DECIMAL

statement ok
UPDATE td SET d = 1.41::DECIMAL WHERE d = 3.14::DECIMAL

query R
SELECT d::FLOAT FROM td
----
1.41
