statement ok
CREATE TABLE t (
  a INT,
  b CHAR,
  c INT,
  d CHAR,
  PRIMARY KEY (a, b),
  INDEX bc (b, c),
  INDEX dc (d, c),
  INDEX a_desc (a DESC)
)

statement ok
INSERT INTO t VALUES
  (1, 'one', 11, 'foo'),
  (2, 'two', 22, 'bar'),
  (3, 'three', 33, 'blah')

query ITTT
EXPLAIN (DEBUG) SELECT * FROM t WHERE a = 2
----
0 /t/primary/2/'two'   NULL  PARTIAL
0 /t/primary/2/'two'/c 22    PARTIAL
0 /t/primary/2/'two'/d 'bar' ROW

query ITTT
EXPLAIN (DEBUG) SELECT * FROM t WHERE a IN (1, 3)
----
0 /t/primary/1/'one'     NULL   PARTIAL
0 /t/primary/1/'one'/c   11     PARTIAL
0 /t/primary/1/'one'/d   'foo'  ROW
1 /t/primary/3/'three'   NULL   PARTIAL
1 /t/primary/3/'three'/c 33     PARTIAL
1 /t/primary/3/'three'/d 'blah' ROW

query ITTT
EXPLAIN (DEBUG) SELECT * FROM t WHERE d = 'foo' OR d = 'bar'
----
0 /t/dc/'bar'/22/2/'two' NULL ROW
1 /t/dc/'foo'/11/1/'one' NULL ROW

query ITTT
EXPLAIN (DEBUG) SELECT * FROM t WHERE (d, c) IN (('foo', 11), ('bar', 22))
----
0 /t/dc/'bar'/22/2/'two' NULL ROW
1 /t/dc/'foo'/11/1/'one' NULL ROW

query ITTT
EXPLAIN (DEBUG) SELECT * FROM t WHERE (d, c) = ('foo', 11)
----
0 /t/dc/'foo'/11/1/'one' NULL ROW

query ITTT
EXPLAIN (DEBUG) SELECT * FROM t WHERE a < 2
----
0 /t/primary/1/'one'   NULL  PARTIAL
0 /t/primary/1/'one'/c 11    PARTIAL
0 /t/primary/1/'one'/d 'foo' ROW

query ITTT
EXPLAIN (DEBUG) SELECT * FROM t WHERE a <= (1 + 1)
----
0 /t/primary/1/'one'   NULL  PARTIAL
0 /t/primary/1/'one'/c 11    PARTIAL
0 /t/primary/1/'one'/d 'foo' ROW
1 /t/primary/2/'two'   NULL  PARTIAL
1 /t/primary/2/'two'/c 22    PARTIAL
1 /t/primary/2/'two'/d 'bar' ROW

query ITTT
EXPLAIN (DEBUG) SELECT a, b FROM t WHERE b > 't'
----
0 /t/bc/'three'/33/3 NULL ROW
1 /t/bc/'two'/22/2   NULL ROW

query ITTT
EXPLAIN (DEBUG) SELECT * FROM t WHERE d < ('b' || 'l')
----
0 /t/dc/'bar'/22/2/'two' NULL ROW

# The where-clause does not contain columns matching a prefix of any
# index. Note that the index "dc" was chosen because it contains fewer
# keys per row than the primary key index while still containing all
# of the needed columns.
query ITTT
EXPLAIN (DEBUG) SELECT * FROM t WHERE c = 22
----
0 /t/dc/'bar'/22/2/'two'    NULL ROW
1 /t/dc/'blah'/33/3/'three' NULL FILTERED
2 /t/dc/'foo'/11/1/'one'    NULL FILTERED

# Use the descending index
query ITTT
EXPLAIN (DEBUG) SELECT a FROM t ORDER BY a DESC
----
0  /t/a_desc/3/'three'  NULL  ROW
1  /t/a_desc/2/'two'    NULL  ROW
2  /t/a_desc/1/'one'    NULL  ROW

# Use the descending index with multiple spans.
query ITTT
EXPLAIN (DEBUG) SELECT a FROM t WHERE a in (2, 3) ORDER BY a DESC
----
0  /t/a_desc/3/'three'  NULL  ROW
1  /t/a_desc/2/'two'    NULL  ROW

statement ok
TRUNCATE TABLE t

statement ok
INSERT INTO t VALUES
  (1, 'a', NULL, NULL),
  (1, 'b', NULL, NULL),
  (1, 'c', NULL, NULL)

query ITTT
EXPLAIN (DEBUG) SELECT * FROM t WHERE a = 1 AND b > 'b'
----
0 /t/primary/1/'c' NULL ROW

query ITTT
EXPLAIN (DEBUG) SELECT * FROM t WHERE a > 0 AND b > 'b'
----
0 /t/primary/1/'c' NULL ROW

query ITTT
EXPLAIN (DEBUG) SELECT * FROM t WHERE a > 1 AND b > 'b'
----

query ITT
EXPLAIN SELECT * FROM t WHERE a > 1 AND a < 2
----
0 empty -

query ITTT
EXPLAIN (DEBUG) SELECT * FROM t WHERE a = 1 AND 'a' < b AND 'c' > b
----
0 /t/primary/1/'b' NULL ROW

statement ok
DROP TABLE t

statement ok
CREATE TABLE t (
  a INT PRIMARY KEY,
  b INT,
  INDEX ab (a, b)
)

statement ok
INSERT INTO t VALUES (1, 2), (3, 4), (5, 6)

query ITTT
EXPLAIN (DEBUG) SELECT * FROM t@ab WHERE a >= 3 AND a < 5
----
0 /t/ab/3/4 NULL ROW

query ITTT
EXPLAIN (DEBUG) SELECT * FROM t@ab WHERE a BETWEEN 3 AND 4
----
0 /t/ab/3/4 NULL ROW

query ITTT
EXPLAIN (DEBUG) SELECT * FROM t@ab WHERE a BETWEEN 3 AND 5
----
0 /t/ab/3/4 NULL ROW
1 /t/ab/5/6 NULL ROW

query ITTT
EXPLAIN (DEBUG) SELECT * FROM t@ab WHERE a < 2 OR a < 4
----
0 /t/ab/1/2 NULL ROW
1 /t/ab/3/4 NULL ROW

query ITTT
EXPLAIN (DEBUG) SELECT * FROM t@ab WHERE a < 3 OR a <= 3
----
0 /t/ab/1/2 NULL ROW
1 /t/ab/3/4 NULL ROW

query ITTT
EXPLAIN (DEBUG) SELECT * FROM t@ab WHERE a <= 3 OR a < 3
----
0 /t/ab/1/2 NULL ROW
1 /t/ab/3/4 NULL ROW

query ITTT
EXPLAIN (DEBUG) SELECT * FROM t@ab WHERE a > 3 OR a >= 3
----
0 /t/ab/3/4 NULL ROW
1 /t/ab/5/6 NULL ROW

query ITTT
EXPLAIN (DEBUG) SELECT * FROM t@ab WHERE a >= 3 OR a > 3
----
0 /t/ab/3/4 NULL ROW
1 /t/ab/5/6 NULL ROW

query ITTT
EXPLAIN (DEBUG) SELECT * FROM t@ab WHERE a = 3 OR a = 5
----
0 /t/ab/3/4 NULL ROW
1 /t/ab/5/6 NULL ROW

query ITTT
EXPLAIN (DEBUG) SELECT * FROM t@ab WHERE a < 3 OR a > 3
----
0 /t/ab/1/2 NULL ROW
1 /t/ab/3/4 NULL FILTERED
2 /t/ab/5/6 NULL ROW

query ITTT
EXPLAIN (DEBUG) SELECT * FROM t@ab WHERE a + 1 = 4
----
0 /t/ab/3/4 NULL ROW

query ITT
EXPLAIN SELECT * FROM t WHERE a = 1 AND false
----
0 empty -

# Make sure that mixed type comparison operations are not used
# for selecting indexes.

statement ok
DROP TABLE t

statement ok
CREATE TABLE t (
  a INT PRIMARY KEY,
  b INT,
  c INT,
  INDEX b_desc (b DESC),
  INDEX bc (b, c)
)

statement ok
INSERT INTO t VALUES (1, 2, 3), (3, 4, 5), (5, 6, 7)

query I
SELECT a FROM t WHERE a < 4.0
----
3
1

query I
SELECT b FROM t WHERE c > 4.0 AND a < 4
----
4

query ITT
EXPLAIN SELECT a FROM t WHERE c > 1
----
0 scan t@bc -

query ITT
EXPLAIN SELECT a FROM t WHERE c < 1 AND b < 5
----
0 scan t@bc /#-/4/1

query ITT
EXPLAIN SELECT a FROM t WHERE c > 1.0
----
0 scan t@bc -

query ITT
EXPLAIN SELECT a FROM t WHERE c < 1.0
----
0 scan t@bc -

query ITT
EXPLAIN SELECT a FROM t WHERE c > 1.0 AND b < 5
----
0 scan t@bc /#-/5

query ITT
EXPLAIN SELECT a FROM t WHERE b < 5.0 AND c < 1
----
0 scan t@bc -

query ITT
EXPLAIN SELECT a FROM t WHERE (b, c) = (5, 1)
----
0 scan t@bc /5/1-/5/2

query ITT
EXPLAIN SELECT a FROM t WHERE (b, c) = (5.0, 1)
----
0 scan t@bc -

query ITT
EXPLAIN SELECT a FROM t WHERE b IN (5.0, 1)
----
0 scan t@b_desc -

statement ok
CREATE TABLE abcd (
  a INT,
  b INT,
  c INT,
  d INT,
  INDEX adb (a, d, b),
  INDEX abcd (a, b, c, d)
)

# Verify that we prefer the index where more columns are constrained, even if it
# has more keys per row.
query ITT
EXPLAIN SELECT b FROM abcd WHERE (a, b) = (1, 4)
----
0 scan abcd@abcd /1/4-/1/5

query ITT
EXPLAIN SELECT b FROM abcd WHERE (a, b) IN ((1, 4), (2, 9))
----
0 scan abcd@abcd /1/4-/1/5 /2/9-/2/10
