query BBBBBBBBB
SELECT
	(2, 2) < (1, 1),
	(2, 2) < (1, 2),
	(2, 2) < (1, 3),
	(2, 2) < (2, 1),
	(2, 2) < (2, 2),
	(2, 2) < (2, 3),
	(2, 2) < (3, 1),
	(2, 2) < (3, 2),
	(2, 2) < (3, 3)
----
false false false false false true true true true

query BBBBBBBBB
SELECT
	(2, 2) > (1, 1),
	(2, 2) > (1, 2),
	(2, 2) > (1, 3),
	(2, 2) > (2, 1),
	(2, 2) > (2, 2),
	(2, 2) > (2, 3),
	(2, 2) > (3, 1),
	(2, 2) > (3, 2),
	(2, 2) > (3, 3)
----
true true true true false false false false false

query BBBBBBBBB
SELECT
	(2, 2) <= (1, 1),
	(2, 2) <= (1, 2),
	(2, 2) <= (1, 3),
	(2, 2) <= (2, 1),
	(2, 2) <= (2, 2),
	(2, 2) <= (2, 3),
	(2, 2) <= (3, 1),
	(2, 2) <= (3, 2),
	(2, 2) <= (3, 3)
----
false false false false true true true true true

query BBBBBBBBB
SELECT
	(2, 2) >= (1, 1),
	(2, 2) >= (1, 2),
	(2, 2) >= (1, 3),
	(2, 2) >= (2, 1),
	(2, 2) >= (2, 2),
	(2, 2) >= (2, 3),
	(2, 2) >= (3, 1),
	(2, 2) >= (3, 2),
	(2, 2) >= (3, 3)
----
true true true true true false false false false

query BBBBBBBBB
SELECT
	(2, 2) = (1, 1),
	(2, 2) = (1, 2),
	(2, 2) = (1, 3),
	(2, 2) = (2, 1),
	(2, 2) = (2, 2),
	(2, 2) = (2, 3),
	(2, 2) = (3, 1),
	(2, 2) = (3, 2),
	(2, 2) = (3, 3)
----
false false false false true false false false false

query BBBBBBBBB
SELECT
	(2, 2) != (1, 1),
	(2, 2) != (1, 2),
	(2, 2) != (1, 3),
	(2, 2) != (2, 1),
	(2, 2) != (2, 2),
	(2, 2) != (2, 3),
	(2, 2) != (3, 1),
	(2, 2) != (3, 2),
	(2, 2) != (3, 3)
----
true true true true false true true true true

statement error pq: unsupported comparison operator: <string> = <int>
SELECT (1, 2) > (1, 'hi')

statement error pq: unequal number of entries in tuple expressions: 3, 2
SELECT (1, 2) > (1, 2, 3)

statement ok
CREATE TABLE t (a int, b int, c int)

statement ok
INSERT INTO t VALUES (1, 2, 3), (2, 3, 1), (3, 1, 2)

query III
SELECT * FROM t ORDER BY a, b, c
----
1 2 3
2 3 1
3 1 2

query III
SELECT * FROM t WHERE (a, b, c) > (1, 2, 3) ORDER BY a, b, c
----
2 3 1
3 1 2
