statement ok
CREATE TABLE kv (
  k INT PRIMARY KEY,
  v INT
)

statement ok
INSERT INTO kv VALUES (1, 2), (3, 4), (5, 6), (7, 8)

statement ok
UPDATE kv SET v = 9 WHERE k IN (1, 3)

query II
SELECT * FROM kv
----
1 9
3 9
5 6
7 8

statement ok
UPDATE kv SET v = k + v

query II
SELECT * FROM kv
----
1 10
3 12
5 11
7 15

statement error column "m" does not exist
UPDATE kv SET m = 9 WHERE k IN (1, 3)

statement error primary key column "k" cannot be updated
UPDATE kv SET k = 9 WHERE k IN (1, 3)

statement ok
CREATE TABLE kv2 (
  k CHAR PRIMARY KEY,
  v CHAR,
  UNIQUE INDEX a (v)
)

statement ok
INSERT INTO kv2 VALUES ('a', 'b'), ('c', 'd'), ('e', 'f'), ('f', 'g')

query TT
SELECT * FROM kv2
----
a   b
c   d
e   f
f   g

query ITTT
EXPLAIN (DEBUG) SELECT * FROM kv2
----
0  /kv2/primary/'a'    NULL  PARTIAL
0  /kv2/primary/'a'/v  'b'   ROW
1  /kv2/primary/'c'    NULL  PARTIAL
1  /kv2/primary/'c'/v  'd'   ROW
2  /kv2/primary/'e'    NULL  PARTIAL
2  /kv2/primary/'e'/v  'f'   ROW
3  /kv2/primary/'f'    NULL  PARTIAL
3  /kv2/primary/'f'/v  'g'   ROW

query ITTT
EXPLAIN (DEBUG) SELECT * FROM kv2@a
----
0  /kv2/a/'b'  /'a'  ROW
1  /kv2/a/'d'  /'c'  ROW
2  /kv2/a/'f'  /'e'  ROW
3  /kv2/a/'g'  /'f'  ROW


statement error duplicate key value \(v\)=\('g'\) violates unique constraint "a"
UPDATE kv2 SET v = 'g' WHERE k IN ('a')

query ITTT
EXPLAIN (DEBUG) SELECT * FROM kv2
----
0  /kv2/primary/'a'    NULL  PARTIAL
0  /kv2/primary/'a'/v  'b'   ROW
1  /kv2/primary/'c'    NULL  PARTIAL
1  /kv2/primary/'c'/v  'd'   ROW
2  /kv2/primary/'e'    NULL  PARTIAL
2  /kv2/primary/'e'/v  'f'   ROW
3  /kv2/primary/'f'    NULL  PARTIAL
3  /kv2/primary/'f'/v  'g'   ROW

query ITTT
EXPLAIN (DEBUG) SELECT * FROM kv2@a
----
0  /kv2/a/'b'  /'a'  ROW
1  /kv2/a/'d'  /'c'  ROW
2  /kv2/a/'f'  /'e'  ROW
3  /kv2/a/'g'  /'f'  ROW

statement ok
UPDATE kv2 SET v = 'i' WHERE k IN ('a')

query TT
SELECT * FROM kv2
----
a   i
c   d
e   f
f   g

statement ok
UPDATE kv2 SET v = 'b' WHERE k IN ('a')

query TT
SELECT * FROM kv2
----
a   b
c   d
e   f
f   g

statement ok
CREATE TABLE kv3 (
  k CHAR PRIMARY KEY,
  v CHAR NOT NULL
)

statement ok
INSERT INTO kv3 VALUES ('a', 'b')

statement error null value in column "v" violates not-null constraint
UPDATE kv3 SET v = NULL WHERE k = 'a'

query TT
SELECT * FROM kv3
----
a   b

statement error qualified name "nonexistent" not found
UPDATE kv3 SET v = NULL WHERE nonexistent = 'a'

statement ok
CREATE TABLE abc (
  a INT PRIMARY KEY,
  b INT,
  c INT
)

statement ok
INSERT INTO abc VALUES (1, 2, 3)

statement error number of columns \(2\) does not match number of values \(1\)
UPDATE abc SET (b, c) = (4)

statement error subquery must return 2 columns, found 1
UPDATE abc SET (b, c) = (SELECT 4)

statement ok
UPDATE abc SET (b, c) = (4, 5)

query III
SELECT * FROM abc
----
1 4 5

statement ok
UPDATE abc SET (b, c) = (SELECT 6, 7)

query III
SELECT * FROM abc
----
1 6 7

query III colnames
UPDATE abc SET (b, c) = (VALUES (8, 9)) RETURNING abc.b, c, 4
----
b c 4
8 9 4

query III colnames
UPDATE abc SET (b, c) = (VALUES (8, 9)) RETURNING b as col1, c as col2, 4 as col3
----
col1 col2 col3
8    9    4

query I colnames
UPDATE abc SET (b, c) = (VALUES (8, 9)) RETURNING a
----
a
1

query IIII colnames
UPDATE abc SET (b, c) = (VALUES (5, 6)) RETURNING a, b, c, 4
----
a b c 4
1 5 6 4

query III colnames
UPDATE abc SET (b, c) = (VALUES (7, 8)) RETURNING *
----
a b c
1 7 8

query IIII colnames
UPDATE abc SET (b, c) = (VALUES (7, 8)) RETURNING *, 4
----
a b c 4
1 7 8 4

query III colnames
UPDATE abc SET (b, c) = (VALUES (8, 9)) RETURNING abc.*
----
a b c
1 8 9

statement error pq: "abc.*" cannot be aliased
UPDATE abc SET (b, c) = (VALUES (8, 9)) RETURNING abc.* as x

query III
SELECT * FROM abc
----
1 8 9

statement error multiple assignments to same column "b"
UPDATE abc SET b = 10, b = 11

statement error multiple assignments to same column "b"
UPDATE abc SET (b, b) = (10, 11)

statement error multiple assignments to same column "b"
UPDATE abc SET (b, c) = (10, 11), b = 12
