statement ok
CREATE TABLE kv (
  k INT PRIMARY KEY,
  v INT
)

statement ok
INSERT INTO kv VALUES (1, 2), (3, 4), (5, 6), (7, 8)

statement ok
UPDATE kv SET v = 9 WHERE k IN (1, 3)

query II
SELECT * FROM kv
----
1 9
3 9
5 6
7 8

statement error column "m" does not exist
UPDATE kv SET m = 9 WHERE k IN (1, 3)

statement error primary key column "k" cannot be updated
UPDATE kv SET k = 9 WHERE k IN (1, 3)

statement ok
CREATE TABLE kv2 (
  k CHAR PRIMARY KEY,
  v CHAR,
  CONSTRAINT a UNIQUE (v)
)

statement ok
INSERT INTO kv2 VALUES ('a', 'b'), ('c', 'd'), ('e', 'f'), ('f', 'g')

query TT
SELECT * FROM kv2
----
a   b
c   d
e   f
f   g

query ITTB
EXPLAIN (DEBUG) SELECT * FROM kv2
----
0  /kv2/primary/'a'    NULL  NULL
0  /kv2/primary/'a'/v  'b'   true
1  /kv2/primary/'c'    NULL  NULL
1  /kv2/primary/'c'/v  'd'   true
2  /kv2/primary/'e'    NULL  NULL
2  /kv2/primary/'e'/v  'f'   true
3  /kv2/primary/'f'    NULL  NULL
3  /kv2/primary/'f'/v  'g'   true

query ITTB
EXPLAIN (DEBUG) SELECT * FROM kv2@a
----
0  /kv2/a/'b'  /'a'  true
1  /kv2/a/'d'  /'c'  true
2  /kv2/a/'f'  /'e'  true
3  /kv2/a/'g'  /'f'  true


# TODO(tschottdorf): #1891, then:
# statement error duplicate key value \(v\)=\('g'\) violates unique constraint "a"
statement error unexpected value.*
UPDATE kv2 SET v = 'g' WHERE k IN ('a')

query ITTB
EXPLAIN (DEBUG) SELECT * FROM kv2
----
0  /kv2/primary/'a'    NULL  NULL
0  /kv2/primary/'a'/v  'b'   true
1  /kv2/primary/'c'    NULL  NULL
1  /kv2/primary/'c'/v  'd'   true
2  /kv2/primary/'e'    NULL  NULL
2  /kv2/primary/'e'/v  'f'   true
3  /kv2/primary/'f'    NULL  NULL
3  /kv2/primary/'f'/v  'g'   true

query ITTB
EXPLAIN (DEBUG) SELECT * FROM kv2@a
----
0  /kv2/a/'b'  /'a'  true
1  /kv2/a/'d'  /'c'  true
2  /kv2/a/'f'  /'e'  true
3  /kv2/a/'g'  /'f'  true

statement ok
UPDATE kv2 SET v = 'i' WHERE k IN ('a')

query TT
SELECT * FROM kv2
----
a   i
c   d
e   f
f   g

statement ok
UPDATE kv2 SET v = 'b' WHERE k IN ('a')

query TT
SELECT * FROM kv2
----
a   b
c   d
e   f
f   g

statement ok
CREATE TABLE kv3 (
  k CHAR PRIMARY KEY,
  v CHAR NOT NULL
)

statement ok
INSERT INTO kv3 VALUES ('a', 'b')

statement error null value in column "v" violates not-null constraint
UPDATE kv3 SET v = NULL WHERE k = 'a'

query TT
SELECT * FROM kv3
----
a   b

statement error qualified name "kv3.nonexistent" not found
UPDATE kv3 SET v = NULL WHERE nonexistent = 'a'
