statement ok
CREATE TABLE kv (
  k INT PRIMARY KEY,
  v INT
)

statement ok
INSERT INTO kv VALUES (1, 2), (3, 4), (5, 6), (7, 8)

query II
SELECT * FROM kv WHERE k IN (1, 3)
----
1 2
3 4

query II
SELECT * FROM kv WHERE v IN (6)
----
5 6
